timestamp,price,volume
2023-06-30T00:00:00Z,30185.97,34596758364
2023-06-30T01:00:00Z,30335.35,36165935553
2023-06-30T02:00:00Z,30240.07,34252599799
2023-06-30T03:00:00Z,30427.97,35946810390
2023-06-30T04:00:00Z,30445.78,33785228905
2023-06-30T05:00:00Z,30368.25,33527194293
2023-06-30T06:00:00Z,30593.58,35171732275
2023-06-30T07:00:00Z,30450.74,36250471982
2023-06-30T08:00:00Z,30490.49,34368519645
2023-06-30T09:00:00Z,30585.99,35022117465
2023-06-30T10:00:00Z,30688.62,35022228184
2023-06-30T11:00:00Z,30414.16,35838978050
2023-06-30T12:00:00Z,30591.69,33460786568
2023-06-30T13:00:00Z,30891.25,35586830240
2023-06-30T14:00:00Z,30637.17,34600258750
2023-06-30T15:00:00Z,30709.94,36713210613
2023-06-30T16:00:00Z,31012.35,36399220348
2023-06-30T17:00:00Z,31089.25,34225109395
2023-06-30T18:00:00Z,31351.47,36500864507
2023-06-30T19:00:00Z,31084.62,33607600619
2023-06-30T20:00:00Z,30991.12,33822447497
2023-06-30T21:00:00Z,31298.76,35509643631
2023-06-30T22:00:00Z,31453.51,34991688794
2023-06-30T23:00:00Z,31240.08,34443088819
2023-07-01T00:00:00Z,31528.67,34543433589
2023-07-01T01:00:00Z,31448.8,33835707751
2023-07-01T02:00:00Z,31474.82,36721644075
2023-07-01T03:00:00Z,31335.58,36542002891
2023-07-01T04:00:00Z,31233.71,35002040014
2023-07-01T05:00:00Z,31008.65,33260810262
2023-07-01T06:00:00Z,31042.08,33803663847
2023-07-01T07:00:00Z,30827.35,33868932837
2023-07-01T08:00:00Z,31054.02,36475471053
2023-07-01T09:00:00Z,31356.04,35155973198
2023-07-01T10:00:00Z,31410.53,36531500079
2023-07-01T11:00:00Z,31702.94,33377425315
2023-07-01T12:00:00Z,31406.98,36565942640
2023-07-01T13:00:00Z,31538.74,35190157260
2023-07-01T14:00:00Z,31782.62,33305009372
2023-07-01T15:00:00Z,31742.78,33329792669
2023-07-01T16:00:00Z,32043.65,35107856170
2023-07-01T17:00:00Z,32094.87,35170274145
2023-07-01T18:00:00Z,31959.02,35088386354
2023-07-01T19:00:00Z,31711.32,36263235713
2023-07-01T20:00:00Z,31446.7,34636853904
2023-07-01T21:00:00Z,31584.39,34026567336
2023-07-01T22:00:00Z,31390.77,33956299765
2023-07-01T23:00:00Z,31606.87,36183305998
2023-07-02T00:00:00Z,31786.69,36377532530
2023-07-02T01:00:00Z,31619.65,34361933757
2023-07-02T02:00:00Z,31583.07,35630504966
2023-07-02T03:00:00Z,31288.42,36650358794
2023-07-02T04:00:00Z,31131.74,33865305329
2023-07-02T05:00:00Z,31405.2,33664912441
2023-07-02T06:00:00Z,31336.96,36197518570
2023-07-02T07:00:00Z,31361.99,36732806025
2023-07-02T08:00:00Z,31507.96,35781912171
2023-07-02T09:00:00Z,31426.05,33666331967
2023-07-02T10:00:00Z,31716.21,34501117998
2023-07-02T11:00:00Z,31487.13,35928214229
2023-07-02T12:00:00Z,31212.96,35753547969
2023-07-02T13:00:00Z,31083.59,35450351979
2023-07-02T14:00:00Z,30892.62,35678968073
2023-07-02T15:00:00Z,30854.72,36591336699
2023-07-02T16:00:00Z,30989.5,33967483757
2023-07-02T17:00:00Z,31158.99,33945472715
2023-07-02T18:00:00Z,30854.22,34216635020
2023-07-02T19:00:00Z,30553.9,34088721272
2023-07-02T20:00:00Z,30682.52,36740132930
2023-07-02T21:00:00Z,30644.33,35077219355
2023-07-02T22:00:00Z,30857.21,36254966035
2023-07-02T23:00:00Z,30923.93,34247375377
2023-07-03T00:00:00Z,30993.0,33965000986
2023-07-03T01:00:00Z,30800.79,34358589822
2023-07-03T02:00:00Z,31091.98,35649168221
2023-07-03T03:00:00Z,31114.19,34925152670
2023-07-03T04:00:00Z,30876.29,35505060661
2023-07-03T05:00:00Z,31165.45,35036640347
2023-07-03T06:00:00Z,31056.69,34907744284
2023-07-03T07:00:00Z,31262.59,33269218792
2023-07-03T08:00:00Z,31243.9,34085168556
2023-07-03T09:00:00Z,31269.27,35297568744
2023-07-03T10:00:00Z,31410.53,34688655243
2023-07-03T11:00:00Z,31341.42,35676799261
2023-07-03T12:00:00Z,31262.65,33478526915
2023-07-03T13:00:00Z,31538.16,34391159264
2023-07-03T14:00:00Z,31328.29,34270917852
2023-07-03T15:00:00Z,31262.39,34066127511
2023-07-03T16:00:00Z,31397.48,34364844760
2023-07-03T17:00:00Z,31115.59,34458266426
2023-07-03T18:00:00Z,30940.31,33971702359
2023-07-03T19:00:00Z,30678.88,34385287994
2023-07-03T20:00:00Z,30455.25,33992953548
2023-07-03T21:00:00Z,30409.74,34046039491
2023-07-03T22:00:00Z,30141.62,34267953033
2023-07-03T23:00:00Z,29903.85,35119230684
2023-07-04T00:00:00Z,29628.67,36659843626
2023-07-04T01:00:00Z,29420.93,34660931458
2023-07-04T02:00:00Z,29616.08,34162219306
2023-07-04T03:00:00Z,29461.36,33614819382
2023-07-04T04:00:00Z,29550.6,35661643372
2023-07-04T05:00:00Z,29401.19,36175039627
2023-07-04T06:00:00Z,29351.5,35111216514
2023-07-04T07:00:00Z,29176.23,35562589627
2023-07-04T08:00:00Z,29331.07,35531141877
2023-07-04T09:00:00Z,29064.02,33390261757
2023-07-04T10:00:00Z,29294.39,36506037612
2023-07-04T11:00:00Z,29524.04,33348344259
2023-07-04T12:00:00Z,29305.52,35216726438
2023-07-04T13:00:00Z,29433.09,35589038398
2023-07-04T14:00:00Z,29507.82,33607508805
2023-07-04T15:00:00Z,29685.73,34880623341
2023-07-04T16:00:00Z,29740.67,34978278140
2023-07-04T17:00:00Z,29508.28,36219074072
2023-07-04T18:00:00Z,29749.27,34495608429
2023-07-04T19:00:00Z,29454.08,34636298155
2023-07-04T20:00:00Z,29184.5,36321662416
2023-07-04T21:00:00Z,28914.94,33692040058
2023-07-04T22:00:00Z,28630.1,35550911627
2023-07-04T23:00:00Z,28565.53,35524340250
2023-07-05T00:00:00Z,28448.09,36046166031
2023-07-05T01:00:00Z,28568.84,36693298855
2023-07-05T02:00:00Z,28586.54,35171237441
2023-07-05T03:00:00Z,28333.76,36239177576
2023-07-05T04:00:00Z,28499.75,35972587011
2023-07-05T05:00:00Z,28540.03,36746400244
2023-07-05T06:00:00Z,28600.34,36053623846
2023-07-05T07:00:00Z,28790.59,36694291039
2023-07-05T08:00:00Z,29060.35,33986539007
2023-07-05T09:00:00Z,29327.29,34705709376
2023-07-05T10:00:00Z,29550.49,33777650517
2023-07-05T11:00:00Z,29286.41,36074711819
2023-07-05T12:00:00Z,29463.84,35492203616
2023-07-05T13:00:00Z,29203.03,33260413870
2023-07-05T14:00:00Z,28958.87,34417487196
2023-07-05T15:00:00Z,29045.33,33873322345
2023-07-05T16:00:00Z,29320.52,33370298039
2023-07-05T17:00:00Z,29162.36,33689929803
2023-07-05T18:00:00Z,29098.93,33832872197
2023-07-05T19:00:00Z,29235.12,34505329944
2023-07-05T20:00:00Z,29172.2,35737321665
2023-07-05T21:00:00Z,29401.18,35250774783
2023-07-05T22:00:00Z,29148.46,34908329900
2023-07-05T23:00:00Z,29191.98,35769871087
2023-07-06T00:00:00Z,29169.07,34375934149
2023-07-06T01:00:00Z,28918.42,33844753593
2023-07-06T02:00:00Z,28660.02,36341978390
2023-07-06T03:00:00Z,28505.11,34298934533
2023-07-06T04:00:00Z,28448.8,36271252057
2023-07-06T05:00:00Z,28401.06,35233801442
2023-07-06T06:00:00Z,28648.75,36183756020
2023-07-06T07:00:00Z,28586.92,34107889616
2023-07-06T08:00:00Z,28777.12,33898914035
2023-07-06T09:00:00Z,28962.24,34979966119
2023-07-06T10:00:00Z,29040.8,33672188719
2023-07-06T11:00:00Z,28778.72,34585701972
2023-07-06T12:00:00Z,28613.9,33524339611
2023-07-06T13:00:00Z,28602.07,35297217976
2023-07-06T14:00:00Z,28364.68,35626029355
2023-07-06T15:00:00Z,28519.38,36257429145
2023-07-06T16:00:00Z,28376.55,33657560610
2023-07-06T17:00:00Z,28334.43,34207827408
2023-07-06T18:00:00Z,28415.49,33357867656
2023-07-06T19:00:00Z,28574.09,33729778080
2023-07-06T20:00:00Z,28819.69,35917710751
2023-07-06T21:00:00Z,28667.61,35624845335
2023-07-06T22:00:00Z,28610.73,35068737338
2023-07-06T23:00:00Z,28413.22,36255652111
2023-07-07T00:00:00Z,28659.39,36660360704
2023-07-07T01:00:00Z,28741.4,33619202363
2023-07-07T02:00:00Z,28901.79,35253918339
2023-07-07T03:00:00Z,29046.78,33930415074
2023-07-07T04:00:00Z,28829.5,33983912483
2023-07-07T05:00:00Z,28825.22,35526194262
2023-07-07T06:00:00Z,28586.98,33763985431
2023-07-07T07:00:00Z,28545.07,35588105639
2023-07-07T08:00:00Z,28265.1,34555451674
2023-07-07T09:00:00Z,28327.85,36115834803
2023-07-07T10:00:00Z,28467.52,34208672816
2023-07-07T11:00:00Z,28451.65,34151537370
2023-07-07T12:00:00Z,28292.11,35661050817
2023-07-07T13:00:00Z,28129.91,36189886929
2023-07-07T14:00:00Z,27876.5,34017862908
2023-07-07T15:00:00Z,28069.75,33267139031
2023-07-07T16:00:00Z,28222.75,36729320444
2023-07-07T17:00:00Z,28461.17,35621982743
2023-07-07T18:00:00Z,28724.91,35330602657
2023-07-07T19:00:00Z,28833.8,33662857211
2023-07-07T20:00:00Z,29082.57,33425937400
2023-07-07T21:00:00Z,29014.71,34667077052
2023-07-07T22:00:00Z,29269.32,34191221599
2023-07-07T23:00:00Z,29157.58,33748162122
2023-07-08T00:00:00Z,29102.29,34219582821
2023-07-08T01:00:00Z,29101.05,34319020571
2023-07-08T02:00:00Z,29239.65,34844514036
2023-07-08T03:00:00Z,29079.75,35207395176
2023-07-08T04:00:00Z,29253.17,35042155758
2023-07-08T05:00:00Z,29211.65,36121316428
2023-07-08T06:00:00Z,29018.49,34676051351
2023-07-08T07:00:00Z,29306.66,34608794758
2023-07-08T08:00:00Z,29362.11,34829938554
2023-07-08T09:00:00Z,29301.33,36344479947
2023-07-08T10:00:00Z,29214.8,35403276907
2023-07-08T11:00:00Z,29127.36,33690933078
2023-07-08T12:00:00Z,28934.83,36060081564
2023-07-08T13:00:00Z,28790.09,33379364239
2023-07-08T14:00:00Z,28506.96,34378364145
2023-07-08T15:00:00Z,28340.27,35093995645
2023-07-08T16:00:00Z,28277.14,35893745465
2023-07-08T17:00:00Z,28206.44,34148672600
2023-07-08T18:00:00Z,27984.72,33405974213
2023-07-08T19:00:00Z,27881.21,36238416377
2023-07-08T20:00:00Z,27602.89,34663813932
2023-07-08T21:00:00Z,27685.74,36642140774
2023-07-08T22:00:00Z,27776.96,35106505011
2023-07-08T23:00:00Z,27701.03,36449469205
2023-07-09T00:00:00Z,27863.22,34142782479
2023-07-09T01:00:00Z,27701.79,36312251626
2023-07-09T02:00:00Z,27620.17,36586175543
2023-07-09T03:00:00Z,27406.9,33540976276
2023-07-09T04:00:00Z,27277.62,36031788684
2023-07-09T05:00:00Z,27043.31,34594051082
2023-07-09T06:00:00Z,26882.12,35784806800
2023-07-09T07:00:00Z,26667.99,35055140563
2023-07-09T08:00:00Z,26905.0,35198241658
2023-07-09T09:00:00Z,26704.88,35919562095
2023-07-09T10:00:00Z,26952.39,34533893140
2023-07-09T11:00:00Z,26760.15,33419028146
2023-07-09T12:00:00Z,26828.04,34747463174
2023-07-09T13:00:00Z,27044.96,35954888849
2023-07-09T14:00:00Z,27089.13,36735763661
2023-07-09T15:00:00Z,26886.11,35307653665
2023-07-09T16:00:00Z,27027.68,34337464099
2023-07-09T17:00:00Z,26905.86,33755915772
2023-07-09T18:00:00Z,27166.85,33423060956
2023-07-09T19:00:00Z,27291.39,34659875535
2023-07-09T20:00:00Z,27394.72,35104769125
2023-07-09T21:00:00Z,27228.59,36429866665
2023-07-09T22:00:00Z,27338.0,36314791388
2023-07-09T23:00:00Z,27067.07,36377016259
2023-07-10T00:00:00Z,27298.2,36208900352
2023-07-10T01:00:00Z,27455.97,36571681047
2023-07-10T02:00:00Z,27727.73,33493346106
2023-07-10T03:00:00Z,27667.15,36363667404
2023-07-10T04:00:00Z,27524.27,35600182370
2023-07-10T05:00:00Z,27543.67,35311910301
2023-07-10T06:00:00Z,27334.54,35709942453
2023-07-10T07:00:00Z,27590.31,35201350658
2023-07-10T08:00:00Z,27418.29,33343764386
2023-07-10T09:00:00Z,27254.52,35518117490
2023-07-10T10:00:00Z,27352.78,33731931273
2023-07-10T11:00:00Z,27295.78,35681248113
2023-07-10T12:00:00Z,27260.0,34264750917
2023-07-10T13:00:00Z,27168.41,36569800175
2023-07-10T14:00:00Z,26950.51,33261112951
2023-07-10T15:00:00Z,26725.69,35447773307
2023-07-10T16:00:00Z,26686.41,34732301957
2023-07-10T17:00:00Z,26907.72,34983733235
2023-07-10T18:00:00Z,27154.69,35679477869
2023-07-10T19:00:00Z,27089.01,34573262905
2023-07-10T20:00:00Z,27260.71,36521890819
2023-07-10T21:00:00Z,27531.62,35787524585
2023-07-10T22:00:00Z,27292.42,33935107184
2023-07-10T23:00:00Z,27213.63,36707107224
2023-07-11T00:00:00Z,27239.44,36083397968
2023-07-11T01:00:00Z,27232.31,35327026451
2023-07-11T02:00:00Z,27311.92,36117176097
2023-07-11T03:00:00Z,27555.29,35012453538
2023-07-11T04:00:00Z,27388.17,36690503742
2023-07-11T05:00:00Z,27496.72,35228675156
2023-07-11T06:00:00Z,27466.77,34193970732
2023-07-11T07:00:00Z,27328.13,36286258810
2023-07-11T08:00:00Z,27457.21,34410214332
2023-07-11T09:00:00Z,27404.78,34068002569
2023-07-11T10:00:00Z,27435.11,36381305872
2023-07-11T11:00:00Z,27554.57,36229595462
2023-07-11T12:00:00Z,27482.37,34377147639
2023-07-11T13:00:00Z,27518.47,34644119801
2023-07-11T14:00:00Z,27387.29,34560594873
2023-07-11T15:00:00Z,27588.91,33644089001
2023-07-11T16:00:00Z,27552.99,35794288536
2023-07-11T17:00:00Z,27355.03,34285968162
2023-07-11T18:00:00Z,27517.04,33277237569
2023-07-11T19:00:00Z,27355.92,35572380332
2023-07-11T20:00:00Z,27492.32,36360538005
2023-07-11T21:00:00Z,27326.68,35541664580
2023-07-11T22:00:00Z,27191.82,36040789026
2023-07-11T23:00:00Z,27065.82,33993084566
2023-07-12T00:00:00Z,27117.05,34667734064
2023-07-12T01:00:00Z,27059.97,34772267789
2023-07-12T02:00:00Z,27208.53,35720761402
2023-07-12T03:00:00Z,27116.2,34860796719
2023-07-12T04:00:00Z,27066.7,34431568617
2023-07-12T05:00:00Z,27306.59,36017042964
2023-07-12T06:00:00Z,27530.7,35767351014
2023-07-12T07:00:00Z,27349.61,34183855953
2023-07-12T08:00:00Z,27216.46,34922057132
2023-07-12T09:00:00Z,27400.25,33747558043
2023-07-12T10:00:00Z,27412.91,34492354784
2023-07-12T11:00:00Z,27256.12,35611184891
2023-07-12T12:00:00Z,27219.13,35729337659
2023-07-12T13:00:00Z,27266.43,36280729538
2023-07-12T14:00:00Z,27357.12,35598041326
2023-07-12T15:00:00Z,27421.71,34854411747
2023-07-12T16:00:00Z,27384.58,33694223714
2023-07-12T17:00:00Z,27295.81,34236574568
2023-07-12T18:00:00Z,27556.82,35160103812
2023-07-12T19:00:00Z,27523.62,35218627699
2023-07-12T20:00:00Z,27589.5,33388506698
2023-07-12T21:00:00Z,27405.63,34538482221
2023-07-12T22:00:00Z,27301.58,35037318843
2023-07-12T23:00:00Z,27444.23,33737765705
2023-07-13T00:00:00Z,27586.12,35318867272
2023-07-13T01:00:00Z,27495.94,33723793528
2023-07-13T02:00:00Z,27738.43,36330246638
2023-07-13T03:00:00Z,27804.28,34880798209
2023-07-13T04:00:00Z,27840.31,35050099118
2023-07-13T05:00:00Z,27575.88,35072833142
2023-07-13T06:00:00Z,27535.56,36350183812
2023-07-13T07:00:00Z,27414.11,36523559449
2023-07-13T08:00:00Z,27349.14,34516807477
2023-07-13T09:00:00Z,27310.31,33949372666
2023-07-13T10:00:00Z,27179.58,34331203846
2023-07-13T11:00:00Z,27405.33,36529735953
2023-07-13T12:00:00Z,27342.57,34491338174
2023-07-13T13:00:00Z,27594.26,35421167642
2023-07-13T14:00:00Z,27709.77,36637422702
2023-07-13T15:00:00Z,27930.5,34749693847
2023-07-13T16:00:00Z,28111.81,34196341600
2023-07-13T17:00:00Z,28349.13,34029812451
2023-07-13T18:00:00Z,28547.21,33829602384
2023-07-13T19:00:00Z,28658.29,36110519094
2023-07-13T20:00:00Z,28685.46,33584314421
2023-07-13T21:00:00Z,28775.24,33442422468
2023-07-13T22:00:00Z,28914.99,33614347280
2023-07-13T23:00:00Z,28984.7,34352702142
2023-07-14T00:00:00Z,29046.79,35869926606
2023-07-14T01:00:00Z,28983.11,36235209408
2023-07-14T02:00:00Z,29254.94,33392974935
2023-07-14T03:00:00Z,29315.82,34667436955
2023-07-14T04:00:00Z,29131.86,35933920295
2023-07-14T05:00:00Z,29407.47,36460165650
2023-07-14T06:00:00Z,29673.51,34240938130
2023-07-14T07:00:00Z,29761.46,34706971894
2023-07-14T08:00:00Z,29914.27,35256820598
2023-07-14T09:00:00Z,30136.26,34324841710
2023-07-14T10:00:00Z,29944.55,34573668549
2023-07-14T11:00:00Z,30024.81,35538088736
2023-07-14T12:00:00Z,30127.96,33739290523
2023-07-14T13:00:00Z,30028.49,34836032952
2023-07-14T14:00:00Z,29800.0,36206831528
2023-07-14T15:00:00Z,29697.33,36144268621
2023-07-14T16:00:00Z,29726.5,34053216671
2023-07-14T17:00:00Z,29896.1,33845489015
2023-07-14T18:00:00Z,29859.55,33303392895
2023-07-14T19:00:00Z,29668.04,34538382801
2023-07-14T20:00:00Z,29605.1,36061385533
2023-07-14T21:00:00Z,29461.75,36634190370
2023-07-14T22:00:00Z,29421.63,34314850568
2023-07-14T23:00:00Z,29708.72,34203913895
2023-07-15T00:00:00Z,29856.15,35486686739
2023-07-15T01:00:00Z,30037.46,35236021016
2023-07-15T02:00:00Z,30306.76,36510678190
2023-07-15T03:00:00Z,30605.39,35138240308
2023-07-15T04:00:00Z,30827.36,35661696578
2023-07-15T05:00:00Z,30948.24,35806678228
2023-07-15T06:00:00Z,30814.02,34727375553
2023-07-15T07:00:00Z,31085.51,35054165963
2023-07-15T08:00:00Z,30989.74,33583960213
2023-07-15T09:00:00Z,30940.57,34608538276
2023-07-15T10:00:00Z,30749.88,36418772136
2023-07-15T11:00:00Z,30768.67,33360062744
2023-07-15T12:00:00Z,30999.53,33957958044
2023-07-15T13:00:00Z,31089.03,35624441466
2023-07-15T14:00:00Z,30845.92,34803285176
2023-07-15T15:00:00Z,30567.42,36292266565
2023-07-15T16:00:00Z,30642.91,36418240429
2023-07-15T17:00:00Z,30580.54,33915714035
2023-07-15T18:00:00Z,30673.55,33297692569
2023-07-15T19:00:00Z,30399.53,35130186279
2023-07-15T20:00:00Z,30473.31,33288677422
2023-07-15T21:00:00Z,30438.25,36606403394
2023-07-15T22:00:00Z,30148.43,34370774877
2023-07-15T23:00:00Z,29951.78,35553143049
2023-07-16T00:00:00Z,30217.63,34982897757
2023-07-16T01:00:00Z,30104.95,33406187896
2023-07-16T02:00:00Z,30153.79,36425281121
2023-07-16T03:00:00Z,30099.16,36544428981
2023-07-16T04:00:00Z,29929.2,35775422342
2023-07-16T05:00:00Z,29813.26,35828649989
2023-07-16T06:00:00Z,30048.81,34280964714
2023-07-16T07:00:00Z,29930.61,34512229878
2023-07-16T08:00:00Z,30010.56,34832708825
2023-07-16T09:00:00Z,29817.32,34523742946
2023-07-16T10:00:00Z,29755.85,36339428038
2023-07-16T11:00:00Z,29865.38,34479324257
2023-07-16T12:00:00Z,29979.05,34272276391
2023-07-16T13:00:00Z,29932.39,35822220337
2023-07-16T14:00:00Z,29973.66,34404569255
2023-07-16T15:00:00Z,29803.64,35590459683
2023-07-16T16:00:00Z,29948.43,36190128792
2023-07-16T17:00:00Z,30241.57,36304181015
2023-07-16T18:00:00Z,30159.67,35852081021
2023-07-16T19:00:00Z,29859.04,35405800948
2023-07-16T20:00:00Z,29765.92,35703212910
2023-07-16T21:00:00Z,29519.76,35968667722
2023-07-16T22:00:00Z,29630.58,34314854738
2023-07-16T23:00:00Z,29865.16,33841751598
2023-07-17T00:00:00Z,30089.06,33277527454
2023-07-17T01:00:00Z,30169.23,36555739396
2023-07-17T02:00:00Z,30158.68,33540313678
2023-07-17T03:00:00Z,30096.02,33482304145
2023-07-17T04:00:00Z,30108.0,35715461307
2023-07-17T05:00:00Z,29863.91,36420862673
2023-07-17T06:00:00Z,30020.2,34999693238
2023-07-17T07:00:00Z,30044.82,36241936820
2023-07-17T08:00:00Z,30319.95,36510378122
2023-07-17T09:00:00Z,30402.47,33774875800
2023-07-17T10:00:00Z,30705.25,35030084904
2023-07-17T11:00:00Z,30684.45,34178539865
2023-07-17T12:00:00Z,30571.53,34119488015
2023-07-17T13:00:00Z,30617.98,34171365120
2023-07-17T14:00:00Z,30725.03,36191500603
2023-07-17T15:00:00Z,30933.52,34368950360
2023-07-17T16:00:00Z,31185.12,35254993542
2023-07-17T17:00:00Z,31204.4,33256819410
2023-07-17T18:00:00Z,31313.3,34754882247
2023-07-17T19:00:00Z,31562.82,35933232768
2023-07-17T20:00:00Z,31802.55,34380691664
2023-07-17T21:00:00Z,31889.39,36433952673
2023-07-17T22:00:00Z,31829.91,33492262585
2023-07-17T23:00:00Z,32005.05,36678875359
2023-07-18T00:00:00Z,32148.78,34933695491
2023-07-18T01:00:00Z,32162.0,35878710682
2023-07-18T02:00:00Z,32280.46,36703453494
2023-07-18T03:00:00Z,32598.8,36494065300
2023-07-18T04:00:00Z,32532.95,34713942499
2023-07-18T05:00:00Z,32517.7,36268238973
2023-07-18T06:00:00Z,32819.9,35785272098
2023-07-18T07:00:00Z,32976.54,36267997900
2023-07-18T08:00:00Z,33068.49,33738946903
2023-07-18T09:00:00Z,32953.15,35648725599
2023-07-18T10:00:00Z,32692.41,35483302817
2023-07-18T11:00:00Z,32627.15,33266898030
2023-07-18T12:00:00Z,32808.13,33949361244
2023-07-18T13:00:00Z,32918.77,34579453314
2023-07-18T14:00:00Z,33023.55,35799743806
2023-07-18T15:00:00Z,32846.53,34689880282
2023-07-18T16:00:00Z,32589.09,34766519571
2023-07-18T17:00:00Z,32474.19,34487070657
2023-07-18T18:00:00Z,32659.56,33608492724
2023-07-18T19:00:00Z,32691.0,34436532978
2023-07-18T20:00:00Z,32573.41,34217712366
2023-07-18T21:00:00Z,32462.09,35103449304
2023-07-18T22:00:00Z,32154.5,34297449351
2023-07-18T23:00:00Z,32249.65,36244984944
2023-07-19T00:00:00Z,32302.03,34014141304
2023-07-19T01:00:00Z,32587.99,36103251646
2023-07-19T02:00:00Z,32403.97,35581899663
2023-07-19T03:00:00Z,32081.22,35204120872
2023-07-19T04:00:00Z,31951.62,35539531160
2023-07-19T05:00:00Z,31720.4,35904953982
2023-07-19T06:00:00Z,31510.57,36422848341
2023-07-19T07:00:00Z,31336.55,34622477833
2023-07-19T08:00:00Z,31426.63,34644788300
2023-07-19T09:00:00Z,31460.91,35258948645
2023-07-19T10:00:00Z,31314.11,36432370247
2023-07-19T11:00:00Z,31157.52,34378590383
2023-07-19T12:00:00Z,30988.27,35587072118
2023-07-19T13:00:00Z,30968.38,34665912263
2023-07-19T14:00:00Z,31224.11,34688468580
2023-07-19T15:00:00Z,31163.87,36023988866
2023-07-19T16:00:00Z,30864.04,34627862306
2023-07-19T17:00:00Z,30932.72,36415105881
2023-07-19T18:00:00Z,31177.93,36533161043
2023-07-19T19:00:00Z,31112.16,33567494235
2023-07-19T20:00:00Z,30869.94,36245739009
2023-07-19T21:00:00Z,30825.09,35474575481
2023-07-19T22:00:00Z,30686.42,33994064996
2023-07-19T23:00:00Z,30867.74,34238329240
2023-07-20T00:00:00Z,30646.21,36105447054
2023-07-20T01:00:00Z,30827.98,33255524681
2023-07-20T02:00:00Z,30744.39,35446172181
2023-07-20T03:00:00Z,30903.04,35590731273
2023-07-20T04:00:00Z,31159.92,36696785989
2023-07-20T05:00:00Z,31102.02,35935182040
2023-07-20T06:00:00Z,31084.16,36505280881
2023-07-20T07:00:00Z,30845.2,35765462569
2023-07-20T08:00:00Z,31098.31,35249151426
2023-07-20T09:00:00Z,31089.27,34874645158
2023-07-20T10:00:00Z,31050.69,35008584142
2023-07-20T11:00:00Z,30964.94,34871227656
2023-07-20T12:00:00Z,31048.83,35778704785
2023-07-20T13:00:00Z,31008.2,34293726381
2023-07-20T14:00:00Z,31295.07,36029685249
2023-07-20T15:00:00Z,31398.73,36054844956
2023-07-20T16:00:00Z,31252.86,35606307681
2023-07-20T17:00:00Z,31262.26,35237550233
2023-07-20T18:00:00Z,31445.98,33445112613
2023-07-20T19:00:00Z,31266.21,35686353105
2023-07-20T20:00:00Z,31500.84,34408939593
2023-07-20T21:00:00Z,31212.23,35938459352
2023-07-20T22:00:00Z,31379.04,36013893242
2023-07-20T23:00:00Z,31506.09,36265138238
2023-07-21T00:00:00Z,31513.65,34884230363
2023-07-21T01:00:00Z,31259.12,34979147039
2023-07-21T02:00:00Z,31096.76,34215371812
2023-07-21T03:00:00Z,31136.77,33918078926
2023-07-21T04:00:00Z,31150.94,34754579313
2023-07-21T05:00:00Z,31098.77,35777119647
2023-07-21T06:00:00Z,31354.41,35021671951
2023-07-21T07:00:00Z,31654.47,36325310209
2023-07-21T08:00:00Z,31798.12,36717900024
2023-07-21T09:00:00Z,31565.71,33658664736
2023-07-21T10:00:00Z,31517.85,35509103336
2023-07-21T11:00:00Z,31583.96,35060745513
2023-07-21T12:00:00Z,31531.81,34708145948
2023-07-21T13:00:00Z,31733.47,36439930546
2023-07-21T14:00:00Z,31835.96,35928836304
2023-07-21T15:00:00Z,31548.08,35571424357
2023-07-21T16:00:00Z,31279.31,36024118595
2023-07-21T17:00:00Z,31077.52,33713720507
2023-07-21T18:00:00Z,31146.91,36177286566
2023-07-21T19:00:00Z,30991.12,33631307236
2023-07-21T20:00:00Z,30865.73,35547291892
2023-07-21T21:00:00Z,30606.02,33365553479
2023-07-21T22:00:00Z,30774.76,34864109522
2023-07-21T23:00:00Z,30753.91,36487312044
2023-07-22T00:00:00Z,30863.5,36056777608
2023-07-22T01:00:00Z,31160.36,36748931294
2023-07-22T02:00:00Z,31113.01,35301651014
2023-07-22T03:00:00Z,31097.4,36610031074
2023-07-22T04:00:00Z,31040.11,34735454466
2023-07-22T05:00:00Z,31317.7,33765947265
2023-07-22T06:00:00Z,31486.18,35669138143
2023-07-22T07:00:00Z,31381.95,34931251455
2023-07-22T08:00:00Z,31310.24,33818510950
2023-07-22T09:00:00Z,31486.25,36370057760
2023-07-22T10:00:00Z,31390.22,34842484008
2023-07-22T11:00:00Z,31078.99,34334445157
2023-07-22T12:00:00Z,31224.07,35892265618
2023-07-22T13:00:00Z,31195.24,34106270194
2023-07-22T14:00:00Z,30989.51,36386640548
2023-07-22T15:00:00Z,30851.48,36507634910
2023-07-22T16:00:00Z,31022.22,34939340581
2023-07-22T17:00:00Z,31236.01,35499928048
2023-07-22T18:00:00Z,31172.79,36037658852
2023-07-22T19:00:00Z,31043.76,34411068004
2023-07-22T20:00:00Z,30880.0,35627761264
2023-07-22T21:00:00Z,31088.46,33889305983
2023-07-22T22:00:00Z,31320.11,35378600813
2023-07-22T23:00:00Z,31540.21,33292872594
2023-07-23T00:00:00Z,31761.72,34839678970
2023-07-23T01:00:00Z,31971.98,34002806850
2023-07-23T02:00:00Z,31811.39,33596816472
2023-07-23T03:00:00Z,31513.57,33578071847
2023-07-23T04:00:00Z,31813.8,34226726465
2023-07-23T05:00:00Z,32078.81,33893878779
2023-07-23T06:00:00Z,32051.21,34064736173
2023-07-23T07:00:00Z,32235.32,33602193216
2023-07-23T08:00:00Z,32063.05,33391834059
2023-07-23T09:00:00Z,32350.79,33911873798
2023-07-23T10:00:00Z,32645.98,34729635999
2023-07-23T11:00:00Z,32750.04,33819677122
2023-07-23T12:00:00Z,33007.54,34025769368
2023-07-23T13:00:00Z,32716.51,35924272242
2023-07-23T14:00:00Z,32713.57,34705304774
2023-07-23T15:00:00Z,32960.02,35497407845
2023-07-23T16:00:00Z,32851.44,33894291911
2023-07-23T17:00:00Z,32976.98,35515719631
2023-07-23T18:00:00Z,33006.66,33377724723
2023-07-23T19:00:00Z,32917.65,35124882859
2023-07-23T20:00:00Z,33095.13,35219763457
2023-07-23T21:00:00Z,33416.94,34271072282
2023-07-23T22:00:00Z,33198.29,35264647032
2023-07-23T23:00:00Z,32876.76,33584766416
2023-07-24T00:00:00Z,32647.65,36567496517
2023-07-24T01:00:00Z,32659.49,35328377178
2023-07-24T02:00:00Z,32571.68,33709609284
2023-07-24T03:00:00Z,32618.43,33326484052
2023-07-24T04:00:00Z,32336.99,34784152042
2023-07-24T05:00:00Z,32213.08,34547238925
2023-07-24T06:00:00Z,32530.15,35454372204
2023-07-24T07:00:00Z,32653.02,36551086027
2023-07-24T08:00:00Z,32889.27,36422259057
2023-07-24T09:00:00Z,32940.09,33677647317
2023-07-24T10:00:00Z,33208.08,34483954091
2023-07-24T11:00:00Z,33056.31,34701396494
2023-07-24T12:00:00Z,33021.2,34218684443
2023-07-24T13:00:00Z,33005.72,36455914656
2023-07-24T14:00:00Z,32969.67,34267065826
2023-07-24T15:00:00Z,33160.06,35630858893
2023-07-24T16:00:00Z,33335.55,34399015372
2023-07-24T17:00:00Z,33166.28,34576972020
2023-07-24T18:00:00Z,33485.04,35790793852
2023-07-24T19:00:00Z,33502.64,36681466350
2023-07-24T20:00:00Z,33675.64,33398820026
2023-07-24T21:00:00Z,33451.81,35562456988
2023-07-24T22:00:00Z,33269.7,33811572956
2023-07-24T23:00:00Z,33096.03,34667953033
2023-07-25T00:00:00Z,33197.71,36187628314
2023-07-25T01:00:00Z,32923.27,34355005241
2023-07-25T02:00:00Z,33090.55,35646815501
2023-07-25T03:00:00Z,33258.41,34875782279
2023-07-25T04:00:00Z,33490.19,36116461330
2023-07-25T05:00:00Z,33271.52,34476181190
2023-07-25T06:00:00Z,33385.69,35415194086
2023-07-25T07:00:00Z,33508.56,34617886070
2023-07-25T08:00:00Z,33750.41,35820766445
2023-07-25T09:00:00Z,33469.37,34879023466
2023-07-25T10:00:00Z,33567.79,33703545706
2023-07-25T11:00:00Z,33453.62,35045730977
2023-07-25T12:00:00Z,33522.4,33989714565
2023-07-25T13:00:00Z,33293.98,34890404411
2023-07-25T14:00:00Z,33340.77,35255015075
2023-07-25T15:00:00Z,33542.11,36659996663
2023-07-25T16:00:00Z,33860.13,34712994078
2023-07-25T17:00:00Z,34139.63,36230227384
2023-07-25T18:00:00Z,33956.55,33321072475
2023-07-25T19:00:00Z,34016.94,34552729472
2023-07-25T20:00:00Z,34274.94,35549660907
2023-07-25T21:00:00Z,34155.31,35562451608
2023-07-25T22:00:00Z,34308.44,35795361668
2023-07-25T23:00:00Z,34110.32,34207814779
2023-07-26T00:00:00Z,34058.49,33773590253
2023-07-26T01:00:00Z,33924.6,36307763018
2023-07-26T02:00:00Z,33946.01,36736447973
2023-07-26T03:00:00Z,33805.64,35619981328
2023-07-26T04:00:00Z,34056.21,33558466913
2023-07-26T05:00:00Z,34293.77,36378671472
2023-07-26T06:00:00Z,34193.25,35183532974
2023-07-26T07:00:00Z,34262.45,34497917109
2023-07-26T08:00:00Z,34257.56,33250020084
2023-07-26T09:00:00Z,34139.58,33511223501
2023-07-26T10:00:00Z,34232.86,34627649594
2023-07-26T11:00:00Z,34108.1,34677246723
2023-07-26T12:00:00Z,33849.73,36083775198
2023-07-26T13:00:00Z,34159.71,33562501811
2023-07-26T14:00:00Z,34439.13,36654565223
2023-07-26T15:00:00Z,34245.38,36060245256
2023-07-26T16:00:00Z,34216.65,33639623404
2023-07-26T17:00:00Z,34491.11,34536082430
2023-07-26T18:00:00Z,34525.09,34565799045
2023-07-26T19:00:00Z,34691.42,34496129651
2023-07-26T20:00:00Z,34788.54,33814438778
2023-07-26T21:00:00Z,34954.58,35219228988
2023-07-26T22:00:00Z,35297.36,36224357711
2023-07-26T23:00:00Z,35091.07,35980450012
2023-07-27T00:00:00Z,34911.4,35629633151
2023-07-27T01:00:00Z,34913.15,33364968022
2023-07-27T02:00:00Z,34996.94,36570022829
2023-07-27T03:00:00Z,34898.4,33481917261
2023-07-27T04:00:00Z,34998.82,33911383359
2023-07-27T05:00:00Z,35060.95,35186023388
2023-07-27T06:00:00Z,35285.72,33464291607
2023-07-27T07:00:00Z,35312.18,36478231528
2023-07-27T08:00:00Z,35429.03,35883000079
2023-07-27T09:00:00Z,35139.76,35846854391
2023-07-27T10:00:00Z,35483.31,35538202029
2023-07-27T11:00:00Z,35511.29,35224308467
2023-07-27T12:00:00Z,35279.82,35086985168
2023-07-27T13:00:00Z,35495.32,35377491975
2023-07-27T14:00:00Z,35311.02,33603617856
2023-07-27T15:00:00Z,35028.77,35249066454
2023-07-27T16:00:00Z,34720.58,35389633597
2023-07-27T17:00:00Z,34798.36,33410148385
2023-07-27T18:00:00Z,34828.91,33758383272
2023-07-27T19:00:00Z,35004.49,34950752402
2023-07-27T20:00:00Z,35046.52,34616561889
2023-07-27T21:00:00Z,34823.63,35973546675
2023-07-27T22:00:00Z,35168.13,34035960617
2023-07-27T23:00:00Z,35388.33,33734138137
2023-07-28T00:00:00Z,35072.48,33614295958
2023-07-28T01:00:00Z,34777.11,35398261551
2023-07-28T02:00:00Z,34846.42,34567704840
2023-07-28T03:00:00Z,35180.12,34474509644
2023-07-28T04:00:00Z,35084.7,34495241848
2023-07-28T05:00:00Z,35245.26,36705481415
2023-07-28T06:00:00Z,34909.61,34035571483
2023-07-28T07:00:00Z,34782.35,33693319997
2023-07-28T08:00:00Z,34638.66,35876073600
2023-07-28T09:00:00Z,34556.67,34069600593
2023-07-28T10:00:00Z,34216.67,36407238438
2023-07-28T11:00:00Z,33945.51,33958277010
2023-07-28T12:00:00Z,33805.74,34980021273
2023-07-28T13:00:00Z,33559.57,34191867522
2023-07-28T14:00:00Z,33558.49,35990769099
2023-07-28T15:00:00Z,33479.41,36674503254
2023-07-28T16:00:00Z,33596.75,35033809562
2023-07-28T17:00:00Z,33932.21,36681983540
2023-07-28T18:00:00Z,33653.63,36121817138
2023-07-28T19:00:00Z,33928.5,35988809250
2023-07-28T20:00:00Z,34225.63,35342883859
2023-07-28T21:00:00Z,34030.91,35618044670
2023-07-28T22:00:00Z,34248.25,35774476579
2023-07-28T23:00:00Z,34497.38,34794741581
2023-07-29T00:00:00Z,34818.9,35803365555
2023-07-29T01:00:00Z,34871.93,33698421983
2023-07-29T02:00:00Z,34651.11,35983711235
2023-07-29T03:00:00Z,34757.42,34595594354
2023-07-29T04:00:00Z,34897.95,34398720857
2023-07-29T05:00:00Z,34913.06,34916909118
2023-07-29T06:00:00Z,35188.75,35906565139
2023-07-29T07:00:00Z,34841.34,35365945190
2023-07-29T08:00:00Z,35033.64,36094412711
2023-07-29T09:00:00Z,35008.6,34510592324
2023-07-29T10:00:00Z,34765.41,35142723707
2023-07-29T11:00:00Z,34931.75,34227578575
2023-07-29T12:00:00Z,35229.51,35199841053
2023-07-29T13:00:00Z,35229.28,34113439193
2023-07-29T14:00:00Z,35562.01,36686042028
2023-07-29T15:00:00Z,35637.71,34151549748
2023-07-29T16:00:00Z,35883.75,36685951776
2023-07-29T17:00:00Z,35826.0,34108742836
2023-07-29T18:00:00Z,36005.3,35575322889
2023-07-29T19:00:00Z,35813.01,35239479319
2023-07-29T20:00:00Z,35745.24,33375705498
2023-07-29T21:00:00Z,35655.95,35877650659
2023-07-29T22:00:00Z,35780.23,35990517180
2023-07-29T23:00:00Z,35558.4,33256382162
2023-07-30T00:00:00Z,35631.99,34308490665
2023-07-30T01:00:00Z,35684.47,35531600576
2023-07-30T02:00:00Z,35845.14,35403488234
2023-07-30T03:00:00Z,35754.11,34715772804
2023-07-30T04:00:00Z,35883.11,34537357985
2023-07-30T05:00:00Z,35659.92,36628720049
2023-07-30T06:00:00Z,35609.63,36375205738
2023-07-30T07:00:00Z,35619.67,34724090598
2023-07-30T08:00:00Z,35328.78,33503430105
2023-07-30T09:00:00Z,35007.54,34941965062
2023-07-30T10:00:00Z,35087.63,34195646864
2023-07-30T11:00:00Z,34896.7,34448139294
2023-07-30T12:00:00Z,35100.11,35814736800
2023-07-30T13:00:00Z,35019.44,33898925691
2023-07-30T14:00:00Z,34896.69,33638788699
2023-07-30T15:00:00Z,35110.71,33906132980
2023-07-30T16:00:00Z,34916.67,35886595179
2023-07-30T17:00:00Z,34609.98,35177357403
2023-07-30T18:00:00Z,34602.23,35621641941
2023-07-30T19:00:00Z,34291.11,35374874059
2023-07-30T20:00:00Z,34043.58,35109686890
2023-07-30T21:00:00Z,33760.3,34462715974
2023-07-30T22:00:00Z,33790.57,34385890029
2023-07-30T23:00:00Z,34050.27,33629781209
2023-07-31T00:00:00Z,33885.47,36172100415
2023-07-31T01:00:00Z,34106.38,36089697080
2023-07-31T02:00:00Z,34118.93,35043637714
2023-07-31T03:00:00Z,34041.65,35981532676
2023-07-31T04:00:00Z,33867.53,35733987578
2023-07-31T05:00:00Z,34185.1,33339679779
2023-07-31T06:00:00Z,34424.42,33945864352
2023-07-31T07:00:00Z,34726.3,35252352556
2023-07-31T08:00:00Z,34638.64,36122697969
2023-07-31T09:00:00Z,34861.31,36169221540
2023-07-31T10:00:00Z,34895.72,33352457170
2023-07-31T11:00:00Z,34853.24,33599672439
2023-07-31T12:00:00Z,35172.26,35271772409
2023-07-31T13:00:00Z,35503.6,35752236756
2023-07-31T14:00:00Z,35725.5,35968243266
2023-07-31T15:00:00Z,35728.5,34426809407
2023-07-31T16:00:00Z,35982.5,36115504562
2023-07-31T17:00:00Z,36143.5,35188978208
2023-07-31T18:00:00Z,36496.54,36613455655
2023-07-31T19:00:00Z,36792.22,34348917153
2023-07-31T20:00:00Z,36546.21,36001003881
2023-07-31T21:00:00Z,36214.81,33292045871
2023-07-31T22:00:00Z,36560.28,34027378591
2023-07-31T23:00:00Z,36611.78,36505569499
2023-08-01T00:00:00Z,36781.17,33382278609
2023-08-01T01:00:00Z,36691.12,35085129219
2023-08-01T02:00:00Z,36713.36,34557979607
2023-08-01T03:00:00Z,36472.42,35670914883
2023-08-01T04:00:00Z,36587.81,34968158953
2023-08-01T05:00:00Z,36480.83,36506434739
2023-08-01T06:00:00Z,36491.22,34661949180
2023-08-01T07:00:00Z,36811.89,36615493331
2023-08-01T08:00:00Z,36497.88,35705048327
2023-08-01T09:00:00Z,36248.09,35934187501
2023-08-01T10:00:00Z,36163.48,35651981604
2023-08-01T11:00:00Z,36021.79,35659630294
2023-08-01T12:00:00Z,35696.76,33497498142
2023-08-01T13:00:00Z,35821.89,35905561673
2023-08-01T14:00:00Z,35744.96,36345838286
2023-08-01T15:00:00Z,35483.37,33658543726
2023-08-01T16:00:00Z,35571.44,34838195041
2023-08-01T17:00:00Z,35695.14,34495243422
2023-08-01T18:00:00Z,35870.74,34095719620
2023-08-01T19:00:00Z,35634.33,34978364632
2023-08-01T20:00:00Z,35951.18,33346791364
2023-08-01T21:00:00Z,35780.54,36252910365
2023-08-01T22:00:00Z,35440.53,35814885364
2023-08-01T23:00:00Z,35302.42,33880020507
2023-08-02T00:00:00Z,35168.24,34957845573
2023-08-02T01:00:00Z,34902.71,34566602553
2023-08-02T02:00:00Z,34895.79,36726309357
2023-08-02T03:00:00Z,34922.06,34617077223
2023-08-02T04:00:00Z,35152.49,33839051922
2023-08-02T05:00:00Z,34840.02,34331335259
2023-08-02T06:00:00Z,34853.36,34134216703
2023-08-02T07:00:00Z,34639.51,34026316870
2023-08-02T08:00:00Z,34583.95,34491616417
2023-08-02T09:00:00Z,34244.52,36002131964
2023-08-02T10:00:00Z,34150.25,34114937144
2023-08-02T11:00:00Z,34456.79,35739921839
2023-08-02T12:00:00Z,34257.25,36336426138
2023-08-02T13:00:00Z,34000.17,36484279620
2023-08-02T14:00:00Z,33974.28,34944137119
2023-08-02T15:00:00Z,33749.97,35781065924
2023-08-02T16:00:00Z,33823.65,36126665201
2023-08-02T17:00:00Z,33699.97,33408707185
2023-08-02T18:00:00Z,33985.65,34546911005
2023-08-02T19:00:00Z,33997.52,36534585681
2023-08-02T20:00:00Z,34107.43,35675342696
2023-08-02T21:00:00Z,34079.81,35626541253
2023-08-02T22:00:00Z,34221.92,33743527739
2023-08-02T23:00:00Z,34114.91,35622562690
2023-08-03T00:00:00Z,34135.87,33810153102
2023-08-03T01:00:00Z,34233.94,35417549368
2023-08-03T02:00:00Z,33921.57,34426921830
2023-08-03T03:00:00Z,33885.79,35860352529
2023-08-03T04:00:00Z,33977.11,35172678803
2023-08-03T05:00:00Z,34213.48,34356783082
2023-08-03T06:00:00Z,34163.58,36418514096
2023-08-03T07:00:00Z,34273.22,36388448922
2023-08-03T08:00:00Z,34198.84,33368066373
2023-08-03T09:00:00Z,34169.66,35786586981
2023-08-03T10:00:00Z,33889.69,36180327890
2023-08-03T11:00:00Z,33760.39,36289087508
2023-08-03T12:00:00Z,33650.45,34278820142
2023-08-03T13:00:00Z,33603.26,34372246241
2023-08-03T14:00:00Z,33497.06,35909369534
2023-08-03T15:00:00Z,33439.12,35187918877
2023-08-03T16:00:00Z,33349.57,33633644782
2023-08-03T17:00:00Z,33500.58,36417382757
2023-08-03T18:00:00Z,33344.19,36201756225
2023-08-03T19:00:00Z,33485.67,33901211224
2023-08-03T20:00:00Z,33241.07,36124976828
2023-08-03T21:00:00Z,33026.74,34534022954
2023-08-03T22:00:00Z,33329.7,34842457807
2023-08-03T23:00:00Z,33393.2,34233688451
2023-08-04T00:00:00Z,33355.58,36330109018
2023-08-04T01:00:00Z,33064.24,36325238694
2023-08-04T02:00:00Z,32961.81,35813640935
2023-08-04T03:00:00Z,32661.16,33651268444
2023-08-04T04:00:00Z,32669.69,36284110809
2023-08-04T05:00:00Z,32719.99,35490726446
2023-08-04T06:00:00Z,32711.07,36389091705
2023-08-04T07:00:00Z,32628.17,34263596531
2023-08-04T08:00:00Z,32800.68,34976423607
2023-08-04T09:00:00Z,32725.95,35108912887
2023-08-04T10:00:00Z,32794.58,35802499108
2023-08-04T11:00:00Z,32652.56,33518520885
2023-08-04T12:00:00Z,32832.42,35041400266
2023-08-04T13:00:00Z,32957.24,34414005624
2023-08-04T14:00:00Z,32846.24,36195983417
2023-08-04T15:00:00Z,32566.81,36677368764
2023-08-04T16:00:00Z,32359.41,33854235688
2023-08-04T17:00:00Z,32681.6,34280986766
2023-08-04T18:00:00Z,32696.21,35875939545
2023-08-04T19:00:00Z,32797.14,34855320067
2023-08-04T20:00:00Z,33009.64,33437600709
2023-08-04T21:00:00Z,33209.56,36115626557
2023-08-04T22:00:00Z,33465.25,34803010813
2023-08-04T23:00:00Z,33186.32,35213118308
2023-08-05T00:00:00Z,33108.44,35313794710
2023-08-05T01:00:00Z,32884.05,36203019124
2023-08-05T02:00:00Z,32652.45,34999653172
2023-08-05T03:00:00Z,32423.88,36276078682
2023-08-05T04:00:00Z,32511.14,33970982120
2023-08-05T05:00:00Z,32425.81,33433474114
2023-08-05T06:00:00Z,32222.24,35491202650
2023-08-05T07:00:00Z,32034.44,34533520264
2023-08-05T08:00:00Z,31849.72,36464568400
2023-08-05T09:00:00Z,31890.19,33442234743
2023-08-05T10:00:00Z,31727.29,36624384933
2023-08-05T11:00:00Z,31975.44,36400148236
2023-08-05T12:00:00Z,32007.65,35109001561
2023-08-05T13:00:00Z,32128.05,35447963446
2023-08-05T14:00:00Z,31940.7,35692666932
2023-08-05T15:00:00Z,32178.24,35309547536
2023-08-05T16:00:00Z,31867.37,34136195277
2023-08-05T17:00:00Z,31783.76,33895642881
2023-08-05T18:00:00Z,32026.42,35613520443
2023-08-05T19:00:00Z,32139.64,36669375225
2023-08-05T20:00:00Z,32016.39,35345827002
2023-08-05T21:00:00Z,32163.41,36232948474
2023-08-05T22:00:00Z,32187.6,33846156984
2023-08-05T23:00:00Z,32337.86,34001611122
2023-08-06T00:00:00Z,32563.73,33915682540
2023-08-06T01:00:00Z,32676.22,33343947659
2023-08-06T02:00:00Z,32883.74,35659143134
2023-08-06T03:00:00Z,32815.52,35883295760
2023-08-06T04:00:00Z,32749.18,33921656129
2023-08-06T05:00:00Z,32510.16,35390818108
2023-08-06T06:00:00Z,32595.89,35488096037
2023-08-06T07:00:00Z,32700.25,35339609245
2023-08-06T08:00:00Z,32996.74,33558707411
2023-08-06T09:00:00Z,32861.1,34463261506
2023-08-06T10:00:00Z,33051.35,33905194239
2023-08-06T11:00:00Z,33254.81,34348470305
2023-08-06T12:00:00Z,32933.1,33260330617
2023-08-06T13:00:00Z,32978.83,35500380072
2023-08-06T14:00:00Z,32909.23,36241552847
2023-08-06T15:00:00Z,32591.51,35129939598
2023-08-06T16:00:00Z,32456.75,36139179542
2023-08-06T17:00:00Z,32665.16,33896380917
2023-08-06T18:00:00Z,32825.5,35532021749
2023-08-06T19:00:00Z,32881.19,33669887246
2023-08-06T20:00:00Z,33107.09,36016565022
2023-08-06T21:00:00Z,33206.16,33449550554
2023-08-06T22:00:00Z,33083.78,35951332251
2023-08-06T23:00:00Z,33106.45,34041610593
2023-08-07T00:00:00Z,33385.06,34494372377
2023-08-07T01:00:00Z,33472.32,35842271653
2023-08-07T02:00:00Z,33490.56,34892913041
2023-08-07T03:00:00Z,33596.12,34160215345
2023-08-07T04:00:00Z,33396.15,35690155380
2023-08-07T05:00:00Z,33222.05,36026979940
2023-08-07T06:00:00Z,32990.76,35754922973
2023-08-07T07:00:00Z,32884.11,33783521658
2023-08-07T08:00:00Z,32984.33,35882056678
2023-08-07T09:00:00Z,33254.8,35111314217
2023-08-07T10:00:00Z,33304.45,34501503215
2023-08-07T11:00:00Z,33122.91,35642732784
2023-08-07T12:00:00Z,32845.92,36293431465
2023-08-07T13:00:00Z,32742.66,34550557126
2023-08-07T14:00:00Z,32436.9,35080718564
2023-08-07T15:00:00Z,32214.24,34107037869
2023-08-07T16:00:00Z,32203.23,34312136803
2023-08-07T17:00:00Z,31997.29,33339452383
2023-08-07T18:00:00Z,31931.37,33652875225
2023-08-07T19:00:00Z,31805.15,33930005889
2023-08-07T20:00:00Z,31714.0,35494901610
2023-08-07T21:00:00Z,31953.5,33820261079
2023-08-07T22:00:00Z,31886.72,36697978731
2023-08-07T23:00:00Z,31780.42,34403263335
2023-08-08T00:00:00Z,31597.19,34444655963
2023-08-08T01:00:00Z,31780.47,33659296890
2023-08-08T02:00:00Z,32069.86,36577044817
2023-08-08T03:00:00Z,32220.35,36671980229
2023-08-08T04:00:00Z,32295.91,34027895894
2023-08-08T05:00:00Z,32030.8,36215355441
2023-08-08T06:00:00Z,32185.43,36156752698
2023-08-08T07:00:00Z,31869.19,36658392985
2023-08-08T08:00:00Z,31568.9,36083156437
2023-08-08T09:00:00Z,31347.31,35700442117
2023-08-08T10:00:00Z,31272.39,33327372309
2023-08-08T11:00:00Z,31169.09,35033689422
2023-08-08T12:00:00Z,31135.97,34398316418
2023-08-08T13:00:00Z,31165.18,34148856593
2023-08-08T14:00:00Z,31443.2,36096796942
2023-08-08T15:00:00Z,31166.37,35987820338
2023-08-08T16:00:00Z,31097.85,36727427209
2023-08-08T17:00:00Z,31376.83,35008504499
2023-08-08T18:00:00Z,31565.64,36341984477
2023-08-08T19:00:00Z,31325.49,34809968366
2023-08-08T20:00:00Z,31521.14,33492314114
2023-08-08T21:00:00Z,31396.67,34478006064
2023-08-08T22:00:00Z,31153.58,35479026751
2023-08-08T23:00:00Z,30955.74,36273014643
2023-08-09T00:00:00Z,30893.82,36657740239
2023-08-09T01:00:00Z,30634.35,36145696931
2023-08-09T02:00:00Z,30561.79,33964282708
2023-08-09T03:00:00Z,30417.54,34334293476
2023-08-09T04:00:00Z,30678.7,34243841951
2023-08-09T05:00:00Z,30770.16,33288001096
2023-08-09T06:00:00Z,30577.21,36597987194
2023-08-09T07:00:00Z,30821.65,36359998742
2023-08-09T08:00:00Z,30523.82,33432996571
2023-08-09T09:00:00Z,30717.57,34687751084
2023-08-09T10:00:00Z,30634.5,34145593746
2023-08-09T11:00:00Z,30413.6,34515559175
2023-08-09T12:00:00Z,30462.31,35131285134
2023-08-09T13:00:00Z,30659.01,33823104188
2023-08-09T14:00:00Z,30779.69,33760820161
2023-08-09T15:00:00Z,30569.64,35695845976
2023-08-09T16:00:00Z,30535.77,33852514718
2023-08-09T17:00:00Z,30677.66,36570414430
2023-08-09T18:00:00Z,30399.5,33734437311
2023-08-09T19:00:00Z,30555.7,35876276379
2023-08-09T20:00:00Z,30553.69,35047273385
2023-08-09T21:00:00Z,30849.28,35476896225
2023-08-09T22:00:00Z,30805.56,35890355145
2023-08-09T23:00:00Z,30996.83,35813683080
2023-08-10T00:00:00Z,30939.92,34181791180
2023-08-10T01:00:00Z,30713.16,33690571511
2023-08-10T02:00:00Z,30522.89,35524587603
2023-08-10T03:00:00Z,30762.71,36416946744
2023-08-10T04:00:00Z,30666.03,33276254259
2023-08-10T05:00:00Z,30699.33,34360754728
2023-08-10T06:00:00Z,30524.28,35884198073
2023-08-10T07:00:00Z,30473.72,33767188860
2023-08-10T08:00:00Z,30244.44,34730737441
2023-08-10T09:00:00Z,30445.47,33413082419
2023-08-10T10:00:00Z,30562.15,33416578020
2023-08-10T11:00:00Z,30713.61,35434195929
2023-08-10T12:00:00Z,30830.24,35325548785
2023-08-10T13:00:00Z,30626.31,34500478744
2023-08-10T14:00:00Z,30511.67,36405611854
2023-08-10T15:00:00Z,30312.8,36008276775
2023-08-10T16:00:00Z,30124.35,33894045090
2023-08-10T17:00:00Z,29879.84,34218141520
2023-08-10T18:00:00Z,30165.31,35074460262
2023-08-10T19:00:00Z,30183.2,35865001296
2023-08-10T20:00:00Z,29989.84,35741934274
2023-08-10T21:00:00Z,29920.76,35588736689
2023-08-10T22:00:00Z,29827.66,36393709442
2023-08-10T23:00:00Z,29708.07,36461883060
2023-08-11T00:00:00Z,29413.14,36316731570
2023-08-11T01:00:00Z,29568.51,34333862480
2023-08-11T02:00:00Z,29681.64,35099420396
2023-08-11T03:00:00Z,29618.08,33653326109
2023-08-11T04:00:00Z,29742.15,33658529504
2023-08-11T05:00:00Z,29667.75,35018158367
2023-08-11T06:00:00Z,29583.04,33417074078
2023-08-11T07:00:00Z,29371.27,36645848883
2023-08-11T08:00:00Z,29135.89,34903079137
2023-08-11T09:00:00Z,29048.59,36577367365
2023-08-11T10:00:00Z,28904.41,34541632086
2023-08-11T11:00:00Z,28731.0,35843239448
2023-08-11T12:00:00Z,28519.27,34388418798
2023-08-11T13:00:00Z,28689.18,36077641835
2023-08-11T14:00:00Z,28590.44,34597155288
2023-08-11T15:00:00Z,28726.09,34106744828
2023-08-11T16:00:00Z,28813.08,36583284603
2023-08-11T17:00:00Z,28866.87,36436529600
2023-08-11T18:00:00Z,28872.23,36336578664
2023-08-11T19:00:00Z,28835.01,34793471573
2023-08-11T20:00:00Z,28599.24,33920985630
2023-08-11T21:00:00Z,28604.44,36747928115
2023-08-11T22:00:00Z,28496.07,33687570889
2023-08-11T23:00:00Z,28267.78,34317699771
2023-08-12T00:00:00Z,28350.27,34274308144
2023-08-12T01:00:00Z,28221.74,36634783725
2023-08-12T02:00:00Z,27965.64,35770477411
2023-08-12T03:00:00Z,28152.82,33375724541
2023-08-12T04:00:00Z,28342.68,35860168754
2023-08-12T05:00:00Z,28298.83,33792169396
2023-08-12T06:00:00Z,28063.33,33386235199
2023-08-12T07:00:00Z,27821.47,33491520620
2023-08-12T08:00:00Z,27588.2,36322255083
2023-08-12T09:00:00Z,27406.79,35833490949
2023-08-12T10:00:00Z,27290.5,35566806517
2023-08-12T11:00:00Z,27504.1,34893209543
2023-08-12T12:00:00Z,27541.38,36398334977
2023-08-12T13:00:00Z,27300.94,35588849021
2023-08-12T14:00:00Z,27040.99,35246390420
2023-08-12T15:00:00Z,26771.61,34255361411
2023-08-12T16:00:00Z,26554.81,35763558644
2023-08-12T17:00:00Z,26479.1,35475366184
2023-08-12T18:00:00Z,26556.34,33518491395
2023-08-12T19:00:00Z,26524.61,33999431224
2023-08-12T20:00:00Z,26355.75,36005813569
2023-08-12T21:00:00Z,26465.36,34773131461
2023-08-12T22:00:00Z,26467.05,35661045981
2023-08-12T23:00:00Z,26572.38,35769819880
2023-08-13T00:00:00Z,26383.94,35084912577
2023-08-13T01:00:00Z,26395.19,36372701953
2023-08-13T02:00:00Z,26444.22,33391861205
2023-08-13T03:00:00Z,26186.39,33700891187
2023-08-13T04:00:00Z,26178.48,34073251695
2023-08-13T05:00:00Z,26255.89,34271448573
2023-08-13T06:00:00Z,26100.38,33754680456
2023-08-13T07:00:00Z,25892.52,33598744775
2023-08-13T08:00:00Z,25867.73,35154411395
2023-08-13T09:00:00Z,25991.51,36135705382
2023-08-13T10:00:00Z,26237.4,34548743719
2023-08-13T11:00:00Z,26432.75,36272408081
2023-08-13T12:00:00Z,26482.77,34070648872
2023-08-13T13:00:00Z,26275.03,36727032976
2023-08-13T14:00:00Z,26274.31,35584185502
2023-08-13T15:00:00Z,26444.8,35640912626
2023-08-13T16:00:00Z,26189.94,34079383814
2023-08-13T17:00:00Z,26343.29,36043189719
2023-08-13T18:00:00Z,26556.36,35211758768
2023-08-13T19:00:00Z,26440.58,36253027830
2023-08-13T20:00:00Z,26430.35,34725256133
2023-08-13T21:00:00Z,26627.86,36350613635
2023-08-13T22:00:00Z,26718.37,35251312238
2023-08-13T23:00:00Z,26562.25,34511494425
2023-08-14T00:00:00Z,26743.13,35896192230
2023-08-14T01:00:00Z,26759.32,35186515673
2023-08-14T02:00:00Z,26783.47,34690109322
2023-08-14T03:00:00Z,26940.4,33645736111
2023-08-14T04:00:00Z,26760.22,34757588290
2023-08-14T05:00:00Z,26558.53,36054960791
2023-08-14T06:00:00Z,26444.18,34535191717
2023-08-14T07:00:00Z,26665.95,35134443554
2023-08-14T08:00:00Z,26804.06,36200162052
2023-08-14T09:00:00Z,26633.37,36109285136
2023-08-14T10:00:00Z,26375.0,36142003534
2023-08-14T11:00:00Z,26284.18,36535479540
2023-08-14T12:00:00Z,26262.71,35657297897
2023-08-14T13:00:00Z,26437.52,33720806174
2023-08-14T14:00:00Z,26658.94,35739874451
2023-08-14T15:00:00Z,26717.48,33440946421
2023-08-14T16:00:00Z,26940.74,34605083323
2023-08-14T17:00:00Z,27055.66,36658070844
2023-08-14T18:00:00Z,27178.09,35382359549
2023-08-14T19:00:00Z,26939.2,34181791453
2023-08-14T20:00:00Z,26818.39,36260055145
2023-08-14T21:00:00Z,26571.34,36547262203
2023-08-14T22:00:00Z,26693.39,33562441960
2023-08-14T23:00:00Z,26950.31,33700049991
2023-08-15T00:00:00Z,26701.72,36117065708
2023-08-15T01:00:00Z,26561.6,35123494127
2023-08-15T02:00:00Z,26515.6,35459077876
2023-08-15T03:00:00Z,26449.28,35775592309
2023-08-15T04:00:00Z,26427.08,35118087489
2023-08-15T05:00:00Z,26443.01,33870912878
2023-08-15T06:00:00Z,26427.14,35990308937
2023-08-15T07:00:00Z,26422.3,35253190506
2023-08-15T08:00:00Z,26178.69,34307482417
2023-08-15T09:00:00Z,25948.26,35377018594
2023-08-15T10:00:00Z,25899.55,35632682115
2023-08-15T11:00:00Z,26037.47,33664672126
2023-08-15T12:00:00Z,26226.13,35823860359
2023-08-15T13:00:00Z,26082.93,34098626022
2023-08-15T14:00:00Z,25852.97,34440411185
2023-08-15T15:00:00Z,26097.8,34638989470
2023-08-15T16:00:00Z,26093.58,36015479932
2023-08-15T17:00:00Z,26054.87,33441538032
2023-08-15T18:00:00Z,26010.33,34421634391
2023-08-15T19:00:00Z,25917.36,34156018640
2023-08-15T20:00:00Z,25732.24,35645288157
2023-08-15T21:00:00Z,25673.73,36302156482
2023-08-15T22:00:00Z,25878.37,34289968711
2023-08-15T23:00:00Z,25910.72,34434770599
2023-08-16T00:00:00Z,25937.62,35194616546
2023-08-16T01:00:00Z,26067.7,36060227198
2023-08-16T02:00:00Z,25878.98,34909265943
2023-08-16T03:00:00Z,26124.82,36727586406
2023-08-16T04:00:00Z,25921.69,35630854314
2023-08-16T05:00:00Z,25768.43,35095247092
2023-08-16T06:00:00Z,25621.12,36648658671
2023-08-16T07:00:00Z,25454.28,36662035549
2023-08-16T08:00:00Z,25506.38,35169306968
2023-08-16T09:00:00Z,25698.44,34235857675
2023-08-16T10:00:00Z,25668.39,35162014894
2023-08-16T11:00:00Z,25740.62,34420721079
2023-08-16T12:00:00Z,25863.99,35834474166
2023-08-16T13:00:00Z,26122.54,34449346045
2023-08-16T14:00:00Z,26038.6,36135271926
2023-08-16T15:00:00Z,26114.75,34092861769
2023-08-16T16:00:00Z,25916.98,36134307575
2023-08-16T17:00:00Z,26023.48,35846446483
2023-08-16T18:00:00Z,25874.26,35322079329
2023-08-16T19:00:00Z,25725.25,35979135302
2023-08-16T20:00:00Z,25557.4,35432830245
2023-08-16T21:00:00Z,25630.81,35162258539
2023-08-16T22:00:00Z,25482.63,34157802247
2023-08-16T23:00:00Z,25483.25,34555490636
2023-08-17T00:00:00Z,25557.65,36431593675
2023-08-17T01:00:00Z,25446.91,34820753294
2023-08-17T02:00:00Z,25278.11,34434440809
2023-08-17T03:00:00Z,25370.81,36570865079
2023-08-17T04:00:00Z,25557.82,35899571303
2023-08-17T05:00:00Z,25343.09,36028465670
2023-08-17T06:00:00Z,25101.21,36350378875
2023-08-17T07:00:00Z,25225.13,34173879821
2023-08-17T08:00:00Z,25102.16,36113376495
2023-08-17T09:00:00Z,25023.74,36428160764
2023-08-17T10:00:00Z,24887.78,35378511581
2023-08-17T11:00:00Z,24920.85,33322969294
2023-08-17T12:00:00Z,24969.51,35624699340
2023-08-17T13:00:00Z,25098.16,33574282392
2023-08-17T14:00:00Z,25175.41,36171741548
2023-08-17T15:00:00Z,25423.13,33472854878
2023-08-17T16:00:00Z,25445.67,34334792926
2023-08-17T17:00:00Z,25614.06,34952604567
2023-08-17T18:00:00Z,25673.69,35609647350
2023-08-17T19:00:00Z,25581.31,33952935020
2023-08-17T20:00:00Z,25506.41,34978075699
2023-08-17T21:00:00Z,25492.78,35586043218
2023-08-17T22:00:00Z,25412.25,35906856419
2023-08-17T23:00:00Z,25605.09,35894999885
2023-08-18T00:00:00Z,25711.17,35343074528
2023-08-18T01:00:00Z,25881.63,35407653752
2023-08-18T02:00:00Z,26092.09,35803170094
2023-08-18T03:00:00Z,26263.24,33700554793
2023-08-18T04:00:00Z,26381.23,36728214568
2023-08-18T05:00:00Z,26232.62,33268672571
2023-08-18T06:00:00Z,25981.63,33847218749
2023-08-18T07:00:00Z,26097.32,33811740543
2023-08-18T08:00:00Z,26357.08,35789258012
2023-08-18T09:00:00Z,26126.66,34338930788
2023-08-18T10:00:00Z,26320.03,34945778670
2023-08-18T11:00:00Z,26478.28,33793743087
2023-08-18T12:00:00Z,26375.28,35309183880
2023-08-18T13:00:00Z,26386.91,33303425574
2023-08-18T14:00:00Z,26213.63,36251272861
2023-08-18T15:00:00Z,26019.59,34952982201
2023-08-18T16:00:00Z,25863.38,33457635947
2023-08-18T17:00:00Z,25853.67,34690780049
2023-08-18T18:00:00Z,25623.52,34391727185
2023-08-18T19:00:00Z,25818.05,33567727012
2023-08-18T20:00:00Z,25572.54,34595874089
2023-08-18T21:00:00Z,25614.57,36709086436
2023-08-18T22:00:00Z,25685.93,35866446127
2023-08-18T23:00:00Z,25431.91,34036590651
2023-08-19T00:00:00Z,25574.54,36741909176
2023-08-19T01:00:00Z,25391.57,36264225673
2023-08-19T02:00:00Z,25259.52,36375396515
2023-08-19T03:00:00Z,25218.79,34936014168
2023-08-19T04:00:00Z,24986.62,35889583399
2023-08-19T05:00:00Z,25158.22,33571234564
2023-08-19T06:00:00Z,25095.22,33983274793
2023-08-19T07:00:00Z,25227.67,35597079829
2023-08-19T08:00:00Z,25216.18,33304722113
2023-08-19T09:00:00Z,25318.42,33518481472
2023-08-19T10:00:00Z,25179.7,36456511210
2023-08-19T11:00:00Z,25409.01,36227544905
2023-08-19T12:00:00Z,25418.52,34371383469
2023-08-19T13:00:00Z,25661.63,35468761955
2023-08-19T14:00:00Z,25616.14,36625780489
2023-08-19T15:00:00Z,25364.76,36408000606
2023-08-19T16:00:00Z,25405.27,35165289760
2023-08-19T17:00:00Z,25614.99,35282127324
2023-08-19T18:00:00Z,25667.01,34636257903
2023-08-19T19:00:00Z,25710.1,33988644494
2023-08-19T20:00:00Z,25564.11,35412350713
2023-08-19T21:00:00Z,25717.86,36641855828
2023-08-19T22:00:00Z,25474.65,33550559458
2023-08-19T23:00:00Z,25583.71,35109380690
2023-08-20T00:00:00Z,25582.05,36334831664
2023-08-20T01:00:00Z,25536.59,34851845128
2023-08-20T02:00:00Z,25291.85,34017369228
2023-08-20T03:00:00Z,25384.16,34154266827
2023-08-20T04:00:00Z,25130.59,33865266220
2023-08-20T05:00:00Z,25343.76,33595357312
2023-08-20T06:00:00Z,25201.9,33879909450
2023-08-20T07:00:00Z,25039.5,36077993899
2023-08-20T08:00:00Z,24888.38,33793401099
2023-08-20T09:00:00Z,24876.74,36556753879
2023-08-20T10:00:00Z,25111.5,36409925217
2023-08-20T11:00:00Z,25285.84,33400246263
2023-08-20T12:00:00Z,25459.35,36158771363
2023-08-20T13:00:00Z,25312.0,33309276696
2023-08-20T14:00:00Z,25120.15,34563523959
2023-08-20T15:00:00Z,25119.49,35877845312
2023-08-20T16:00:00Z,24980.83,33484049960
2023-08-20T17:00:00Z,24981.56,34802494999
2023-08-20T18:00:00Z,24841.21,33294391981
2023-08-20T19:00:00Z,25086.93,35483533585
2023-08-20T20:00:00Z,24996.98,35671314422
2023-08-20T21:00:00Z,24931.17,33314838411
2023-08-20T22:00:00Z,25118.69,35047679916
2023-08-20T23:00:00Z,25003.62,35750322978
2023-08-21T00:00:00Z,25074.73,34684343452
2023-08-21T01:00:00Z,24982.17,34001627802
2023-08-21T02:00:00Z,24862.66,33848549591
2023-08-21T03:00:00Z,25051.24,33320283182
2023-08-21T04:00:00Z,25027.44,34359381984
2023-08-21T05:00:00Z,25189.29,33431892955
2023-08-21T06:00:00Z,25208.02,33992234082
2023-08-21T07:00:00Z,25319.75,35379579420
2023-08-21T08:00:00Z,25470.26,35220285914
2023-08-21T09:00:00Z,25418.12,36090404080
2023-08-21T10:00:00Z,25265.93,36389103524
2023-08-21T11:00:00Z,25356.05,35925136866
2023-08-21T12:00:00Z,25340.89,33353082317
2023-08-21T13:00:00Z,25436.35,33457590590
2023-08-21T14:00:00Z,25233.49,36047029999
2023-08-21T15:00:00Z,25204.71,34358576525
2023-08-21T16:00:00Z,25293.86,36322050125
2023-08-21T17:00:00Z,25456.21,36724475341
2023-08-21T18:00:00Z,25381.45,33392012349
2023-08-21T19:00:00Z,25519.45,36502132091
2023-08-21T20:00:00Z,25708.51,34066825935
2023-08-21T21:00:00Z,25889.45,33422145501
2023-08-21T22:00:00Z,25727.19,33822366328
2023-08-21T23:00:00Z,25695.0,33423807272
2023-08-22T00:00:00Z,25530.16,33658002440
2023-08-22T01:00:00Z,25599.67,36535040446
2023-08-22T02:00:00Z,25630.27,36497260407
2023-08-22T03:00:00Z,25630.54,34108720694
2023-08-22T04:00:00Z,25636.93,34892473769
2023-08-22T05:00:00Z,25623.53,33546561894
2023-08-22T06:00:00Z,25579.07,35885956310
2023-08-22T07:00:00Z,25582.17,34354751963
2023-08-22T08:00:00Z,25770.88,33854855636
2023-08-22T09:00:00Z,25658.73,33491236335
2023-08-22T10:00:00Z,25666.03,34217928607
2023-08-22T11:00:00Z,25900.28,34519805525
2023-08-22T12:00:00Z,25775.14,36326049597
2023-08-22T13:00:00Z,25873.5,34958727144
2023-08-22T14:00:00Z,25978.22,33541222110
2023-08-22T15:00:00Z,25923.62,34227734698
2023-08-22T16:00:00Z,25947.07,35861453155
2023-08-22T17:00:00Z,25788.26,35444410801
2023-08-22T18:00:00Z,26031.85,34844298082
2023-08-22T19:00:00Z,25957.61,33608982621
2023-08-22T20:00:00Z,25979.64,34905903469
2023-08-22T21:00:00Z,26030.11,34095182056
2023-08-22T22:00:00Z,26070.97,36267947435
2023-08-22T23:00:00Z,26072.3,34158689966
2023-08-23T00:00:00Z,26250.18,35214409526
2023-08-23T01:00:00Z,26245.4,36241802934
2023-08-23T02:00:00Z,26466.7,34459447520
2023-08-23T03:00:00Z,26566.59,34846293368
2023-08-23T04:00:00Z,26326.89,34498508382
2023-08-23T05:00:00Z,26550.0,36217094601
2023-08-23T06:00:00Z,26481.08,36075794259
2023-08-23T07:00:00Z,26475.76,34925923562
2023-08-23T08:00:00Z,26252.93,36634345447
2023-08-23T09:00:00Z,26237.41,34654209797
2023-08-23T10:00:00Z,26034.49,35620419478
2023-08-23T11:00:00Z,26062.79,34628186027
2023-08-23T12:00:00Z,26222.07,33667282520
2023-08-23T13:00:00Z,26252.31,33737209020
2023-08-23T14:00:00Z,26169.58,36428747186
2023-08-23T15:00:00Z,26105.18,34577243470
2023-08-23T16:00:00Z,25948.62,34784701172
2023-08-23T17:00:00Z,26193.45,36182046771
2023-08-23T18:00:00Z,26230.45,35518509252
2023-08-23T19:00:00Z,26040.01,35356390579
2023-08-23T20:00:00Z,25802.92,34723897651
2023-08-23T21:00:00Z,25847.19,33874008440
2023-08-23T22:00:00Z,26006.66,35389040872
2023-08-23T23:00:00Z,26123.98,35336227271
2023-08-24T00:00:00Z,25912.56,35177113102
2023-08-24T01:00:00Z,25711.4,36118517676
2023-08-24T02:00:00Z,25692.85,34490786611
2023-08-24T03:00:00Z,25536.58,34504854138
2023-08-24T04:00:00Z,25386.14,33501016230
2023-08-24T05:00:00Z,25227.94,36371013705
2023-08-24T06:00:00Z,25105.57,35196389683
2023-08-24T07:00:00Z,25068.89,33828020712
2023-08-24T08:00:00Z,25125.01,33978195108
2023-08-24T09:00:00Z,25014.38,33736270786
2023-08-24T10:00:00Z,24795.45,34316282544
2023-08-24T11:00:00Z,25042.55,34232580605
2023-08-24T12:00:00Z,25284.8,33352256446
2023-08-24T13:00:00Z,25344.24,34716312050
2023-08-24T14:00:00Z,25307.85,36297696142
2023-08-24T15:00:00Z,25173.25,34137323304
2023-08-24T16:00:00Z,25137.56,35172193423
2023-08-24T17:00:00Z,25079.95,34875059757
2023-08-24T18:00:00Z,25136.78,34034244493
2023-08-24T19:00:00Z,25061.45,36668729753
2023-08-24T20:00:00Z,25276.71,33783305222
2023-08-24T21:00:00Z,25151.71,36513349771
2023-08-24T22:00:00Z,25139.14,36613993093
2023-08-24T23:00:00Z,24980.87,33702440610
2023-08-25T00:00:00Z,24817.55,33688843264
2023-08-25T01:00:00Z,24846.19,34200096831
2023-08-25T02:00:00Z,24627.07,35534746535
2023-08-25T03:00:00Z,24561.72,34430526354
2023-08-25T04:00:00Z,24438.67,35109513735
2023-08-25T05:00:00Z,24320.5,34437712471
2023-08-25T06:00:00Z,24325.06,35578552334
2023-08-25T07:00:00Z,24188.3,33962680436
2023-08-25T08:00:00Z,23971.4,36267785421
2023-08-25T09:00:00Z,23846.33,33802869839
2023-08-25T10:00:00Z,24061.62,35954641229
2023-08-25T11:00:00Z,24010.82,36177595450
2023-08-25T12:00:00Z,23832.66,35516213349
2023-08-25T13:00:00Z,23748.73,34745431056
2023-08-25T14:00:00Z,23553.67,35038739085
2023-08-25T15:00:00Z,23630.5,33962732665
2023-08-25T16:00:00Z,23444.44,33636410412
2023-08-25T17:00:00Z,23258.11,33757291855
2023-08-25T18:00:00Z,23447.0,36664849367
2023-08-25T19:00:00Z,23629.51,36681847628
2023-08-25T20:00:00Z,23427.72,35121174966
2023-08-25T21:00:00Z,23323.06,34837371757
2023-08-25T22:00:00Z,23230.86,34910006157
2023-08-25T23:00:00Z,23173.57,35375961389
2023-08-26T00:00:00Z,22991.1,34848185219
2023-08-26T01:00:00Z,23132.3,35658148234
2023-08-26T02:00:00Z,23323.48,35630387023
2023-08-26T03:00:00Z,23268.47,35842385979
2023-08-26T04:00:00Z,23186.77,34795349140
2023-08-26T05:00:00Z,23047.39,35205817993
2023-08-26T06:00:00Z,23164.37,35279445501
2023-08-26T07:00:00Z,23358.02,33484752684
2023-08-26T08:00:00Z,23574.35,35426193294
2023-08-26T09:00:00Z,23492.31,36722137604
2023-08-26T10:00:00Z,23678.3,33849647173
2023-08-26T11:00:00Z,23867.59,34996628196
2023-08-26T12:00:00Z,23721.55,35534387388
2023-08-26T13:00:00Z,23585.08,36408088380
2023-08-26T14:00:00Z,23816.17,33825092531
2023-08-26T15:00:00Z,23721.62,36509429097
2023-08-26T16:00:00Z,23669.68,35422007168
2023-08-26T17:00:00Z,23495.0,34073191920
2023-08-26T18:00:00Z,23573.36,36280799709
2023-08-26T19:00:00Z,23371.05,34263417632
2023-08-26T20:00:00Z,23401.04,33508615933
2023-08-26T21:00:00Z,23476.2,35844057009
2023-08-26T22:00:00Z,23651.58,35319938169
2023-08-26T23:00:00Z,23837.24,34694177058
2023-08-27T00:00:00Z,23950.83,35784021764
2023-08-27T01:00:00Z,24145.06,35059428108
2023-08-27T02:00:00Z,24382.51,35489795653
2023-08-27T03:00:00Z,24560.06,35739505489
2023-08-27T04:00:00Z,24501.51,35695114219
2023-08-27T05:00:00Z,24479.9,33940472961
2023-08-27T06:00:00Z,24410.69,34175378443
2023-08-27T07:00:00Z,24586.6,34610929163
2023-08-27T08:00:00Z,24640.33,36090319853
2023-08-27T09:00:00Z,24705.09,33791838737
2023-08-27T10:00:00Z,24857.83,35870997843
2023-08-27T11:00:00Z,25004.76,34469462895
2023-08-27T12:00:00Z,24868.44,36351986288
2023-08-27T13:00:00Z,25014.76,35008511488
2023-08-27T14:00:00Z,24968.16,36668841462
2023-08-27T15:00:00Z,24929.57,35371838233
2023-08-27T16:00:00Z,24979.79,35515776790
2023-08-27T17:00:00Z,25032.9,34751499076
2023-08-27T18:00:00Z,24963.57,36678864095
2023-08-27T19:00:00Z,25180.98,33400716185
2023-08-27T20:00:00Z,25214.25,35314998446
2023-08-27T21:00:00Z,25389.12,33644092853
2023-08-27T22:00:00Z,25288.85,33976263095
2023-08-27T23:00:00Z,25537.04,35483138229
2023-08-28T00:00:00Z,25654.3,34216102363
2023-08-28T01:00:00Z,25528.1,35106979324
2023-08-28T02:00:00Z,25448.9,35001465597
2023-08-28T03:00:00Z,25343.75,33337647923
2023-08-28T04:00:00Z,25186.78,36578622823
2023-08-28T05:00:00Z,25081.35,36480543396
2023-08-28T06:00:00Z,25216.92,34702258939
2023-08-28T07:00:00Z,25314.24,33800044541
2023-08-28T08:00:00Z,25404.49,35086662123
2023-08-28T09:00:00Z,25406.64,35636844415
2023-08-28T10:00:00Z,25286.49,34077960481
2023-08-28T11:00:00Z,25359.51,33617628129
2023-08-28T12:00:00Z,25547.28,33904251309
2023-08-28T13:00:00Z,25369.37,34270178060
2023-08-28T14:00:00Z,25412.13,34569725840
2023-08-28T15:00:00Z,25635.59,35262624399
2023-08-28T16:00:00Z,25632.75,35188027898
2023-08-28T17:00:00Z,25760.09,34914193501
2023-08-28T18:00:00Z,25962.44,36390842806
2023-08-28T19:00:00Z,26137.24,33270309732
2023-08-28T20:00:00Z,26243.03,36268182200
2023-08-28T21:00:00Z,26020.22,34767422656
2023-08-28T22:00:00Z,25768.81,34096100606
2023-08-28T23:00:00Z,25911.85,33758147699
2023-08-29T00:00:00Z,26097.22,34442748375
2023-08-29T01:00:00Z,26068.14,36589729943
2023-08-29T02:00:00Z,25848.91,34614766461
2023-08-29T03:00:00Z,25929.27,34321406072
2023-08-29T04:00:00Z,25867.67,36474662688
2023-08-29T05:00:00Z,26126.18,33325060377
2023-08-29T06:00:00Z,26324.21,34225345728
2023-08-29T07:00:00Z,26119.56,35925279070
2023-08-29T08:00:00Z,26089.18,33630619593
2023-08-29T09:00:00Z,26314.84,35901623803
2023-08-29T10:00:00Z,26447.2,34716552655
2023-08-29T11:00:00Z,26189.84,35606243420
2023-08-29T12:00:00Z,26319.87,34902309407
2023-08-29T13:00:00Z,26175.23,34057809553
2023-08-29T14:00:00Z,25951.84,35701362869
2023-08-29T15:00:00Z,25901.09,36163842369
2023-08-29T16:00:00Z,26118.09,36262424441
2023-08-29T17:00:00Z,26161.32,34625680008
2023-08-29T18:00:00Z,26175.11,34525938558
2023-08-29T19:00:00Z,25940.49,33874229801
2023-08-29T20:00:00Z,25931.92,34566470462
2023-08-29T21:00:00Z,25770.34,35349831812
2023-08-29T22:00:00Z,26008.57,36183921707
2023-08-29T23:00:00Z,26049.6,36163730722
2023-08-30T00:00:00Z,26094.52,33442086838
2023-08-30T01:00:00Z,25973.21,33787853644
2023-08-30T02:00:00Z,25980.61,35564381017
2023-08-30T03:00:00Z,25939.02,36183175378
2023-08-30T04:00:00Z,25857.84,35362727286
2023-08-30T05:00:00Z,25791.6,36741334285
2023-08-30T06:00:00Z,25644.95,34312077074
2023-08-30T07:00:00Z,25549.42,36675381510
2023-08-30T08:00:00Z,25773.43,36493727059
2023-08-30T09:00:00Z,25631.27,34165785148
2023-08-30T10:00:00Z,25502.67,35340414563
2023-08-30T11:00:00Z,25550.58,34679208823
2023-08-30T12:00:00Z,25451.5,35433592681
2023-08-30T13:00:00Z,25550.82,33635899102
2023-08-30T14:00:00Z,25493.69,35728255512
2023-08-30T15:00:00Z,25484.01,34825634935
2023-08-30T16:00:00Z,25476.81,35587681129
2023-08-30T17:00:00Z,25627.94,34721242691
2023-08-30T18:00:00Z,25400.8,36506886673
2023-08-30T19:00:00Z,25204.62,33665493702
2023-08-30T20:00:00Z,25018.53,33896290545
2023-08-30T21:00:00Z,25083.69,35508380206
2023-08-30T22:00:00Z,25121.75,35104197290
2023-08-30T23:00:00Z,25321.08,33256859314
2023-08-31T00:00:00Z,25394.96,35547692908
2023-08-31T01:00:00Z,25274.75,33789741517
2023-08-31T02:00:00Z,25189.66,33335200398
2023-08-31T03:00:00Z,25032.0,35080929853
2023-08-31T04:00:00Z,24920.46,34157789180
2023-08-31T05:00:00Z,24777.78,34144113133
2023-08-31T06:00:00Z,24767.31,35841844086
2023-08-31T07:00:00Z,24908.53,36448727196
2023-08-31T08:00:00Z,25124.29,35186711957
2023-08-31T09:00:00Z,24958.51,34016384938
2023-08-31T10:00:00Z,24754.38,33416985710
2023-08-31T11:00:00Z,24937.49,36379492821
2023-08-31T12:00:00Z,25101.28,36267458345
2023-08-31T13:00:00Z,25145.25,34780099154
2023-08-31T14:00:00Z,25252.16,35303792856
2023-08-31T15:00:00Z,25305.77,36414101358
2023-08-31T16:00:00Z,25276.67,36157138924
2023-08-31T17:00:00Z,25518.74,34376367440
2023-08-31T18:00:00Z,25421.72,34705045951
2023-08-31T19:00:00Z,25328.09,36697723426
2023-08-31T20:00:00Z,25375.14,34321510511
2023-08-31T21:00:00Z,25179.36,34940172638
2023-08-31T22:00:00Z,25031.35,36332800992
2023-08-31T23:00:00Z,25188.47,33750305966
2023-09-01T00:00:00Z,25406.19,35705044550
2023-09-01T01:00:00Z,25598.04,35263111180
2023-09-01T02:00:00Z,25519.81,35485092609
2023-09-01T03:00:00Z,25598.24,33500519331
2023-09-01T04:00:00Z,25838.35,35973539446
2023-09-01T05:00:00Z,25947.9,36305058937
2023-09-01T06:00:00Z,25987.81,36281369199
2023-09-01T07:00:00Z,25841.14,33296859976
2023-09-01T08:00:00Z,25984.78,36549991653
2023-09-01T09:00:00Z,25827.31,33400189729
2023-09-01T10:00:00Z,25742.83,35550770914
2023-09-01T11:00:00Z,25840.62,36282022120
2023-09-01T12:00:00Z,25881.98,35276028989
2023-09-01T13:00:00Z,25688.66,34957488827
2023-09-01T14:00:00Z,25832.07,35740849413
2023-09-01T15:00:00Z,25730.17,33961347046
2023-09-01T16:00:00Z,25915.96,36692302974
2023-09-01T17:00:00Z,25730.58,35198956789
2023-09-01T18:00:00Z,25539.49,34637804377
2023-09-01T19:00:00Z,25320.51,35802389168
2023-09-01T20:00:00Z,25150.65,36689677390
2023-09-01T21:00:00Z,25282.96,34626851410
2023-09-01T22:00:00Z,25280.3,34698553305
2023-09-01T23:00:00Z,25461.62,35141222705
2023-09-02T00:00:00Z,25366.88,33393978687
2023-09-02T01:00:00Z,25122.03,35700502947
2023-09-02T02:00:00Z,25280.8,36303130146
2023-09-02T03:00:00Z,25130.23,34451040839
2023-09-02T04:00:00Z,24879.0,35499685405
2023-09-02T05:00:00Z,24673.85,35745240899
2023-09-02T06:00:00Z,24669.3,36538276742
2023-09-02T07:00:00Z,24474.35,35382154117
2023-09-02T08:00:00Z,24686.44,34054052684
2023-09-02T09:00:00Z,24587.79,35929227403
2023-09-02T10:00:00Z,24762.08,34347636916
2023-09-02T11:00:00Z,24849.57,35939946260
2023-09-02T12:00:00Z,24948.49,33974093924
2023-09-02T13:00:00Z,24971.21,34245666871
2023-09-02T14:00:00Z,25026.5,35489575804
2023-09-02T15:00:00Z,25069.1,36425285290
2023-09-02T16:00:00Z,25265.91,35890921611
2023-09-02T17:00:00Z,25443.84,36596156389
2023-09-02T18:00:00Z,25274.96,34624839453
2023-09-02T19:00:00Z,25299.25,35181550929
2023-09-02T20:00:00Z,25116.26,35441556040
2023-09-02T21:00:00Z,25080.63,35352039589
2023-09-02T22:00:00Z,25179.84,33798952430
2023-09-02T23:00:00Z,25097.04,35710217752
2023-09-03T00:00:00Z,25307.5,35930465354
2023-09-03T01:00:00Z,25286.74,33963622603
2023-09-03T02:00:00Z,25079.98,35884887515
2023-09-03T03:00:00Z,25103.5,36610881103
2023-09-03T04:00:00Z,25253.36,34961504298
2023-09-03T05:00:00Z,25372.19,34940377545
2023-09-03T06:00:00Z,25195.96,34145664841
2023-09-03T07:00:00Z,25179.35,36474508827
2023-09-03T08:00:00Z,25239.54,35609447330
2023-09-03T09:00:00Z,25066.23,36178862179
2023-09-03T10:00:00Z,24988.95,35420714978
2023-09-03T11:00:00Z,25141.27,35423107812
2023-09-03T12:00:00Z,25162.82,35101281379
2023-09-03T13:00:00Z,25409.64,35855125225
2023-09-03T14:00:00Z,25444.74,36545186757
2023-09-03T15:00:00Z,25535.14,34926369637
2023-09-03T16:00:00Z,25552.98,36258229815
2023-09-03T17:00:00Z,25576.39,35589892420
2023-09-03T18:00:00Z,25768.05,36119075014
2023-09-03T19:00:00Z,25949.87,35073863727
2023-09-03T20:00:00Z,25813.7,34961309294
2023-09-03T21:00:00Z,25908.18,35504401399
2023-09-03T22:00:00Z,25745.69,35257548108
2023-09-03T23:00:00Z,25789.75,35019260293
2023-09-04T00:00:00Z,25937.13,33262006108
2023-09-04T01:00:00Z,26102.86,33841735276
2023-09-04T02:00:00Z,26315.15,35994790496
2023-09-04T03:00:00Z,26498.1,35464318053
2023-09-04T04:00:00Z,26649.16,36326278566
2023-09-04T05:00:00Z,26810.56,35776598678
2023-09-04T06:00:00Z,26608.86,34398270694
2023-09-04T07:00:00Z,26495.24,36533263487
2023-09-04T08:00:00Z,26637.96,34113241298
2023-09-04T09:00:00Z,26384.23,34294597259
2023-09-04T10:00:00Z,26440.85,36452263288
2023-09-04T11:00:00Z,26187.57,35602080308
2023-09-04T12:00:00Z,26373.59,36598336847
2023-09-04T13:00:00Z,26235.43,36489846747
2023-09-04T14:00:00Z,26013.47,35597374824
2023-09-04T15:00:00Z,26240.07,35404337129
2023-09-04T16:00:00Z,26120.27,36300176728
2023-09-04T17:00:00Z,26076.24,33362248027
2023-09-04T18:00:00Z,26062.22,35974967950
2023-09-04T19:00:00Z,25838.89,34347703977
2023-09-04T20:00:00Z,26011.07,36187535778
2023-09-04T21:00:00Z,26253.8,33897835535
2023-09-04T22:00:00Z,26131.06,34649591269
2023-09-04T23:00:00Z,26033.88,35723341705
2023-09-05T00:00:00Z,26160.99,36554811596
2023-09-05T01:00:00Z,26396.31,34066881000
2023-09-05T02:00:00Z,26448.45,34025317084
2023-09-05T03:00:00Z,26340.88,33965393283
2023-09-05T04:00:00Z,26593.19,33470690882
2023-09-05T05:00:00Z,26421.5,35931082594
2023-09-05T06:00:00Z,26567.84,34799272017
2023-09-05T07:00:00Z,26524.68,35345134609
2023-09-05T08:00:00Z,26770.79,33503522958
2023-09-05T09:00:00Z,27000.87,35162187626
2023-09-05T10:00:00Z,26911.43,33676677036
2023-09-05T11:00:00Z,26965.58,35880529295
2023-09-05T12:00:00Z,26703.75,36027435592
2023-09-05T13:00:00Z,26691.42,35141045060
2023-09-05T14:00:00Z,26664.54,36294242257
2023-09-05T15:00:00Z,26771.19,35778330782
2023-09-05T16:00:00Z,26539.61,34125793512
2023-09-05T17:00:00Z,26608.69,34434267958
2023-09-05T18:00:00Z,26458.57,33730042634
2023-09-05T19:00:00Z,26409.54,34184211736
2023-09-05T20:00:00Z,26624.87,34337506216
2023-09-05T21:00:00Z,26765.83,35521725928
2023-09-05T22:00:00Z,26917.3,33305877478
2023-09-05T23:00:00Z,26780.32,35822684354
2023-09-06T00:00:00Z,26554.22,35707876027
2023-09-06T01:00:00Z,26627.99,34526789863
2023-09-06T02:00:00Z,26690.95,35934175313
2023-09-06T03:00:00Z,26909.25,35178563224
2023-09-06T04:00:00Z,26959.08,34384530864
2023-09-06T05:00:00Z,26757.78,36512680296
2023-09-06T06:00:00Z,26880.15,33656798136
2023-09-06T07:00:00Z,27082.65,36394348150
2023-09-06T08:00:00Z,26961.03,35176319021
2023-09-06T09:00:00Z,27100.47,33470057851
2023-09-06T10:00:00Z,27038.98,34586976768
2023-09-06T11:00:00Z,27279.0,34643080529
2023-09-06T12:00:00Z,27113.93,35633360474
2023-09-06T13:00:00Z,26939.29,35946966616
2023-09-06T14:00:00Z,26679.64,34553809830
2023-09-06T15:00:00Z,26615.55,35165433943
2023-09-06T16:00:00Z,26364.79,36326417322
2023-09-06T17:00:00Z,26163.78,34268996448
2023-09-06T18:00:00Z,26024.72,33926547143
2023-09-06T19:00:00Z,26205.05,34360836821
2023-09-06T20:00:00Z,26044.05,35611265960
2023-09-06T21:00:00Z,25791.03,35973498469
2023-09-06T22:00:00Z,25799.58,35874678570
2023-09-06T23:00:00Z,25584.85,33619135697
2023-09-07T00:00:00Z,25814.7,34165129897
2023-09-07T01:00:00Z,25713.85,36685150009
2023-09-07T02:00:00Z,25598.69,33267576383
2023-09-07T03:00:00Z,25753.2,33809654184
2023-09-07T04:00:00Z,25777.51,33658037439
2023-09-07T05:00:00Z,25886.28,36037442359
2023-09-07T06:00:00Z,25727.86,35655483467
2023-09-07T07:00:00Z,25882.64,35740063301
2023-09-07T08:00:00Z,25650.04,35497206298
2023-09-07T09:00:00Z,25632.92,33270913374
2023-09-07T10:00:00Z,25525.49,36450140517
2023-09-07T11:00:00Z,25497.78,33728745591
2023-09-07T12:00:00Z,25460.94,34762988650
2023-09-07T13:00:00Z,25502.0,36645084598
2023-09-07T14:00:00Z,25252.98,34860979632
2023-09-07T15:00:00Z,25433.54,34350839196
2023-09-07T16:00:00Z,25366.78,34157960122
2023-09-07T17:00:00Z,25464.17,33483351252
2023-09-07T18:00:00Z,25352.51,33721802869
2023-09-07T19:00:00Z,25271.88,36210766122
2023-09-07T20:00:00Z,25340.86,35202154990
2023-09-07T21:00:00Z,25202.41,33264797246
2023-09-07T22:00:00Z,25036.75,33426488212
2023-09-07T23:00:00Z,24795.37,35815567313
2023-09-08T00:00:00Z,24681.32,36183095575
2023-09-08T01:00:00Z,24853.75,35186411574
2023-09-08T02:00:00Z,24873.0,34630276536
2023-09-08T03:00:00Z,24838.7,36715831284
2023-09-08T04:00:00Z,24645.53,34977198121
2023-09-08T05:00:00Z,24577.64,35566799960
2023-09-08T06:00:00Z,24369.87,33430531632
2023-09-08T07:00:00Z,24322.39,34933960272
2023-09-08T08:00:00Z,24445.45,34847022887
2023-09-08T09:00:00Z,24243.95,35223438869
2023-09-08T10:00:00Z,24145.88,33521523296
2023-09-08T11:00:00Z,24065.01,34300522428
2023-09-08T12:00:00Z,24038.03,33582165330
2023-09-08T13:00:00Z,23941.86,34312007369
2023-09-08T14:00:00Z,24132.9,35218245853
2023-09-08T15:00:00Z,24047.75,34127766542
2023-09-08T16:00:00Z,23943.97,36439261361
2023-09-08T17:00:00Z,24166.23,35913303915
2023-09-08T18:00:00Z,24164.06,34159393230
2023-09-08T19:00:00Z,24041.46,35690595847
2023-09-08T20:00:00Z,23828.82,36239084753
2023-09-08T21:00:00Z,23634.84,35946869481
2023-09-08T22:00:00Z,23657.19,36234936838
2023-09-08T23:00:00Z,23697.66,34306194807
2023-09-09T00:00:00Z,23767.56,35372629613
2023-09-09T01:00:00Z,23598.2,36417403974
2023-09-09T02:00:00Z,23680.84,33447215568
2023-09-09T03:00:00Z,23891.36,36392064581
2023-09-09T04:00:00Z,23674.25,35606803222
2023-09-09T05:00:00Z,23451.24,34969474951
2023-09-09T06:00:00Z,23364.06,34936547650
2023-09-09T07:00:00Z,23403.96,36372231758
2023-09-09T08:00:00Z,23634.55,35944647947
2023-09-09T09:00:00Z,23634.19,33400152208
2023-09-09T10:00:00Z,23449.63,33551824589
2023-09-09T11:00:00Z,23361.43,33411269812
2023-09-09T12:00:00Z,23294.61,36573682857
2023-09-09T13:00:00Z,23517.03,33587148223
2023-09-09T14:00:00Z,23325.11,33322515311
2023-09-09T15:00:00Z,23450.76,35295970215
2023-09-09T16:00:00Z,23366.95,34562996012
2023-09-09T17:00:00Z,23550.76,34690091344
2023-09-09T18:00:00Z,23474.0,33458690209
2023-09-09T19:00:00Z,23638.31,33424732644
2023-09-09T20:00:00Z,23691.52,36642226711
2023-09-09T21:00:00Z,23764.58,36594523641
2023-09-09T22:00:00Z,23846.05,33476993560
2023-09-09T23:00:00Z,23957.13,36367008534
2023-09-10T00:00:00Z,23781.6,36231811513
2023-09-10T01:00:00Z,23778.73,33410382071
2023-09-10T02:00:00Z,23709.92,36225621429
2023-09-10T03:00:00Z,23681.0,34485398888
2023-09-10T04:00:00Z,23661.07,36151292852
2023-09-10T05:00:00Z,23499.79,35772672817
2023-09-10T06:00:00Z,23727.35,34549178178
2023-09-10T07:00:00Z,23823.46,36664249396
2023-09-10T08:00:00Z,23838.28,35743251637
2023-09-10T09:00:00Z,23687.85,34963543366
2023-09-10T10:00:00Z,23614.76,35024073272
2023-09-10T11:00:00Z,23768.48,35312876818
2023-09-10T12:00:00Z,23682.16,36020117534
2023-09-10T13:00:00Z,23887.78,34371669006
2023-09-10T14:00:00Z,23687.89,36043201304
2023-09-10T15:00:00Z,23803.52,33491477486
2023-09-10T16:00:00Z,23849.11,34864501073
2023-09-10T17:00:00Z,23800.31,35546521781
2023-09-10T18:00:00Z,23606.89,35830555787
2023-09-10T19:00:00Z,23550.4,34032523970
2023-09-10T20:00:00Z,23641.92,34431301160
2023-09-10T21:00:00Z,23766.65,33372026086
2023-09-10T22:00:00Z,23737.46,34786892822
2023-09-10T23:00:00Z,23577.97,33991249634
2023-09-11T00:00:00Z,23569.69,34539302291
2023-09-11T01:00:00Z,23778.01,34600501124
2023-09-11T02:00:00Z,23660.82,33612253581
2023-09-11T03:00:00Z,23881.9,35131545578
2023-09-11T04:00:00Z,23776.24,34551895487
2023-09-11T05:00:00Z,23798.47,34170332984
2023-09-11T06:00:00Z,23910.92,35339094991
2023-09-11T07:00:00Z,23827.41,34310395171
2023-09-11T08:00:00Z,23885.08,33683611495
2023-09-11T09:00:00Z,23775.51,33895344325
2023-09-11T10:00:00Z,23877.41,36195954909
2023-09-11T11:00:00Z,24082.35,36585716729
2023-09-11T12:00:00Z,23923.56,33683125778
2023-09-11T13:00:00Z,23777.14,35155788249
2023-09-11T14:00:00Z,23994.46,33364638360
2023-09-11T15:00:00Z,23771.65,36418757099
2023-09-11T16:00:00Z,23537.68,34943881584
2023-09-11T17:00:00Z,23697.38,34288087331
2023-09-11T18:00:00Z,23638.06,36024784160
2023-09-11T19:00:00Z,23587.58,34565431097
2023-09-11T20:00:00Z,23508.03,36308431659
2023-09-11T21:00:00Z,23316.23,35529127062
2023-09-11T22:00:00Z,23473.35,34536602494
2023-09-11T23:00:00Z,23506.04,34023549148
2023-09-12T00:00:00Z,23455.39,34390752099
2023-09-12T01:00:00Z,23614.11,35668812314
2023-09-12T02:00:00Z,23800.74,33823651608
2023-09-12T03:00:00Z,23804.33,35409722383
2023-09-12T04:00:00Z,23908.65,34364210787
2023-09-12T05:00:00Z,24129.44,34249583926
2023-09-12T06:00:00Z,24174.36,34298518933
2023-09-12T07:00:00Z,23979.91,35730850040
2023-09-12T08:00:00Z,24057.78,33687476284
2023-09-12T09:00:00Z,24034.1,35778587612
2023-09-12T10:00:00Z,23970.65,34622937910
2023-09-12T11:00:00Z,24107.1,33374898829
2023-09-12T12:00:00Z,24170.9,35796822225
2023-09-12T13:00:00Z,24281.41,36505041781
2023-09-12T14:00:00Z,24172.88,36642942308
2023-09-12T15:00:00Z,24345.58,33565523224
2023-09-12T16:00:00Z,24144.21,33565638774
2023-09-12T17:00:00Z,23970.06,36146252043
2023-09-12T18:00:00Z,23769.13,36070501154
2023-09-12T19:00:00Z,23653.26,33899237842
2023-09-12T20:00:00Z,23780.83,34365699238
2023-09-12T21:00:00Z,23827.16,36433424124
2023-09-12T22:00:00Z,24061.44,35016501072
2023-09-12T23:00:00Z,24133.44,35609031630
2023-09-13T00:00:00Z,24155.41,33280592863
2023-09-13T01:00:00Z,24046.49,34448641213
2023-09-13T02:00:00Z,24228.76,34614478108
2023-09-13T03:00:00Z,24361.45,35222885030
2023-09-13T04:00:00Z,24601.32,34799829963
2023-09-13T05:00:00Z,24624.54,34802751952
2023-09-13T06:00:00Z,24747.92,34194920235
2023-09-13T07:00:00Z,24747.93,36034358634
2023-09-13T08:00:00Z,24849.24,35080555266
2023-09-13T09:00:00Z,25022.46,36063181677
2023-09-13T10:00:00Z,24976.55,35103419609
2023-09-13T11:00:00Z,24742.38,36267510174
2023-09-13T12:00:00Z,24580.46,35851744634
2023-09-13T13:00:00Z,24645.96,36226826394
2023-09-13T14:00:00Z,24840.91,35074013725
2023-09-13T15:00:00Z,24907.32,34094901546
2023-09-13T16:00:00Z,24772.75,33466078980
2023-09-13T17:00:00Z,24716.81,34629442215
2023-09-13T18:00:00Z,24816.04,36568940064
2023-09-13T19:00:00Z,24931.27,34655580057
2023-09-13T20:00:00Z,24841.39,36026711851
2023-09-13T21:00:00Z,24621.53,35168847212
2023-09-13T22:00:00Z,24391.37,34883834373
2023-09-13T23:00:00Z,24310.21,33495296045
2023-09-14T00:00:00Z,24122.02,34690256568
2023-09-14T01:00:00Z,24038.31,34205937704
2023-09-14T02:00:00Z,23869.31,36608999214
2023-09-14T03:00:00Z,24038.75,35348201188
2023-09-14T04:00:00Z,23980.71,35736354295
2023-09-14T05:00:00Z,23893.74,36361372166
2023-09-14T06:00:00Z,23683.57,34390776634
2023-09-14T07:00:00Z,23890.22,35741732182
2023-09-14T08:00:00Z,24121.54,33260598076
2023-09-14T09:00:00Z,24099.9,33804924410
2023-09-14T10:00:00Z,24295.42,34176808496
2023-09-14T11:00:00Z,24055.87,36135543768
2023-09-14T12:00:00Z,23971.04,34932156000
2023-09-14T13:00:00Z,24029.98,35399468660
2023-09-14T14:00:00Z,24179.06,35254175885
2023-09-14T15:00:00Z,24016.01,33882482807
2023-09-14T16:00:00Z,23914.43,34988320551
2023-09-14T17:00:00Z,23960.31,35511412910
2023-09-14T18:00:00Z,23867.0,33492772537
2023-09-14T19:00:00Z,23944.89,34859309090
2023-09-14T20:00:00Z,23872.38,34704066499
2023-09-14T21:00:00Z,24008.6,34760430655
2023-09-14T22:00:00Z,23950.73,34265545684
2023-09-14T23:00:00Z,24062.56,33317387965
2023-09-15T00:00:00Z,24083.82,35221983622
2023-09-15T01:00:00Z,23932.2,36491968554
2023-09-15T02:00:00Z,23703.56,33792769981
2023-09-15T03:00:00Z,23578.32,34538578505
2023-09-15T04:00:00Z,23408.79,33792691625
2023-09-15T05:00:00Z,23178.77,35460939956
2023-09-15T06:00:00Z,23015.08,33384147871
2023-09-15T07:00:00Z,23212.59,33633242620
2023-09-15T08:00:00Z,23244.57,33767938406
2023-09-15T09:00:00Z,23292.4,35476599576
2023-09-15T10:00:00Z,23512.64,35059212062
2023-09-15T11:00:00Z,23434.3,34476476824
2023-09-15T12:00:00Z,23630.92,35525913316
2023-09-15T13:00:00Z,23503.26,33488485738
2023-09-15T14:00:00Z,23608.71,34294133057
2023-09-15T15:00:00Z,23470.89,34959108799
2023-09-15T16:00:00Z,23350.04,36200496110
2023-09-15T17:00:00Z,23327.57,33900763147
2023-09-15T18:00:00Z,23151.92,36669093225
2023-09-15T19:00:00Z,23114.13,36397721278
2023-09-15T20:00:00Z,23051.48,36033193873
2023-09-15T21:00:00Z,23086.24,36219433077
2023-09-15T22:00:00Z,23089.56,35692537524
2023-09-15T23:00:00Z,22889.21,35780034297
2023-09-16T00:00:00Z,22887.45,35231965184
2023-09-16T01:00:00Z,22835.83,35110690426
2023-09-16T02:00:00Z,22776.67,35957832220
2023-09-16T03:00:00Z,22574.56,35635875873
2023-09-16T04:00:00Z,22671.44,36676516667
2023-09-16T05:00:00Z,22832.51,35334022379
2023-09-16T06:00:00Z,22876.02,33984272978
2023-09-16T07:00:00Z,23066.77,33488649760
2023-09-16T08:00:00Z,23051.28,35943856284
2023-09-16T09:00:00Z,23004.54,34953811043
2023-09-16T10:00:00Z,22953.68,36139452974
2023-09-16T11:00:00Z,23039.95,35232719496
2023-09-16T12:00:00Z,23182.09,35367842566
2023-09-16T13:00:00Z,23081.12,33371963090
2023-09-16T14:00:00Z,22933.78,33830719905
2023-09-16T15:00:00Z,22762.75,34180179622
2023-09-16T16:00:00Z,22802.32,33390581070
2023-09-16T17:00:00Z,23018.81,33496603951
2023-09-16T18:00:00Z,22919.75,35138667828
2023-09-16T19:00:00Z,22794.13,35783400869
2023-09-16T20:00:00Z,22866.09,35601820613
2023-09-16T21:00:00Z,22758.64,34481283710
2023-09-16T22:00:00Z,22859.85,36692736315
2023-09-16T23:00:00Z,22784.28,33493715549
2023-09-17T00:00:00Z,22918.4,36432157114
2023-09-17T01:00:00Z,22697.1,35515324537
2023-09-17T02:00:00Z,22570.94,34704250655
2023-09-17T03:00:00Z,22591.3,33259270620
2023-09-17T04:00:00Z,22410.41,33484984996
2023-09-17T05:00:00Z,22530.23,33317039914
2023-09-17T06:00:00Z,22657.41,33779467619
2023-09-17T07:00:00Z,22712.51,35960986389
2023-09-17T08:00:00Z,22581.23,34421345681
2023-09-17T09:00:00Z,22460.41,35460344743
2023-09-17T10:00:00Z,22469.06,34495175581
2023-09-17T11:00:00Z,22538.23,34159102187
2023-09-17T12:00:00Z,22368.04,34841729253
2023-09-17T13:00:00Z,22185.1,36241624070
2023-09-17T14:00:00Z,22056.22,34069360811
2023-09-17T15:00:00Z,22090.5,33520271734
2023-09-17T16:00:00Z,21988.66,34932224244
2023-09-17T17:00:00Z,21821.44,36164480733
2023-09-17T18:00:00Z,21762.64,34573489068
2023-09-17T19:00:00Z,21863.78,36501694404
2023-09-17T20:00:00Z,21702.42,34562218693
2023-09-17T21:00:00Z,21917.57,36139053349
2023-09-17T22:00:00Z,21752.74,36350458839
2023-09-17T23:00:00Z,21870.68,36201339776
2023-09-18T00:00:00Z,22015.95,33340159796
2023-09-18T01:00:00Z,21902.97,35417854096
2023-09-18T02:00:00Z,21983.21,35050262646
2023-09-18T03:00:00Z,21850.83,34966900820
2023-09-18T04:00:00Z,21896.13,35013830219
2023-09-18T05:00:00Z,21760.0,36213230954
2023-09-18T06:00:00Z,21955.77,35316944696
2023-09-18T07:00:00Z,21828.9,33311763559
2023-09-18T08:00:00Z,21656.35,33418642715
2023-09-18T09:00:00Z,21673.96,34417398403
2023-09-18T10:00:00Z,21851.43,34387965249
2023-09-18T11:00:00Z,21794.44,35894347328
2023-09-18T12:00:00Z,21741.24,33888354278
2023-09-18T13:00:00Z,21909.26,33398604133
2023-09-18T14:00:00Z,21949.34,35207441701
2023-09-18T15:00:00Z,22056.82,36248426290
2023-09-18T16:00:00Z,21908.81,36441185491
2023-09-18T17:00:00Z,21821.98,33725545455
2023-09-18T18:00:00Z,21754.66,36605305293
2023-09-18T19:00:00Z,21847.93,35559040909
2023-09-18T20:00:00Z,21936.74,33584269554
2023-09-18T21:00:00Z,21803.48,35868934656
2023-09-18T22:00:00Z,21628.95,34780513150
2023-09-18T23:00:00Z,21721.68,33983002983
2023-09-19T00:00:00Z,21527.97,35946904143
2023-09-19T01:00:00Z,21734.54,36355035350
2023-09-19T02:00:00Z,21655.18,35893274369
2023-09-19T03:00:00Z,21652.15,36647971583
2023-09-19T04:00:00Z,21533.5,35508899628
2023-09-19T05:00:00Z,21578.3,36615656541
2023-09-19T06:00:00Z,21457.6,36380021254
2023-09-19T07:00:00Z,21396.47,34725560762
2023-09-19T08:00:00Z,21608.21,36108462757
2023-09-19T09:00:00Z,21459.63,34432189064
2023-09-19T10:00:00Z,21485.11,33652571155
2023-09-19T11:00:00Z,21275.06,34624460595
2023-09-19T12:00:00Z,21074.92,36265652877
2023-09-19T13:00:00Z,21274.8,34459709389
2023-09-19T14:00:00Z,21189.35,34459698421
2023-09-19T15:00:00Z,21363.36,36099549421
2023-09-19T16:00:00Z,21397.42,33787608257
2023-09-19T17:00:00Z,21204.86,34010901718
2023-09-19T18:00:00Z,21135.5,34754158729
2023-09-19T19:00:00Z,20946.46,33276352814
2023-09-19T20:00:00Z,20769.97,36642190440
2023-09-19T21:00:00Z,20760.25,35483297759
2023-09-19T22:00:00Z,20844.89,33504187319
2023-09-19T23:00:00Z,20939.34,36006081605
2023-09-20T00:00:00Z,20902.21,36467542306
2023-09-20T01:00:00Z,20863.12,36340579366
2023-09-20T02:00:00Z,21056.73,34822546623
2023-09-20T03:00:00Z,21113.96,35887960262
2023-09-20T04:00:00Z,21044.24,35056891438
2023-09-20T05:00:00Z,21021.93,34426212452
2023-09-20T06:00:00Z,21031.87,34916142810
2023-09-20T07:00:00Z,21139.8,35084876969
2023-09-20T08:00:00Z,21277.85,35732568909
2023-09-20T09:00:00Z,21108.16,36210949864
2023-09-20T10:00:00Z,20962.75,34138238003
2023-09-20T11:00:00Z,20944.05,35281486543
2023-09-20T12:00:00Z,20808.26,35656454487
2023-09-20T13:00:00Z,20840.21,34043408228
2023-09-20T14:00:00Z,20852.36,33480841025
2023-09-20T15:00:00Z,20714.47,36684012517
2023-09-20T16:00:00Z,20571.31,34028258980
2023-09-20T17:00:00Z,20402.88,36554892155
2023-09-20T18:00:00Z,20506.7,34383387464
2023-09-20T19:00:00Z,20624.2,34787828127
2023-09-20T20:00:00Z,20739.9,36342130580
2023-09-20T21:00:00Z,20916.54,34444529880
2023-09-20T22:00:00Z,20938.27,36406935430
2023-09-20T23:00:00Z,20958.07,36713081563
2023-09-21T00:00:00Z,21033.04,36096307677
2023-09-21T01:00:00Z,21046.23,34693674553
2023-09-21T02:00:00Z,21015.87,35930556295
2023-09-21T03:00:00Z,20884.32,36473387886
2023-09-21T04:00:00Z,20702.02,33283629490
2023-09-21T05:00:00Z,20891.42,36472464307
2023-09-21T06:00:00Z,20694.31,35409178852
2023-09-21T07:00:00Z,20557.84,35980808430
2023-09-21T08:00:00Z,20630.75,33821977637
2023-09-21T09:00:00Z,20530.67,33582702855
2023-09-21T10:00:00Z,20422.24,35247170951
2023-09-21T11:00:00Z,20556.55,35058269788
2023-09-21T12:00:00Z,20668.35,33692796501
2023-09-21T13:00:00Z,20513.85,36617003803
2023-09-21T14:00:00Z,20448.94,36295778209
2023-09-21T15:00:00Z,20530.2,34506475777
2023-09-21T16:00:00Z,20603.73,36595689141
2023-09-21T17:00:00Z,20662.65,33900041518
2023-09-21T18:00:00Z,20854.72,33819805028
2023-09-21T19:00:00Z,21035.56,35343481963
2023-09-21T20:00:00Z,20963.11,35541022453
2023-09-21T21:00:00Z,20954.45,34931979821
2023-09-21T22:00:00Z,21131.82,34303692754
2023-09-21T23:00:00Z,21225.03,33752655864
2023-09-22T00:00:00Z,21270.73,33735577453
2023-09-22T01:00:00Z,21078.22,35836394910
2023-09-22T02:00:00Z,21080.9,35838966136
2023-09-22T03:00:00Z,21039.93,35821641356
2023-09-22T04:00:00Z,20976.91,34337912083
2023-09-22T05:00:00Z,20891.01,34655529888
2023-09-22T06:00:00Z,20884.36,36153104624
2023-09-22T07:00:00Z,20718.85,35802365495
2023-09-22T08:00:00Z,20796.41,35720681389
2023-09-22T09:00:00Z,20680.77,36276836062
2023-09-22T10:00:00Z,20885.99,33501026832
2023-09-22T11:00:00Z,20996.02,34118660262
2023-09-22T12:00:00Z,21168.3,35422213501
2023-09-22T13:00:00Z,21338.28,36231743314
2023-09-22T14:00:00Z,21349.8,35991392205
2023-09-22T15:00:00Z,21469.46,33940930972
2023-09-22T16:00:00Z,21617.58,34367262151
2023-09-22T17:00:00Z,21723.09,35187946361
2023-09-22T18:00:00Z,21888.77,33718980159
2023-09-22T19:00:00Z,21968.45,33877847035
2023-09-22T20:00:00Z,22055.66,34546253464
2023-09-22T21:00:00Z,22181.05,35750973493
2023-09-22T22:00:00Z,22287.17,33319724018
2023-09-22T23:00:00Z,22244.08,36310864060
2023-09-23T00:00:00Z,22256.06,35291519283
2023-09-23T01:00:00Z,22145.43,36257074301
2023-09-23T02:00:00Z,21961.69,33382514959
2023-09-23T03:00:00Z,21868.96,33629102225
2023-09-23T04:00:00Z,22080.65,36596161707
2023-09-23T05:00:00Z,21891.67,34337175049
2023-09-23T06:00:00Z,21813.27,35006785712
2023-09-23T07:00:00Z,21936.7,34910618744
2023-09-23T08:00:00Z,21811.84,36108065808
2023-09-23T09:00:00Z,21830.04,33911504232
2023-09-23T10:00:00Z,21688.34,35040184520
2023-09-23T11:00:00Z,21571.61,33685909521
2023-09-23T12:00:00Z,21665.01,35286427719
2023-09-23T13:00:00Z,21519.69,34223009991
2023-09-23T14:00:00Z,21691.67,35391108375
2023-09-23T15:00:00Z,21485.98,34709913843
2023-09-23T16:00:00Z,21677.96,34160524518
2023-09-23T17:00:00Z,21862.75,34569444532
2023-09-23T18:00:00Z,21777.22,34328577102
2023-09-23T19:00:00Z,21892.96,36394243402
2023-09-23T20:00:00Z,21997.37,35997653997
2023-09-23T21:00:00Z,22164.83,34651294884
2023-09-23T22:00:00Z,22141.7,36708805812
2023-09-23T23:00:00Z,22036.4,34931172269
2023-09-24T00:00:00Z,22217.22,33644007977
2023-09-24T01:00:00Z,22238.87,36393813691
2023-09-24T02:00:00Z,22071.01,36647350560
2023-09-24T03:00:00Z,22075.74,35928111686
2023-09-24T04:00:00Z,22138.97,36454736810
2023-09-24T05:00:00Z,22155.37,34251272676
2023-09-24T06:00:00Z,22301.42,36554357266
2023-09-24T07:00:00Z,22380.6,33724225118
2023-09-24T08:00:00Z,22408.05,35592682251
2023-09-24T09:00:00Z,22281.28,33443287452
2023-09-24T10:00:00Z,22187.96,34647288061
2023-09-24T11:00:00Z,22323.21,35001656262
2023-09-24T12:00:00Z,22110.34,36407113266
2023-09-24T13:00:00Z,22089.03,34232532109
2023-09-24T14:00:00Z,21986.83,33814382913
2023-09-24T15:00:00Z,22121.45,35501424748
2023-09-24T16:00:00Z,22038.48,35268183269
2023-09-24T17:00:00Z,21971.71,34062336312
2023-09-24T18:00:00Z,22060.2,33646811230
2023-09-24T19:00:00Z,22194.0,33497825549
2023-09-24T20:00:00Z,22295.61,35070853657
2023-09-24T21:00:00Z,22413.73,36419844948
2023-09-24T22:00:00Z,22637.19,34600865561
2023-09-24T23:00:00Z,22834.67,35646763090
2023-09-25T00:00:00Z,22923.25,35172535882
2023-09-25T01:00:00Z,23146.64,34591793417
2023-09-25T02:00:00Z,23346.18,34691028854
2023-09-25T03:00:00Z,23413.95,35987767307
2023-09-25T04:00:00Z,23282.24,34879367296
2023-09-25T05:00:00Z,23315.35,33465458284
2023-09-25T06:00:00Z,23516.12,33892156171
2023-09-25T07:00:00Z,23418.05,36118408492
2023-09-25T08:00:00Z,23428.42,36239666369
2023-09-25T09:00:00Z,23487.93,34373445757
2023-09-25T10:00:00Z,23430.01,36352852135
2023-09-25T11:00:00Z,23524.96,34494872369
2023-09-25T12:00:00Z,23584.44,35986434328
2023-09-25T13:00:00Z,23650.83,34498945531
2023-09-25T14:00:00Z,23424.39,34311423284
2023-09-25T15:00:00Z,23334.58,34063513230
2023-09-25T16:00:00Z,23234.22,35815549607
2023-09-25T17:00:00Z,23293.66,33986281012
2023-09-25T18:00:00Z,23372.54,35907208570
2023-09-25T19:00:00Z,23342.27,36667113039
2023-09-25T20:00:00Z,23445.8,36356549579
2023-09-25T21:00:00Z,23434.28,35805050170
2023-09-25T22:00:00Z,23400.66,33661749787
2023-09-25T23:00:00Z,23520.35,33436924443
2023-09-26T00:00:00Z,23316.52,36224766091
2023-09-26T01:00:00Z,23461.66,33506517910
2023-09-26T02:00:00Z,23243.77,36472606839
2023-09-26T03:00:00Z,23020.22,34548599218
2023-09-26T04:00:00Z,22951.14,36743013394
2023-09-26T05:00:00Z,23045.17,35975253609
2023-09-26T06:00:00Z,22872.81,36414582706
2023-09-26T07:00:00Z,23066.0,33612269641
2023-09-26T08:00:00Z,22885.63,33583581817
2023-09-26T09:00:00Z,22838.64,34647777855
2023-09-26T10:00:00Z,22976.8,35335268597
2023-09-26T11:00:00Z,23073.9,34001996978
2023-09-26T12:00:00Z,22850.92,33454146756
2023-09-26T13:00:00Z,22979.57,33388810100
2023-09-26T14:00:00Z,23076.18,34764786358
2023-09-26T15:00:00Z,23059.98,34560895719
2023-09-26T16:00:00Z,23106.94,35076726154
2023-09-26T17:00:00Z,22928.25,33481498430
2023-09-26T18:00:00Z,22887.07,34800804698
2023-09-26T19:00:00Z,22868.53,33744167553
2023-09-26T20:00:00Z,23029.77,34486119889
2023-09-26T21:00:00Z,23097.03,34672310363
2023-09-26T22:00:00Z,22971.64,33922029538
2023-09-26T23:00:00Z,23073.87,36203695852
2023-09-27T00:00:00Z,23080.03,36546438714
2023-09-27T01:00:00Z,23004.97,35007287736
2023-09-27T02:00:00Z,22991.39,34893434965
2023-09-27T03:00:00Z,23195.66,35302994947
2023-09-27T04:00:00Z,23168.49,34665447070
2023-09-27T05:00:00Z,23395.56,33924715899
2023-09-27T06:00:00Z,23560.57,34200152173
2023-09-27T07:00:00Z,23524.45,36013476112
2023-09-27T08:00:00Z,23565.55,36321448403
2023-09-27T09:00:00Z,23529.21,35886067108
2023-09-27T10:00:00Z,23624.02,33895789503
2023-09-27T11:00:00Z,23672.44,34864820456
2023-09-27T12:00:00Z,23437.78,35874398637
2023-09-27T13:00:00Z,23273.78,34389232555
2023-09-27T14:00:00Z,23460.74,35631723934
2023-09-27T15:00:00Z,23584.85,33397878288
2023-09-27T16:00:00Z,23662.86,35836041270
2023-09-27T17:00:00Z,23462.54,35138017948
2023-09-27T18:00:00Z,23696.29,34547798699
2023-09-27T19:00:00Z,23467.39,33768435695
2023-09-27T20:00:00Z,23287.6,33628992841
2023-09-27T21:00:00Z,23336.56,36198673677
2023-09-27T22:00:00Z,23358.52,35791199682
2023-09-27T23:00:00Z,23455.85,33968368320
2023-09-28T00:00:00Z,23323.44,33874968922
2023-09-28T01:00:00Z,23264.92,34588164599
2023-09-28T02:00:00Z,23265.76,34684751037
2023-09-28T03:00:00Z,23334.66,35966401847
2023-09-28T04:00:00Z,23104.53,35446200322
2023-09-28T05:00:00Z,23114.76,36350020420
2023-09-28T06:00:00Z,23323.53,34982269866
2023-09-28T07:00:00Z,23423.18,36323082465
2023-09-28T08:00:00Z,23208.73,35751161909
2023-09-28T09:00:00Z,23332.54,33837117185
2023-09-28T10:00:00Z,23356.27,35518353365
2023-09-28T11:00:00Z,23554.2,36262098221
2023-09-28T12:00:00Z,23787.43,34556118041
2023-09-28T13:00:00Z,23985.59,34783536850
2023-09-28T14:00:00Z,23961.34,36512292855
2023-09-28T15:00:00Z,23918.71,33410998944
2023-09-28T16:00:00Z,23854.66,35354682342
2023-09-28T17:00:00Z,23772.13,34377811064
2023-09-28T18:00:00Z,23695.49,34527428947
2023-09-28T19:00:00Z,23819.77,34997083768
2023-09-28T20:00:00Z,23808.52,35418938680
2023-09-28T21:00:00Z,23936.71,33687225343
2023-09-28T22:00:00Z,24003.85,36509951426
2023-09-28T23:00:00Z,23935.25,34852889975
2023-09-29T00:00:00Z,23741.81,34954251008
2023-09-29T01:00:00Z,23578.13,33809721637
2023-09-29T02:00:00Z,23624.09,34817008209
2023-09-29T03:00:00Z,23829.13,35373682089
2023-09-29T04:00:00Z,24006.35,35591742746
2023-09-29T05:00:00Z,24188.64,33467776652
2023-09-29T06:00:00Z,24073.02,35810474659
2023-09-29T07:00:00Z,24114.8,33419915465
2023-09-29T08:00:00Z,24148.68,33540017993
2023-09-29T09:00:00Z,23956.82,35774623512
2023-09-29T10:00:00Z,23901.78,33638167165
2023-09-29T11:00:00Z,23796.68,34593655238
2023-09-29T12:00:00Z,23731.91,36248303554
2023-09-29T13:00:00Z,23573.37,35510312672
2023-09-29T14:00:00Z,23616.33,33548831255
2023-09-29T15:00:00Z,23418.68,33703532589
2023-09-29T16:00:00Z,23647.74,34336103427
2023-09-29T17:00:00Z,23550.16,36608609096
2023-09-29T18:00:00Z,23583.1,36571797957
2023-09-29T19:00:00Z,23554.48,33848382028
2023-09-29T20:00:00Z,23472.9,33571655119
2023-09-29T21:00:00Z,23658.4,34533180940
2023-09-29T22:00:00Z,23493.35,33371630881
2023-09-29T23:00:00Z,23579.68,36345785434
2023-09-30T00:00:00Z,23680.49,35836633409
2023-09-30T01:00:00Z,23653.19,34786053240
2023-09-30T02:00:00Z,23667.85,36346701625
2023-09-30T03:00:00Z,23547.14,35221002783
2023-09-30T04:00:00Z,23639.8,35871897631
2023-09-30T05:00:00Z,23468.9,34031556172
2023-09-30T06:00:00Z,23688.46,36591119380
2023-09-30T07:00:00Z,23829.93,33286064982
2023-09-30T08:00:00Z,23616.14,35227524595
2023-09-30T09:00:00Z,23580.55,33571380883
2023-09-30T10:00:00Z,23437.48,35713156321
2023-09-30T11:00:00Z,23545.58,33591743946
2023-09-30T12:00:00Z,23506.64,35513752109
2023-09-30T13:00:00Z,23693.7,35745343986
2023-09-30T14:00:00Z,23756.93,35464875675
2023-09-30T15:00:00Z,23654.73,33576264216
2023-09-30T16:00:00Z,23585.97,36590766784
2023-09-30T17:00:00Z,23580.05,34277477490
2023-09-30T18:00:00Z,23561.35,34851517713
2023-09-30T19:00:00Z,23530.78,33647852995
2023-09-30T20:00:00Z,23673.7,35688328291
2023-09-30T21:00:00Z,23686.46,33756522753
2023-09-30T22:00:00Z,23789.08,35720987537
2023-09-30T23:00:00Z,23584.82,33482818126
2023-10-01T00:00:00Z,23559.68,33987872285
2023-10-01T01:00:00Z,23353.48,35677271516
2023-10-01T02:00:00Z,23400.3,34337937638
2023-10-01T03:00:00Z,23314.72,35023139459
2023-10-01T04:00:00Z,23270.94,35406151339
2023-10-01T05:00:00Z,23086.83,34234346951
2023-10-01T06:00:00Z,23159.07,34139643600
2023-10-01T07:00:00Z,23380.99,34487834177
2023-10-01T08:00:00Z,23299.17,35899026150
2023-10-01T09:00:00Z,23127.06,36699092191
2023-10-01T10:00:00Z,23309.97,36745097271
2023-10-01T11:00:00Z,23146.18,34907061887
2023-10-01T12:00:00Z,23242.16,36500754973
2023-10-01T13:00:00Z,23309.6,35564876583
2023-10-01T14:00:00Z,23088.34,36494321422
2023-10-01T15:00:00Z,22957.94,34359498657
2023-10-01T16:00:00Z,22730.55,33751202035
2023-10-01T17:00:00Z,22574.66,35261903943
2023-10-01T18:00:00Z,22423.56,34212457324
2023-10-01T19:00:00Z,22408.37,34986490450
2023-10-01T20:00:00Z,22561.56,35160509069
2023-10-01T21:00:00Z,22698.83,34270187959
2023-10-01T22:00:00Z,22702.78,36372268488
2023-10-01T23:00:00Z,22492.74,35958086210
2023-10-02T00:00:00Z,22517.43,35270398665
2023-10-02T01:00:00Z,22317.47,35193814795
2023-10-02T02:00:00Z,22428.84,35197969618
2023-10-02T03:00:00Z,22311.11,34562409676
2023-10-02T04:00:00Z,22220.05,35101219177
2023-10-02T05:00:00Z,22028.96,33708791606
2023-10-02T06:00:00Z,21897.22,36297555442
2023-10-02T07:00:00Z,21955.69,35068833348
2023-10-02T08:00:00Z,21868.84,35823626513
2023-10-02T09:00:00Z,21969.33,36106129257
2023-10-02T10:00:00Z,21926.79,36729120749
2023-10-02T11:00:00Z,21950.83,33726002570
2023-10-02T12:00:00Z,21873.77,35792152503
2023-10-02T13:00:00Z,21807.46,33847021754
2023-10-02T14:00:00Z,21980.04,34332914485
2023-10-02T15:00:00Z,22114.32,34131212496
2023-10-02T16:00:00Z,22222.59,34704720960
2023-10-02T17:00:00Z,22411.46,36160115894
2023-10-02T18:00:00Z,22420.13,36580713064
2023-10-02T19:00:00Z,22366.27,35525628826
2023-10-02T20:00:00Z,22492.79,35128357364
2023-10-02T21:00:00Z,22683.68,35081759743
2023-10-02T22:00:00Z,22531.9,35464744872
2023-10-02T23:00:00Z,22632.28,35198222570
2023-10-03T00:00:00Z,22698.49,36104953411
2023-10-03T01:00:00Z,22755.85,34668599716
2023-10-03T02:00:00Z,22851.41,35136950614
2023-10-03T03:00:00Z,22865.1,36154926802
2023-10-03T04:00:00Z,22794.03,36688609991
2023-10-03T05:00:00Z,22731.25,33286149876
2023-10-03T06:00:00Z,22569.28,36577375682
2023-10-03T07:00:00Z,22467.29,34841811928
2023-10-03T08:00:00Z,22422.46,34331421918
2023-10-03T09:00:00Z,22533.75,34370510565
2023-10-03T10:00:00Z,22470.53,35814429040
2023-10-03T11:00:00Z,22276.47,34248027667
2023-10-03T12:00:00Z,22210.76,34969031921
2023-10-03T13:00:00Z,22414.51,34546421122
2023-10-03T14:00:00Z,22362.31,33988165825
2023-10-03T15:00:00Z,22158.01,33948181848
2023-10-03T16:00:00Z,22333.0,34911468060
2023-10-03T17:00:00Z,22481.53,33984807035
2023-10-03T18:00:00Z,22653.35,36179293714
2023-10-03T19:00:00Z,22549.59,34729675903
2023-10-03T20:00:00Z,22755.15,35016259438
2023-10-03T21:00:00Z,22851.43,35811114256
2023-10-03T22:00:00Z,22806.83,36713066096
2023-10-03T23:00:00Z,22985.92,35713376404
2023-10-04T00:00:00Z,23101.72,36261295866
2023-10-04T01:00:00Z,23032.2,34429890879
2023-10-04T02:00:00Z,23030.73,34846460302
2023-10-04T03:00:00Z,22936.21,36130701890
2023-10-04T04:00:00Z,23122.28,33281032168
2023-10-04T05:00:00Z,23259.58,33631572504
2023-10-04T06:00:00Z,23059.81,35396516949
2023-10-04T07:00:00Z,23014.52,36706902307
2023-10-04T08:00:00Z,22813.63,36108981610
2023-10-04T09:00:00Z,22976.43,36387623525
2023-10-04T10:00:00Z,22988.77,36007204187
2023-10-04T11:00:00Z,22961.22,34643347778
2023-10-04T12:00:00Z,23083.92,35080437266
2023-10-04T13:00:00Z,22885.86,34450445046
2023-10-04T14:00:00Z,22800.51,33869478277
2023-10-04T15:00:00Z,22611.33,35267227730
2023-10-04T16:00:00Z,22429.3,33496224871
2023-10-04T17:00:00Z,22245.03,36011057539
2023-10-04T18:00:00Z,22169.81,35025989920
2023-10-04T19:00:00Z,22355.15,35830209406
2023-10-04T20:00:00Z,22201.39,34867904392
2023-10-04T21:00:00Z,22097.69,35115395020
2023-10-04T22:00:00Z,22112.64,34008943414
2023-10-04T23:00:00Z,21996.82,34469596066
2023-10-05T00:00:00Z,21870.88,33579369863
2023-10-05T01:00:00Z,21788.26,35735831636
2023-10-05T02:00:00Z,21790.53,34969949915
2023-10-05T03:00:00Z,21855.85,35320955599
2023-10-05T04:00:00Z,21842.59,33567318340
2023-10-05T05:00:00Z,21866.36,34734052130
2023-10-05T06:00:00Z,21936.49,36073572031
2023-10-05T07:00:00Z,22110.81,35808713460
2023-10-05T08:00:00Z,22004.1,34073341396
2023-10-05T09:00:00Z,21970.85,35748644697
2023-10-05T10:00:00Z,22026.76,35288518794
2023-10-05T11:00:00Z,22145.12,36669281113
2023-10-05T12:00:00Z,22045.92,33596093685
2023-10-05T13:00:00Z,22078.28,33820637461
2023-10-05T14:00:00Z,22184.58,34278447881
2023-10-05T15:00:00Z,22244.99,33614186279
2023-10-05T16:00:00Z,22067.39,34066515822
2023-10-05T17:00:00Z,21901.19,34119613514
2023-10-05T18:00:00Z,21899.46,35822841925
2023-10-05T19:00:00Z,21789.76,34500700611
2023-10-05T20:00:00Z,21659.39,34882090809
2023-10-05T21:00:00Z,21870.67,35935265120
2023-10-05T22:00:00Z,21789.95,36258136074
2023-10-05T23:00:00Z,21872.08,34872878988
2023-10-06T00:00:00Z,21827.82,34566901949
2023-10-06T01:00:00Z,21973.58,34904535441
2023-10-06T02:00:00Z,22138.13,33439936474
2023-10-06T03:00:00Z,22126.12,33968336292
2023-10-06T04:00:00Z,22249.6,35887006129
2023-10-06T05:00:00Z,22373.68,34836840827
2023-10-06T06:00:00Z,22557.67,35898051465
2023-10-06T07:00:00Z,22384.97,33302028899
2023-10-06T08:00:00Z,22527.19,34126147570
2023-10-06T09:00:00Z,22546.15,33620281050
2023-10-06T10:00:00Z,22465.19,36071819385
2023-10-06T11:00:00Z,22437.04,33786229714
2023-10-06T12:00:00Z,22421.35,35942234977
2023-10-06T13:00:00Z,22564.71,36542700940
2023-10-06T14:00:00Z,22481.46,35510164900
2023-10-06T15:00:00Z,22560.55,35666823063
2023-10-06T16:00:00Z,22483.17,33600851660
2023-10-06T17:00:00Z,22440.39,33869024510
2023-10-06T18:00:00Z,22226.96,35152099401
2023-10-06T19:00:00Z,22077.34,34843815384
2023-10-06T20:00:00Z,21864.82,34443258998
2023-10-06T21:00:00Z,21671.42,35416496861
2023-10-06T22:00:00Z,21791.53,34991306408
2023-10-06T23:00:00Z,21899.44,35232752378
2023-10-07T00:00:00Z,21823.63,36162427230
2023-10-07T01:00:00Z,21883.2,36589597732
2023-10-07T02:00:00Z,21967.1,35123981661
2023-10-07T03:00:00Z,21929.47,36014859684
2023-10-07T04:00:00Z,21906.98,36273627702
2023-10-07T05:00:00Z,21904.07,35572689365
2023-10-07T06:00:00Z,22072.13,34371022313
2023-10-07T07:00:00Z,22016.02,34897288822
2023-10-07T08:00:00Z,22061.24,34123687181
2023-10-07T09:00:00Z,21853.77,33622771329
2023-10-07T10:00:00Z,22047.18,35519363143
2023-10-07T11:00:00Z,22151.92,36425300181
2023-10-07T12:00:00Z,22146.94,34236517486
2023-10-07T13:00:00Z,22338.36,34435506763
2023-10-07T14:00:00Z,22458.8,35979037265
2023-10-07T15:00:00Z,22309.8,36024684783
2023-10-07T16:00:00Z,22125.82,33849877387
2023-10-07T17:00:00Z,22311.87,35107759803
2023-10-07T18:00:00Z,22281.41,34063798717
2023-10-07T19:00:00Z,22060.83,36073995150
2023-10-07T20:00:00Z,21968.91,35289457355
2023-10-07T21:00:00Z,22094.2,36061965578
2023-10-07T22:00:00Z,22031.19,34777966861
2023-10-07T23:00:00Z,21938.71,34850899004
2023-10-08T00:00:00Z,21971.44,33863841065
2023-10-08T01:00:00Z,22122.48,34363301540
2023-10-08T02:00:00Z,21918.86,35943864206
2023-10-08T03:00:00Z,21767.45,36309801129
2023-10-08T04:00:00Z,21556.99,35841441312
2023-10-08T05:00:00Z,21439.7,35111391329
2023-10-08T06:00:00Z,21544.89,35514872976
2023-10-08T07:00:00Z,21756.06,34981618223
2023-10-08T08:00:00Z,21613.31,34620986582
2023-10-08T09:00:00Z,21470.21,36188258526
2023-10-08T10:00:00Z,21584.31,33984834790
2023-10-08T11:00:00Z,21757.56,34739917155
2023-10-08T12:00:00Z,21865.47,34727468061
2023-10-08T13:00:00Z,21771.64,33323686589
2023-10-08T14:00:00Z,21876.9,36662497788
2023-10-08T15:00:00Z,21813.51,36378180125
2023-10-08T16:00:00Z,21952.02,35634572070
2023-10-08T17:00:00Z,21839.69,34446436182
2023-10-08T18:00:00Z,21939.52,35863537292
2023-10-08T19:00:00Z,22149.57,36014442059
2023-10-08T20:00:00Z,22144.22,34561154801
2023-10-08T21:00:00Z,22183.6,33908242818
2023-10-08T22:00:00Z,22006.08,33482114195
2023-10-08T23:00:00Z,21926.03,34971393668
2023-10-09T00:00:00Z,21986.6,36332706871
2023-10-09T01:00:00Z,22062.59,33827460600
2023-10-09T02:00:00Z,21975.96,36713449279
2023-10-09T03:00:00Z,21993.01,35334267548
2023-10-09T04:00:00Z,21896.68,35845081337
2023-10-09T05:00:00Z,21978.85,34006292895
2023-10-09T06:00:00Z,22064.45,36463038778
2023-10-09T07:00:00Z,21975.82,34500266193
2023-10-09T08:00:00Z,22062.91,35552331916
2023-10-09T09:00:00Z,22266.63,36642144074
2023-10-09T10:00:00Z,22093.31,33532550672
2023-10-09T11:00:00Z,21967.95,34132942714
2023-10-09T12:00:00Z,22012.47,33634936311
2023-10-09T13:00:00Z,22002.92,36251900701
2023-10-09T14:00:00Z,22012.01,36686547690
2023-10-09T15:00:00Z,22043.26,36101764118
2023-10-09T16:00:00Z,22042.58,33549321487
2023-10-09T17:00:00Z,21931.68,34201917691
2023-10-09T18:00:00Z,21883.0,34810560311
2023-10-09T19:00:00Z,22090.42,35965014320
2023-10-09T20:00:00Z,21996.25,35892913121
2023-10-09T21:00:00Z,21999.55,36653290082
2023-10-09T22:00:00Z,21972.8,36513806272
2023-10-09T23:00:00Z,22175.13,35352053863
2023-10-10T00:00:00Z,21997.07,35378243823
2023-10-10T01:00:00Z,21903.93,34526142246
2023-10-10T02:00:00Z,21754.44,35346379761
2023-10-10T03:00:00Z,21856.41,34919479586
2023-10-10T04:00:00Z,21987.58,34451059712
2023-10-10T05:00:00Z,21893.14,33850813127
2023-10-10T06:00:00Z,22108.33,34233918497
2023-10-10T07:00:00Z,22216.92,34718316770
2023-10-10T08:00:00Z,22183.38,34351047235
2023-10-10T09:00:00Z,22104.46,34898760721
2023-10-10T10:00:00Z,22080.88,35519919654
2023-10-10T11:00:00Z,22064.02,36374550883
2023-10-10T12:00:00Z,22139.63,34332849211
2023-10-10T13:00:00Z,21923.04,34494302981
2023-10-10T14:00:00Z,21930.51,33952401864
2023-10-10T15:00:00Z,22120.9,36505645732
2023-10-10T16:00:00Z,22047.25,36616555134
2023-10-10T17:00:00Z,21893.26,35590865018
2023-10-10T18:00:00Z,21854.4,36614169235
2023-10-10T19:00:00Z,22029.0,33904202746
2023-10-10T20:00:00Z,22009.21,34420618446
2023-10-10T21:00:00Z,22046.49,35663865728
2023-10-10T22:00:00Z,21997.79,36522958743
2023-10-10T23:00:00Z,21935.62,35957512599
2023-10-11T00:00:00Z,22031.32,33349058013
2023-10-11T01:00:00Z,21860.53,34932060511
2023-10-11T02:00:00Z,21775.75,35017837462
2023-10-11T03:00:00Z,21886.98,36437189568
2023-10-11T04:00:00Z,21906.37,36331926908
2023-10-11T05:00:00Z,21830.7,34739089108
2023-10-11T06:00:00Z,22043.99,34109484939
2023-10-11T07:00:00Z,21828.78,33274082865
2023-10-11T08:00:00Z,21935.51,36130718311
2023-10-11T09:00:00Z,21750.77,34883593037
2023-10-11T10:00:00Z,21776.63,35673020231
2023-10-11T11:00:00Z,21933.65,35812451980
2023-10-11T12:00:00Z,22106.8,33693637883
2023-10-11T13:00:00Z,22214.05,34148232378
2023-10-11T14:00:00Z,22310.98,35416256584
2023-10-11T15:00:00Z,22331.44,34056822838
2023-10-11T16:00:00Z,22336.78,35681410755
2023-10-11T17:00:00Z,22213.71,36532623232
2023-10-11T18:00:00Z,22239.65,36485813138
2023-10-11T19:00:00Z,22352.31,36364300428
2023-10-11T20:00:00Z,22403.11,35506385551
2023-10-11T21:00:00Z,22495.93,33496774355
2023-10-11T22:00:00Z,22655.57,36522986540
2023-10-11T23:00:00Z,22873.05,36105517968
2023-10-12T00:00:00Z,23030.42,34618819323
2023-10-12T01:00:00Z,23150.96,34453933008
2023-10-12T02:00:00Z,22927.91,34785388012
2023-10-12T03:00:00Z,22907.43,36705051384
2023-10-12T04:00:00Z,22962.19,35299250593
2023-10-12T05:00:00Z,23134.0,33351528329
2023-10-12T06:00:00Z,22978.03,35274547353
2023-10-12T07:00:00Z,22856.74,34638159870
2023-10-12T08:00:00Z,22884.48,34534359016
2023-10-12T09:00:00Z,23083.64,33971325755
2023-10-12T10:00:00Z,22886.61,35061011132
2023-10-12T11:00:00Z,22819.21,35478100583
2023-10-12T12:00:00Z,22783.34,35412240915
2023-10-12T13:00:00Z,22755.99,34833664149
2023-10-12T14:00:00Z,22657.04,33306749018
2023-10-12T15:00:00Z,22703.27,34046464230
2023-10-12T16:00:00Z,22598.96,33911208528
2023-10-12T17:00:00Z,22651.19,35921047304
2023-10-12T18:00:00Z,22606.52,34231529354
2023-10-12T19:00:00Z,22575.9,33316307969
2023-10-12T20:00:00Z,22437.76,36116289265
2023-10-12T21:00:00Z,22453.14,33900422357
2023-10-12T22:00:00Z,22615.63,33510917347
2023-10-12T23:00:00Z,22499.13,35351717278
2023-10-13T00:00:00Z,22579.77,35345468186
2023-10-13T01:00:00Z,22801.54,34603216971
2023-10-13T02:00:00Z,22715.01,34307674189
2023-10-13T03:00:00Z,22769.78,36027290096
2023-10-13T04:00:00Z,22990.99,35860790195
2023-10-13T05:00:00Z,22990.63,35870631463
2023-10-13T06:00:00Z,23158.67,34705783583
2023-10-13T07:00:00Z,23181.27,33655263405
2023-10-13T08:00:00Z,23246.54,33349959176
2023-10-13T09:00:00Z,23193.76,35806784157
2023-10-13T10:00:00Z,23074.99,33999051706
2023-10-13T11:00:00Z,23113.84,34693630100
2023-10-13T12:00:00Z,23109.26,34560241263
2023-10-13T13:00:00Z,23223.68,35664899639
2023-10-13T14:00:00Z,23224.0,33559846949
2023-10-13T15:00:00Z,23422.38,36614047139
2023-10-13T16:00:00Z,23232.3,35954411297
2023-10-13T17:00:00Z,23388.56,34551860030
2023-10-13T18:00:00Z,23261.31,34265702409
2023-10-13T19:00:00Z,23050.46,35363673771
2023-10-13T20:00:00Z,23071.18,36621539235
2023-10-13T21:00:00Z,23075.62,35927491985
2023-10-13T22:00:00Z,23190.27,35801410674
2023-10-13T23:00:00Z,23253.63,33575196863
2023-10-14T00:00:00Z,23407.93,36471112455
2023-10-14T01:00:00Z,23509.63,35520587068
2023-10-14T02:00:00Z,23471.34,35228491827
2023-10-14T03:00:00Z,23290.02,34759103389
2023-10-14T04:00:00Z,23444.92,33939997954
2023-10-14T05:00:00Z,23543.08,36526475341
2023-10-14T06:00:00Z,23401.37,33769046523
2023-10-14T07:00:00Z,23567.25,35401174492
2023-10-14T08:00:00Z,23544.57,36680048430
2023-10-14T09:00:00Z,23720.92,36622992128
2023-10-14T10:00:00Z,23575.85,34530511797
2023-10-14T11:00:00Z,23612.15,33486345513
2023-10-14T12:00:00Z,23642.72,34557575125
2023-10-14T13:00:00Z,23596.65,34273873848
2023-10-14T14:00:00Z,23372.65,35613878820
2023-10-14T15:00:00Z,23355.2,33347864052
2023-10-14T16:00:00Z,23174.17,36540574480
2023-10-14T17:00:00Z,23367.46,35993697899
2023-10-14T18:00:00Z,23519.56,35468981845
2023-10-14T19:00:00Z,23403.34,36587190213
2023-10-14T20:00:00Z,23379.15,33936139316
2023-10-14T21:00:00Z,23473.75,35597921700
2023-10-14T22:00:00Z,23439.57,34239610115
2023-10-14T23:00:00Z,23502.12,35218329617
2023-10-15T00:00:00Z,23398.74,35509369830
2023-10-15T01:00:00Z,23349.37,36143887546
2023-10-15T02:00:00Z,23455.83,33434282857
2023-10-15T03:00:00Z,23565.9,34721454923
2023-10-15T04:00:00Z,23570.14,36600878651
2023-10-15T05:00:00Z,23634.95,36500616499
2023-10-15T06:00:00Z,23500.47,36285961468
2023-10-15T07:00:00Z,23486.06,33612471910
2023-10-15T08:00:00Z,23403.69,34293039300
2023-10-15T09:00:00Z,23207.07,35722452968
2023-10-15T10:00:00Z,23369.04,36066850931
2023-10-15T11:00:00Z,23323.37,36255060319
2023-10-15T12:00:00Z,23493.04,35721546506
2023-10-15T13:00:00Z,23287.62,36129871324
2023-10-15T14:00:00Z,23293.0,33256893171
2023-10-15T15:00:00Z,23365.96,33830694002
2023-10-15T16:00:00Z,23252.89,33476448961
2023-10-15T17:00:00Z,23293.16,36091167240
2023-10-15T18:00:00Z,23082.21,35127795107
2023-10-15T19:00:00Z,22982.31,36102749502
2023-10-15T20:00:00Z,23189.5,34468941582
2023-10-15T21:00:00Z,23128.35,35895074215
2023-10-15T22:00:00Z,22914.07,34730162048
2023-10-15T23:00:00Z,22722.68,36443414313
2023-10-16T00:00:00Z,22866.3,34888330720
2023-10-16T01:00:00Z,22834.66,36449517372
2023-10-16T02:00:00Z,23046.5,33295585910
2023-10-16T03:00:00Z,23253.03,36440182513
2023-10-16T04:00:00Z,23389.88,35050985865
2023-10-16T05:00:00Z,23295.16,33526280774
2023-10-16T06:00:00Z,23305.28,34010833655
2023-10-16T07:00:00Z,23245.86,36683299090
2023-10-16T08:00:00Z,23182.43,33695560132
2023-10-16T09:00:00Z,22954.4,36677423987
2023-10-16T10:00:00Z,22854.55,35665328275
2023-10-16T11:00:00Z,22721.46,35767047310
2023-10-16T12:00:00Z,22659.01,34352769140
2023-10-16T13:00:00Z,22766.74,34126649473
2023-10-16T14:00:00Z,22813.47,33659628319
2023-10-16T15:00:00Z,22960.66,33686292115
2023-10-16T16:00:00Z,23172.17,33548093446
2023-10-16T17:00:00Z,23074.58,34845526754
2023-10-16T18:00:00Z,23088.7,35552578487
2023-10-16T19:00:00Z,23005.09,34651092466
2023-10-16T20:00:00Z,22951.21,34863642588
2023-10-16T21:00:00Z,23125.32,35277946106
2023-10-16T22:00:00Z,23037.8,35826466691
2023-10-16T23:00:00Z,23203.84,34485259544
2023-10-17T00:00:00Z,23300.5,35865054835
2023-10-17T01:00:00Z,23415.09,36447363482
2023-10-17T02:00:00Z,23581.16,34545569682
2023-10-17T03:00:00Z,23449.1,33847835943
2023-10-17T04:00:00Z,23340.24,34477880333
2023-10-17T05:00:00Z,23175.57,33606209882
2023-10-17T06:00:00Z,23222.08,35098906100
2023-10-17T07:00:00Z,22997.63,36586181599
2023-10-17T08:00:00Z,22815.16,36300235217
2023-10-17T09:00:00Z,22949.41,33251074808
2023-10-17T10:00:00Z,22954.93,33700595454
2023-10-17T11:00:00Z,22997.38,33623601171
2023-10-17T12:00:00Z,22885.77,33473835454
2023-10-17T13:00:00Z,22873.1,35216869577
2023-10-17T14:00:00Z,23061.89,35459082793
2023-10-17T15:00:00Z,22994.48,34940233832
2023-10-17T16:00:00Z,22894.43,36520560886
2023-10-17T17:00:00Z,22844.37,33686323569
2023-10-17T18:00:00Z,22978.0,34778032035
2023-10-17T19:00:00Z,23196.99,36243604662
2023-10-17T20:00:00Z,23246.89,33470999236
2023-10-17T21:00:00Z,23065.15,34001023946
2023-10-17T22:00:00Z,23031.44,34608895670
2023-10-17T23:00:00Z,22894.01,35349565390
2023-10-18T00:00:00Z,22713.94,34648080009
2023-10-18T01:00:00Z,22644.02,35602997090
2023-10-18T02:00:00Z,22636.54,35226889609
2023-10-18T03:00:00Z,22644.64,34381017574
2023-10-18T04:00:00Z,22769.24,33313303095
2023-10-18T05:00:00Z,22814.63,33539864723
2023-10-18T06:00:00Z,22731.16,34961615492
2023-10-18T07:00:00Z,22907.37,33861400955
2023-10-18T08:00:00Z,22758.01,36524490555
2023-10-18T09:00:00Z,22548.23,33548667729
2023-10-18T10:00:00Z,22626.8,33992701520
2023-10-18T11:00:00Z,22717.97,34822355166
2023-10-18T12:00:00Z,22521.76,33271240135
2023-10-18T13:00:00Z,22566.0,35801204466
2023-10-18T14:00:00Z,22555.27,35511107471
2023-10-18T15:00:00Z,22425.49,33269405125
2023-10-18T16:00:00Z,22280.3,33585281444
2023-10-18T17:00:00Z,22197.13,33550504661
2023-10-18T18:00:00Z,22257.82,34819175150
2023-10-18T19:00:00Z,22160.47,36341773260
2023-10-18T20:00:00Z,22247.72,34987020795
2023-10-18T21:00:00Z,22370.86,34695323746
2023-10-18T22:00:00Z,22474.71,34475189746
2023-10-18T23:00:00Z,22305.0,35003782785
2023-10-19T00:00:00Z,22525.2,35787266353
2023-10-19T01:00:00Z,22523.9,35293984508
2023-10-19T02:00:00Z,22705.28,34352187031
2023-10-19T03:00:00Z,22844.49,35977411850
2023-10-19T04:00:00Z,22806.4,34820081166
2023-10-19T05:00:00Z,22605.3,35375459046
2023-10-19T06:00:00Z,22446.75,33947820587
2023-10-19T07:00:00Z,22267.94,36592726161
2023-10-19T08:00:00Z,22142.22,35786489612
2023-10-19T09:00:00Z,22147.92,34905133651
2023-10-19T10:00:00Z,21952.3,35640814225
2023-10-19T11:00:00Z,21863.96,33664713007
2023-10-19T12:00:00Z,21881.8,34068750536
2023-10-19T13:00:00Z,21790.7,34133811879
2023-10-19T14:00:00Z,21773.0,34696402522
2023-10-19T15:00:00Z,21575.9,34144165090
2023-10-19T16:00:00Z,21774.32,36325854621
2023-10-19T17:00:00Z,21901.49,35959779864
2023-10-19T18:00:00Z,21974.8,33766822561
2023-10-19T19:00:00Z,22059.25,34593400192
2023-10-19T20:00:00Z,22219.67,35106401674
2023-10-19T21:00:00Z,22131.39,35127655808
2023-10-19T22:00:00Z,22062.1,34874341023
2023-10-19T23:00:00Z,22047.38,35210040575
2023-10-20T00:00:00Z,21977.09,35449648145
2023-10-20T01:00:00Z,21876.03,34422839704
2023-10-20T02:00:00Z,22066.22,35602972340
2023-10-20T03:00:00Z,22172.5,33409085126
2023-10-20T04:00:00Z,21991.39,34132071509
2023-10-20T05:00:00Z,22048.38,36539500922
2023-10-20T06:00:00Z,22182.66,34491261334
2023-10-20T07:00:00Z,22295.06,36494287503
2023-10-20T08:00:00Z,22415.85,34978812588
2023-10-20T09:00:00Z,22417.71,35466401749
2023-10-20T10:00:00Z,22485.02,33300646618
2023-10-20T11:00:00Z,22465.58,34915158972
2023-10-20T12:00:00Z,22676.37,35396874396
2023-10-20T13:00:00Z,22515.03,35764268577
2023-10-20T14:00:00Z,22348.78,36087334228
2023-10-20T15:00:00Z,22191.8,36166550431
2023-10-20T16:00:00Z,22336.88,35935447870
2023-10-20T17:00:00Z,22172.64,34511974138
2023-10-20T18:00:00Z,22179.85,36733292026
2023-10-20T19:00:00Z,22356.09,35965314918
2023-10-20T20:00:00Z,22268.33,33430237487
2023-10-20T21:00:00Z,22179.74,33496323778
2023-10-20T22:00:00Z,22140.06,35491782123
2023-10-20T23:00:00Z,22134.42,33409991942
2023-10-21T00:00:00Z,21950.83,34257832036
2023-10-21T01:00:00Z,22073.03,34349457709
2023-10-21T02:00:00Z,22122.47,36054115812
2023-10-21T03:00:00Z,22185.56,35985901277
2023-10-21T04:00:00Z,22227.25,33469585111
2023-10-21T05:00:00Z,22163.42,33932980151
2023-10-21T06:00:00Z,22228.71,34170997852
2023-10-21T07:00:00Z,22194.17,35811359646
2023-10-21T08:00:00Z,22156.1,35770376624
2023-10-21T09:00:00Z,22003.31,33461542705
2023-10-21T10:00:00Z,21820.43,34778475306
2023-10-21T11:00:00Z,22021.03,34651509981
2023-10-21T12:00:00Z,21914.9,36181693241
2023-10-21T13:00:00Z,21718.89,34045014966
2023-10-21T14:00:00Z,21821.85,34711630464
2023-10-21T15:00:00Z,21929.62,36182581362
2023-10-21T16:00:00Z,22017.63,34731658495
2023-10-21T17:00:00Z,21974.07,36284482402
2023-10-21T18:00:00Z,21947.47,35331648116
2023-10-21T19:00:00Z,22002.03,33998605376
2023-10-21T20:00:00Z,22056.26,34017096486
2023-10-21T21:00:00Z,22191.36,35534643022
2023-10-21T22:00:00Z,22280.15,36689200603
2023-10-21T23:00:00Z,22418.09,33864386166
2023-10-22T00:00:00Z,22416.05,34070370698
2023-10-22T01:00:00Z,22261.48,33888781995
2023-10-22T02:00:00Z,22236.68,34712804182
2023-10-22T03:00:00Z,22084.99,34275999358
2023-10-22T04:00:00Z,22134.72,35607494298
2023-10-22T05:00:00Z,22204.39,33882561042
2023-10-22T06:00:00Z,22076.99,33774593989
2023-10-22T07:00:00Z,22009.22,35018809692
2023-10-22T08:00:00Z,22122.52,36641118534
2023-10-22T09:00:00Z,22341.52,35057789989
2023-10-22T10:00:00Z,22410.13,35222065933
2023-10-22T11:00:00Z,22470.44,36472281117
2023-10-22T12:00:00Z,22446.43,36544170726
2023-10-22T13:00:00Z,22527.3,34318929361
2023-10-22T14:00:00Z,22406.14,33699284888
2023-10-22T15:00:00Z,22596.47,36398523041
2023-10-22T16:00:00Z,22579.29,36548943694
2023-10-22T17:00:00Z,22771.26,35881159997
2023-10-22T18:00:00Z,22639.37,33269661127
2023-10-22T19:00:00Z,22525.71,33935143612
2023-10-22T20:00:00Z,22340.26,36429458310
2023-10-22T21:00:00Z,22150.05,34233927466
2023-10-22T22:00:00Z,22338.02,35787093052
2023-10-22T23:00:00Z,22509.69,35323824888
2023-10-23T00:00:00Z,22730.56,34300016884
2023-10-23T01:00:00Z,22590.32,33763430207
2023-10-23T02:00:00Z,22681.83,35068854019
2023-10-23T03:00:00Z,22860.61,33730575604
2023-10-23T04:00:00Z,22974.5,34461695988
2023-10-23T05:00:00Z,23153.47,35216276558
2023-10-23T06:00:00Z,23068.01,34219470436
2023-10-23T07:00:00Z,22874.7,33922285054
2023-10-23T08:00:00Z,22750.88,34916966130
2023-10-23T09:00:00Z,22597.14,35818523560
2023-10-23T10:00:00Z,22674.52,36228116863
2023-10-23T11:00:00Z,22631.16,34390399692
2023-10-23T12:00:00Z,22792.65,35043966488
2023-10-23T13:00:00Z,22610.97,34271913647
2023-10-23T14:00:00Z,22613.2,33662773471
2023-10-23T15:00:00Z,22396.7,35448885387
2023-10-23T16:00:00Z,22376.29,36019291806
2023-10-23T17:00:00Z,22453.7,34182934981
2023-10-23T18:00:00Z,22409.57,33484937732
2023-10-23T19:00:00Z,22473.89,34280395836
2023-10-23T20:00:00Z,22469.32,33825621518
2023-10-23T21:00:00Z,22547.58,35158820137
2023-10-23T22:00:00Z,22404.41,33967532356
2023-10-23T23:00:00Z,22400.43,35231196348
2023-10-24T00:00:00Z,22177.76,33894464328
2023-10-24T01:00:00Z,22008.32,34246523765
2023-10-24T02:00:00Z,22224.59,35042903279
2023-10-24T03:00:00Z,22198.58,34604221676
2023-10-24T04:00:00Z,22045.72,35385755544
2023-10-24T05:00:00Z,21837.22,36187439937
2023-10-24T06:00:00Z,21956.47,36230134069
2023-10-24T07:00:00Z,22002.68,36455807812
2023-10-24T08:00:00Z,21932.13,34439431088
2023-10-24T09:00:00Z,22015.41,36475145330
2023-10-24T10:00:00Z,22195.53,35268051738
2023-10-24T11:00:00Z,22003.72,36303960728
2023-10-24T12:00:00Z,22149.54,36279637399
2023-10-24T13:00:00Z,22092.41,33923261182
2023-10-24T14:00:00Z,21897.78,34551375517
2023-10-24T15:00:00Z,22016.19,35010430432
2023-10-24T16:00:00Z,22009.63,34305606691
2023-10-24T17:00:00Z,22086.36,34661606787
2023-10-24T18:00:00Z,22180.73,36430212383
2023-10-24T19:00:00Z,22004.07,35487925308
2023-10-24T20:00:00Z,21886.99,36567891539
2023-10-24T21:00:00Z,21798.08,33719368722
2023-10-24T22:00:00Z,21681.22,36404453101
2023-10-24T23:00:00Z,21513.59,34540075611
2023-10-25T00:00:00Z,21721.92,35761510983
2023-10-25T01:00:00Z,21529.38,36546382246
2023-10-25T02:00:00Z,21722.37,34230226694
2023-10-25T03:00:00Z,21694.56,36083485536
2023-10-25T04:00:00Z,21573.0,34398606691
2023-10-25T05:00:00Z,21668.91,35148958504
2023-10-25T06:00:00Z,21497.58,34523647904
2023-10-25T07:00:00Z,21350.69,33597774241
2023-10-25T08:00:00Z,21334.97,36226641536
2023-10-25T09:00:00Z,21124.14,36656865677
2023-10-25T10:00:00Z,21289.66,34889457003
2023-10-25T11:00:00Z,21383.54,35506781193
2023-10-25T12:00:00Z,21314.99,33270701404
2023-10-25T13:00:00Z,21472.09,36605633134
2023-10-25T14:00:00Z,21341.03,34827578066
2023-10-25T15:00:00Z,21551.98,36648595818
2023-10-25T16:00:00Z,21755.4,34124936519
2023-10-25T17:00:00Z,21740.57,35360497744
2023-10-25T18:00:00Z,21680.18,33488696401
2023-10-25T19:00:00Z,21528.42,33775182648
2023-10-25T20:00:00Z,21672.04,35877099280
2023-10-25T21:00:00Z,21709.64,35054541069
2023-10-25T22:00:00Z,21813.64,34708388662
2023-10-25T23:00:00Z,21969.2,34361623780
2023-10-26T00:00:00Z,22012.12,36548103200
2023-10-26T01:00:00Z,21876.46,36032563566
2023-10-26T02:00:00Z,21816.42,33688579289
2023-10-26T03:00:00Z,21626.4,33425524022
2023-10-26T04:00:00Z,21506.85,34330194180
2023-10-26T05:00:00Z,21381.61,33416918577
2023-10-26T06:00:00Z,21177.53,36723440540
2023-10-26T07:00:00Z,21226.56,33665005352
2023-10-26T08:00:00Z,21378.93,35644846121
2023-10-26T09:00:00Z,21211.59,35937241523
2023-10-26T10:00:00Z,21176.87,34337996890
2023-10-26T11:00:00Z,21058.06,35071369963
2023-10-26T12:00:00Z,20927.61,33527983644
2023-10-26T13:00:00Z,21079.51,36133993289
2023-10-26T14:00:00Z,21035.7,35538444970
2023-10-26T15:00:00Z,20961.13,34350265935
2023-10-26T16:00:00Z,21062.53,35185737780
2023-10-26T17:00:00Z,20896.44,35189803535
2023-10-26T18:00:00Z,20796.43,35707387565
2023-10-26T19:00:00Z,20919.07,34137967258
2023-10-26T20:00:00Z,21078.55,34842518900
2023-10-26T21:00:00Z,21032.55,33860487051
2023-10-26T22:00:00Z,21231.07,35206655903
2023-10-26T23:00:00Z,21318.32,34488612359
2023-10-27T00:00:00Z,21224.91,34299992294
2023-10-27T01:00:00Z,21300.23,36239818115
2023-10-27T02:00:00Z,21293.42,36241673294
2023-10-27T03:00:00Z,21107.75,33776595238
2023-10-27T04:00:00Z,21194.96,33434445324
2023-10-27T05:00:00Z,21354.02,35307845363
2023-10-27T06:00:00Z,21294.1,33440975825
2023-10-27T07:00:00Z,21281.71,36701714958
2023-10-27T08:00:00Z,21152.08,35892691152
2023-10-27T09:00:00Z,20977.3,35278388764
2023-10-27T10:00:00Z,21003.77,36053678124
2023-10-27T11:00:00Z,21126.32,36234080795
2023-10-27T12:00:00Z,20974.2,34857503677
2023-10-27T13:00:00Z,20841.93,34589093653
2023-10-27T14:00:00Z,21049.05,36623316447
2023-10-27T15:00:00Z,20996.58,35450862951
2023-10-27T16:00:00Z,21033.27,35442730169
2023-10-27T17:00:00Z,21069.27,34488316610
2023-10-27T18:00:00Z,20967.5,33479632228
2023-10-27T19:00:00Z,21166.33,35604845468
2023-10-27T20:00:00Z,21142.51,34852175572
2023-10-27T21:00:00Z,20938.21,35702882502
2023-10-27T22:00:00Z,20948.34,36603844123
2023-10-27T23:00:00Z,20953.9,36162514863
2023-10-28T00:00:00Z,20819.29,33683324654
2023-10-28T01:00:00Z,20843.02,35052953793
2023-10-28T02:00:00Z,20719.63,34730844077
2023-10-28T03:00:00Z,20691.52,35716690375
2023-10-28T04:00:00Z,20805.46,35581157518
2023-10-28T05:00:00Z,20722.17,34169369508
2023-10-28T06:00:00Z,20593.8,33546795841
2023-10-28T07:00:00Z,20711.42,33509889938
2023-10-28T08:00:00Z,20663.38,35841537990
2023-10-28T09:00:00Z,20822.61,36294332440
2023-10-28T10:00:00Z,20988.87,33900319527
2023-10-28T11:00:00Z,20967.53,34442046264
2023-10-28T12:00:00Z,20766.23,33446830803
2023-10-28T13:00:00Z,20952.62,35739601148
2023-10-28T14:00:00Z,21003.29,36215107996
2023-10-28T15:00:00Z,21035.07,35201658008
2023-10-28T16:00:00Z,20964.55,33790186509
2023-10-28T17:00:00Z,21043.12,35231056490
2023-10-28T18:00:00Z,20983.59,33718939260
2023-10-28T19:00:00Z,21157.23,36707170132
2023-10-28T20:00:00Z,21259.0,33978538431
2023-10-28T21:00:00Z,21283.63,35203445679
2023-10-28T22:00:00Z,21115.91,33791492618
2023-10-28T23:00:00Z,21326.98,34770961180
2023-10-29T00:00:00Z,21423.09,35019760932
2023-10-29T01:00:00Z,21268.25,33418462133
2023-10-29T02:00:00Z,21102.8,35721201425
2023-10-29T03:00:00Z,21165.91,34192273053
2023-10-29T04:00:00Z,21364.38,35194177146
2023-10-29T05:00:00Z,21193.76,33941344498
2023-10-29T06:00:00Z,21369.99,33696690692
2023-10-29T07:00:00Z,21273.87,33437925368
2023-10-29T08:00:00Z,21350.73,36676611087
2023-10-29T09:00:00Z,21559.89,34478904626
2023-10-29T10:00:00Z,21753.92,33601697399
2023-10-29T11:00:00Z,21849.84,36035760555
2023-10-29T12:00:00Z,21708.55,33708356323
2023-10-29T13:00:00Z,21833.31,33272129003
2023-10-29T14:00:00Z,21908.14,36390789750
2023-10-29T15:00:00Z,21971.16,34305917390
2023-10-29T16:00:00Z,21806.99,33770453351
2023-10-29T17:00:00Z,21683.16,35080665370
2023-10-29T18:00:00Z,21688.26,33379899035
2023-10-29T19:00:00Z,21735.65,34961603618
2023-10-29T20:00:00Z,21858.33,36494136696
2023-10-29T21:00:00Z,21951.49,35615669888
2023-10-29T22:00:00Z,21841.94,35463051927
2023-10-29T23:00:00Z,22055.71,34658906796
2023-10-30T00:00:00Z,22084.84,34539972144
2023-10-30T01:00:00Z,21943.5,34818572601
2023-10-30T02:00:00Z,22013.72,35002644783
2023-10-30T03:00:00Z,22020.77,34972205639
2023-10-30T04:00:00Z,22225.35,33712821044
2023-10-30T05:00:00Z,22258.08,35494836727
2023-10-30T06:00:00Z,22248.03,33601933079
2023-10-30T07:00:00Z,22104.77,34172310030
2023-10-30T08:00:00Z,21915.51,34765964282
2023-10-30T09:00:00Z,22016.74,36456933143
2023-10-30T10:00:00Z,21797.99,33883704511
2023-10-30T11:00:00Z,21673.97,33523713645
2023-10-30T12:00:00Z,21600.85,34618651610
2023-10-30T13:00:00Z,21723.78,34715439438
2023-10-30T14:00:00Z,21708.7,36658405524
2023-10-30T15:00:00Z,21646.56,35789030159
2023-10-30T16:00:00Z,21472.9,33826955243
2023-10-30T17:00:00Z,21550.26,36612760165
2023-10-30T18:00:00Z,21481.1,35129293166
2023-10-30T19:00:00Z,21442.37,34790162657
2023-10-30T20:00:00Z,21491.01,33401404255
2023-10-30T21:00:00Z,21612.79,33393653093
2023-10-30T22:00:00Z,21753.65,35640729439
2023-10-30T23:00:00Z,21911.47,36480073025
2023-10-31T00:00:00Z,22073.82,36648151715
2023-10-31T01:00:00Z,21909.02,34056571408
2023-10-31T02:00:00Z,21784.68,36629382421
2023-10-31T03:00:00Z,21834.18,36463016634
2023-10-31T04:00:00Z,21768.46,33555701569
2023-10-31T05:00:00Z,21715.93,36201325645
2023-10-31T06:00:00Z,21889.06,35784026210
2023-10-31T07:00:00Z,22020.46,35781821269
2023-10-31T08:00:00Z,21861.01,35158319515
2023-10-31T09:00:00Z,21830.13,33337186057
2023-10-31T10:00:00Z,21757.14,34270936460
2023-10-31T11:00:00Z,21691.89,34511341239
2023-10-31T12:00:00Z,21761.48,36404790529
2023-10-31T13:00:00Z,21853.39,35602842694
2023-10-31T14:00:00Z,22031.96,35818041666
2023-10-31T15:00:00Z,21919.9,34079390559
2023-10-31T16:00:00Z,22077.8,36400683357
2023-10-31T17:00:00Z,22136.07,36568337359
2023-10-31T18:00:00Z,22019.53,33638224153
2023-10-31T19:00:00Z,22181.84,34598935289
2023-10-31T20:00:00Z,22147.91,35270286922
2023-10-31T21:00:00Z,22193.14,35506868820
2023-10-31T22:00:00Z,22189.65,34636809228
2023-10-31T23:00:00Z,22177.27,36468188581
2023-11-01T00:00:00Z,22272.26,35827040397
2023-11-01T01:00:00Z,22141.21,33667544566
2023-11-01T02:00:00Z,22355.66,34737291551
2023-11-01T03:00:00Z,22536.62,34270505579
2023-11-01T04:00:00Z,22454.29,34228759436
2023-11-01T05:00:00Z,22380.61,33518834030
2023-11-01T06:00:00Z,22467.9,36668528899
2023-11-01T07:00:00Z,22267.52,36713018554
2023-11-01T08:00:00Z,22366.19,34322097670
2023-11-01T09:00:00Z,22541.01,34360463282
2023-11-01T10:00:00Z,22738.58,34266162867
2023-11-01T11:00:00Z,22847.58,33978775859
2023-11-01T12:00:00Z,22635.63,36227887236
2023-11-01T13:00:00Z,22577.64,34121454624
2023-11-01T14:00:00Z,22375.01,33905260738
2023-11-01T15:00:00Z,22536.18,34506092837
2023-11-01T16:00:00Z,22412.14,35234718007
2023-11-01T17:00:00Z,22207.65,35895895357
2023-11-01T18:00:00Z,22369.98,34840540298
2023-11-01T19:00:00Z,22551.89,34679175689
2023-11-01T20:00:00Z,22771.89,33980647728
2023-11-01T21:00:00Z,22860.04,36285372270
2023-11-01T22:00:00Z,22804.71,35955939216
2023-11-01T23:00:00Z,22713.04,35145356668
2023-11-02T00:00:00Z,22712.98,36306713139
2023-11-02T01:00:00Z,22588.54,35536550340
2023-11-02T02:00:00Z,22758.85,36270514742
2023-11-02T03:00:00Z,22590.57,35624298064
2023-11-02T04:00:00Z,22373.29,35316836697
2023-11-02T05:00:00Z,22459.39,34932122251
2023-11-02T06:00:00Z,22650.32,34903597660
2023-11-02T07:00:00Z,22852.79,36372369293
2023-11-02T08:00:00Z,22937.08,33419641741
2023-11-02T09:00:00Z,23066.13,33780022866
2023-11-02T10:00:00Z,22945.15,35103448009
2023-11-02T11:00:00Z,23006.44,34999645888
2023-11-02T12:00:00Z,23039.7,35323587644
2023-11-02T13:00:00Z,22852.81,35502048945
2023-11-02T14:00:00Z,22672.88,34783981136
2023-11-02T15:00:00Z,22549.83,36472050029
2023-11-02T16:00:00Z,22372.79,33343575387
2023-11-02T17:00:00Z,22200.39,35402073599
2023-11-02T18:00:00Z,22044.16,33817349118
2023-11-02T19:00:00Z,21959.52,36139779154
2023-11-02T20:00:00Z,21950.44,34271637665
2023-11-02T21:00:00Z,22114.62,33693197607
2023-11-02T22:00:00Z,22274.73,35804212855
2023-11-02T23:00:00Z,22427.91,36297618891
2023-11-03T00:00:00Z,22285.71,34997680809
2023-11-03T01:00:00Z,22502.91,35712935408
2023-11-03T02:00:00Z,22711.18,33445867056
2023-11-03T03:00:00Z,22610.66,34642597391
2023-11-03T04:00:00Z,22437.23,36168972542
2023-11-03T05:00:00Z,22390.88,34995009862
2023-11-03T06:00:00Z,22461.72,34815585314
2023-11-03T07:00:00Z,22291.69,35650175859
2023-11-03T08:00:00Z,22248.88,36181492073
2023-11-03T09:00:00Z,22306.1,35151218340
2023-11-03T10:00:00Z,22085.11,34775415607
2023-11-03T11:00:00Z,22022.22,35451852903
2023-11-03T12:00:00Z,21897.64,34874167835
2023-11-03T13:00:00Z,22092.86,34314996159
2023-11-03T14:00:00Z,21958.5,35879411350
2023-11-03T15:00:00Z,22037.43,33530604174
2023-11-03T16:00:00Z,22154.18,35275968047
2023-11-03T17:00:00Z,22029.76,36714347686
2023-11-03T18:00:00Z,21855.43,35580279569
2023-11-03T19:00:00Z,22033.64,34912241141
2023-11-03T20:00:00Z,21865.33,33578074039
2023-11-03T21:00:00Z,21763.25,34783925921
2023-11-03T22:00:00Z,21765.18,34461678651
2023-11-03T23:00:00Z,21708.15,36197960075
2023-11-04T00:00:00Z,21908.2,36344340292
2023-11-04T01:00:00Z,21787.29,36034590032
2023-11-04T02:00:00Z,21904.8,34604475682
2023-11-04T03:00:00Z,22053.35,35291417616
2023-11-04T04:00:00Z,22121.77,33376783854
2023-11-04T05:00:00Z,22008.42,34292225317
2023-11-04T06:00:00Z,21824.03,36566045298
2023-11-04T07:00:00Z,21757.16,36167196551
2023-11-04T08:00:00Z,21602.7,35440813209
2023-11-04T09:00:00Z,21635.2,34974449688
2023-11-04T10:00:00Z,21627.31,33867133562
2023-11-04T11:00:00Z,21697.15,34427162444
2023-11-04T12:00:00Z,21613.53,36365897656
2023-11-04T13:00:00Z,21520.41,34600551027
2023-11-04T14:00:00Z,21351.25,33868571515
2023-11-04T15:00:00Z,21518.93,34060395681
2023-11-04T16:00:00Z,21539.97,35352384996
2023-11-04T17:00:00Z,21684.03,34847681053
2023-11-04T18:00:00Z,21785.76,35034377975
2023-11-04T19:00:00Z,21590.55,36329265320
2023-11-04T20:00:00Z,21654.63,34366191565
2023-11-04T21:00:00Z,21446.25,35581476694
2023-11-04T22:00:00Z,21592.23,35711782079
2023-11-04T23:00:00Z,21621.71,35183354440
2023-11-05T00:00:00Z,21784.94,33578567167
2023-11-05T01:00:00Z,21637.69,34987225078
2023-11-05T02:00:00Z,21511.64,33512227911
2023-11-05T03:00:00Z,21694.42,34944840883
2023-11-05T04:00:00Z,21812.18,34194251821
2023-11-05T05:00:00Z,22005.36,34024906211
2023-11-05T06:00:00Z,21967.43,36086586124
2023-11-05T07:00:00Z,22143.7,34043434464
2023-11-05T08:00:00Z,22140.56,34636208714
2023-11-05T09:00:00Z,22294.42,34782859296
2023-11-05T10:00:00Z,22293.22,35250959485
2023-11-05T11:00:00Z,22313.54,33353195383
2023-11-05T12:00:00Z,22489.8,35128059596
2023-11-05T13:00:00Z,22464.81,34308263463
2023-11-05T14:00:00Z,22616.9,35824257890
2023-11-05T15:00:00Z,22473.91,35085333992
2023-11-05T16:00:00Z,22502.25,35300725560
2023-11-05T17:00:00Z,22639.44,34941766097
2023-11-05T18:00:00Z,22516.68,34304627462
2023-11-05T19:00:00Z,22619.25,33836930429
2023-11-05T20:00:00Z,22488.76,33547726073
2023-11-05T21:00:00Z,22572.24,34505582682
2023-11-05T22:00:00Z,22655.69,36068072827
2023-11-05T23:00:00Z,22597.47,33691430960
2023-11-06T00:00:00Z,22491.39,34817858325
2023-11-06T01:00:00Z,22651.77,33938351931
2023-11-06T02:00:00Z,22655.91,35988356695
2023-11-06T03:00:00Z,22711.83,36210976735
2023-11-06T04:00:00Z,22738.36,36682785232
2023-11-06T05:00:00Z,22792.29,33702707167
2023-11-06T06:00:00Z,22610.06,34042486851
2023-11-06T07:00:00Z,22810.9,36345396942
2023-11-06T08:00:00Z,22793.66,33326233687
2023-11-06T09:00:00Z,22894.76,35295769433
2023-11-06T10:00:00Z,22721.22,34950195456
2023-11-06T11:00:00Z,22535.28,33644825209
2023-11-06T12:00:00Z,22365.42,36229620055
2023-11-06T13:00:00Z,22531.34,36314620874
2023-11-06T14:00:00Z,22630.43,33549829962
2023-11-06T15:00:00Z,22738.32,35554565047
2023-11-06T16:00:00Z,22587.45,36405389791
2023-11-06T17:00:00Z,22789.12,35524477294
2023-11-06T18:00:00Z,22622.56,33367705499
2023-11-06T19:00:00Z,22405.0,35693662218
2023-11-06T20:00:00Z,22490.62,33317519996
2023-11-06T21:00:00Z,22579.68,33539787359
2023-11-06T22:00:00Z,22552.03,35224055653
2023-11-06T23:00:00Z,22681.17,35189180929
2023-11-07T00:00:00Z,22833.96,33978053048
2023-11-07T01:00:00Z,22949.8,34063633177
2023-11-07T02:00:00Z,22937.27,33395242696
2023-11-07T03:00:00Z,22859.4,33616508123
2023-11-07T04:00:00Z,23008.69,36627731044
2023-11-07T05:00:00Z,23012.75,35180430043
2023-11-07T06:00:00Z,23160.26,36479764581
2023-11-07T07:00:00Z,23034.57,34556433489
2023-11-07T08:00:00Z,22939.67,34136919262
2023-11-07T09:00:00Z,23082.59,34190747525
2023-11-07T10:00:00Z,23160.99,36359726060
2023-11-07T11:00:00Z,23308.29,34744510233
2023-11-07T12:00:00Z,23452.56,35236634790
2023-11-07T13:00:00Z,23603.13,35957900122
2023-11-07T14:00:00Z,23372.07,36173456918
2023-11-07T15:00:00Z,23239.89,34719475847
2023-11-07T16:00:00Z,23189.66,33327254315
2023-11-07T17:00:00Z,23362.69,33289402678
2023-11-07T18:00:00Z,23258.9,35579916579
2023-11-07T19:00:00Z,23034.02,35074494345
2023-11-07T20:00:00Z,23165.52,33864175609
2023-11-07T21:00:00Z,22974.99,34769396408
2023-11-07T22:00:00Z,23034.16,34802404684
2023-11-07T23:00:00Z,22937.05,36352270892
2023-11-08T00:00:00Z,23048.66,36146542910
2023-11-08T01:00:00Z,23022.98,34117398297
2023-11-08T02:00:00Z,23129.14,36675977375
2023-11-08T03:00:00Z,23254.93,33346764372
2023-11-08T04:00:00Z,23257.9,33272365557
2023-11-08T05:00:00Z,23328.18,34118588813
2023-11-08T06:00:00Z,23125.39,33404180705
2023-11-08T07:00:00Z,23091.35,34960431489
2023-11-08T08:00:00Z,22882.08,34791465200
2023-11-08T09:00:00Z,22947.38,36217486646
2023-11-08T10:00:00Z,23002.64,36539023267
2023-11-08T11:00:00Z,22827.47,36229269005
2023-11-08T12:00:00Z,22980.94,36352105706
2023-11-08T13:00:00Z,23136.93,34737020368
2023-11-08T14:00:00Z,22958.18,35491838131
2023-11-08T15:00:00Z,22811.63,34389283970
2023-11-08T16:00:00Z,22835.71,34719366856
2023-11-08T17:00:00Z,22670.36,33323182476
2023-11-08T18:00:00Z,22869.93,33774894684
2023-11-08T19:00:00Z,22785.21,35688124201
2023-11-08T20:00:00Z,22562.52,33969440285
2023-11-08T21:00:00Z,22341.52,33332129679
2023-11-08T22:00:00Z,22483.98,33768280524
2023-11-08T23:00:00Z,22651.24,35809466567
2023-11-09T00:00:00Z,22817.95,34245556228
2023-11-09T01:00:00Z,22752.99,34439006089
2023-11-09T02:00:00Z,22796.84,36544962865
2023-11-09T03:00:00Z,22937.68,34969558147
2023-11-09T04:00:00Z,22750.59,34034753618
2023-11-09T05:00:00Z,22583.86,36139239432
2023-11-09T06:00:00Z,22389.83,35237461993
2023-11-09T07:00:00Z,22374.9,35811272627
2023-11-09T08:00:00Z,22466.93,33432076529
2023-11-09T09:00:00Z,22659.38,36502947026
2023-11-09T10:00:00Z,22867.82,35963765007
2023-11-09T11:00:00Z,22713.29,34864091592
2023-11-09T12:00:00Z,22548.43,36042057763
2023-11-09T13:00:00Z,22401.54,34231735221
2023-11-09T14:00:00Z,22545.04,36426396938
2023-11-09T15:00:00Z,22522.83,33336222609
2023-11-09T16:00:00Z,22713.55,34894193319
2023-11-09T17:00:00Z,22651.75,34242688296
2023-11-09T18:00:00Z,22797.94,35500657381
2023-11-09T19:00:00Z,22761.23,35362780982
2023-11-09T20:00:00Z,22549.95,35951413458
2023-11-09T21:00:00Z,22414.43,34716647744
2023-11-09T22:00:00Z,22340.7,35121393792
2023-11-09T23:00:00Z,22208.17,35676630127
2023-11-10T00:00:00Z,22188.89,35692017867
2023-11-10T01:00:00Z,22369.88,36510033032
2023-11-10T02:00:00Z,22475.45,33256588020
2023-11-10T03:00:00Z,22440.04,36010360325
2023-11-10T04:00:00Z,22597.15,34009777038
2023-11-10T05:00:00Z,22381.34,33360342454
2023-11-10T06:00:00Z,22174.08,33985074734
2023-11-10T07:00:00Z,22113.29,36621696604
2023-11-10T08:00:00Z,22097.11,36722686057
2023-11-10T09:00:00Z,21955.65,33538006135
2023-11-10T10:00:00Z,22065.18,34553381030
2023-11-10T11:00:00Z,21957.54,33396816412
2023-11-10T12:00:00Z,21796.43,33346373082
2023-11-10T13:00:00Z,21852.0,33856613025
2023-11-10T14:00:00Z,21734.83,33541390594
2023-11-10T15:00:00Z,21797.32,35082855262
2023-11-10T16:00:00Z,21999.96,33757177814
2023-11-10T17:00:00Z,22095.88,34502046179
2023-11-10T18:00:00Z,21915.25,33515052353
2023-11-10T19:00:00Z,21729.14,34428204765
2023-11-10T20:00:00Z,21855.57,34343820826
2023-11-10T21:00:00Z,21831.94,33634422958
2023-11-10T22:00:00Z,21664.88,36734705010
2023-11-10T23:00:00Z,21578.52,36119564399
2023-11-11T00:00:00Z,21490.37,36706607958
2023-11-11T01:00:00Z,21322.68,36561889387
2023-11-11T02:00:00Z,21222.8,34917726405
2023-11-11T03:00:00Z,21294.45,33845401363
2023-11-11T04:00:00Z,21266.98,36091620406
2023-11-11T05:00:00Z,21434.26,34539846342
2023-11-11T06:00:00Z,21303.0,35558539887
2023-11-11T07:00:00Z,21230.84,36494990627
2023-11-11T08:00:00Z,21107.02,34982562647
2023-11-11T09:00:00Z,21295.95,34501034999
2023-11-11T10:00:00Z,21256.54,36507399673
2023-11-11T11:00:00Z,21311.86,35914892904
2023-11-11T12:00:00Z,21332.08,34281602290
2023-11-11T13:00:00Z,21510.62,33514726700
2023-11-11T14:00:00Z,21573.01,33693814526
2023-11-11T15:00:00Z,21475.62,35358437240
2023-11-11T16:00:00Z,21647.55,34846790621
2023-11-11T17:00:00Z,21631.09,34216595765
2023-11-11T18:00:00Z,21417.98,34477360531
2023-11-11T19:00:00Z,21625.8,34237971844
2023-11-11T20:00:00Z,21551.65,35285034396
2023-11-11T21:00:00Z,21455.94,33555235130
2023-11-11T22:00:00Z,21601.48,35672731743
2023-11-11T23:00:00Z,21535.88,33830336607
2023-11-12T00:00:00Z,21653.11,34334826279
2023-11-12T01:00:00Z,21581.07,33277938022
2023-11-12T02:00:00Z,21725.84,34456189063
2023-11-12T03:00:00Z,21825.83,35888034579
2023-11-12T04:00:00Z,21807.34,36361105810
2023-11-12T05:00:00Z,21847.92,35217421131
2023-11-12T06:00:00Z,21971.84,35871636318
2023-11-12T07:00:00Z,21869.7,36492783984
2023-11-12T08:00:00Z,22079.36,34361596498
2023-11-12T09:00:00Z,22238.97,35331610806
2023-11-12T10:00:00Z,22143.51,34106104177
2023-11-12T11:00:00Z,21956.69,33864590622
2023-11-12T12:00:00Z,21794.6,36731892382
2023-11-12T13:00:00Z,21912.36,33966939496
2023-11-12T14:00:00Z,21743.68,36304113931
2023-11-12T15:00:00Z,21541.5,35669828070
2023-11-12T16:00:00Z,21646.54,36312748172
2023-11-12T17:00:00Z,21774.91,35552683188
2023-11-12T18:00:00Z,21596.46,35339905696
2023-11-12T19:00:00Z,21409.37,35054339902
2023-11-12T20:00:00Z,21482.74,35542848712
2023-11-12T21:00:00Z,21507.35,35509783726
2023-11-12T22:00:00Z,21529.08,33675401989
2023-11-12T23:00:00Z,21716.6,35432457486
2023-11-13T00:00:00Z,21659.94,33828637176
2023-11-13T01:00:00Z,21852.63,34630573651
2023-11-13T02:00:00Z,22003.26,34312219429
2023-11-13T03:00:00Z,22203.96,34791642827
2023-11-13T04:00:00Z,22307.63,34305397664
2023-11-13T05:00:00Z,22462.09,35422736004
2023-11-13T06:00:00Z,22541.32,35009298239
2023-11-13T07:00:00Z,22737.88,34362136934
2023-11-13T08:00:00Z,22594.66,34211015613
2023-11-13T09:00:00Z,22566.99,35142364203
2023-11-13T10:00:00Z,22613.89,36324386297
2023-11-13T11:00:00Z,22543.24,35108849453
2023-11-13T12:00:00Z,22444.38,33297943118
2023-11-13T13:00:00Z,22466.45,33578214098
2023-11-13T14:00:00Z,22301.12,35471378872
2023-11-13T15:00:00Z,22142.79,36295615927
2023-11-13T16:00:00Z,22172.32,36315198308
2023-11-13T17:00:00Z,22127.01,35159492444
2023-11-13T18:00:00Z,21958.67,34099607689
2023-11-13T19:00:00Z,22044.51,34865486003
2023-11-13T20:00:00Z,21947.23,33997649101
2023-11-13T21:00:00Z,21781.68,35921986356
2023-11-13T22:00:00Z,21691.7,36560874601
2023-11-13T23:00:00Z,21711.11,33927916412
2023-11-14T00:00:00Z,21531.13,35026476990
2023-11-14T01:00:00Z,21623.32,35027174926
2023-11-14T02:00:00Z,21591.9,35402485868
2023-11-14T03:00:00Z,21401.33,34864763747
2023-11-14T04:00:00Z,21480.35,33768897681
2023-11-14T05:00:00Z,21616.99,34324901849
2023-11-14T06:00:00Z,21796.11,33451431698
2023-11-14T07:00:00Z,21618.11,34331217889
2023-11-14T08:00:00Z,21676.43,36444240249
2023-11-14T09:00:00Z,21801.09,33740494246
2023-11-14T10:00:00Z,21973.9,36399777853
2023-11-14T11:00:00Z,21872.38,35231712165
2023-11-14T12:00:00Z,22049.82,34327072232
2023-11-14T13:00:00Z,21985.21,35603493509
2023-11-14T14:00:00Z,21842.38,35279856710
2023-11-14T15:00:00Z,21991.17,35824350053
2023-11-14T16:00:00Z,22106.47,35940802969
2023-11-14T17:00:00Z,22092.37,34670777948
2023-11-14T18:00:00Z,22261.17,35977955117
2023-11-14T19:00:00Z,22282.58,36550115338
2023-11-14T20:00:00Z,22449.6,33278806013
2023-11-14T21:00:00Z,22240.08,36600701460
2023-11-14T22:00:00Z,22213.31,36530833859
2023-11-14T23:00:00Z,22370.11,33681063329
2023-11-15T00:00:00Z,22288.45,33349396017
2023-11-15T01:00:00Z,22163.71,36360215807
2023-11-15T02:00:00Z,22083.96,35775375790
2023-11-15T03:00:00Z,22142.87,35553294911
2023-11-15T04:00:00Z,22052.23,35149363698
2023-11-15T05:00:00Z,21857.16,33615707644
2023-11-15T06:00:00Z,21678.0,36383452985
2023-11-15T07:00:00Z,21633.72,36197836205
2023-11-15T08:00:00Z,21821.77,34305666806
2023-11-15T09:00:00Z,21939.58,36620417716
2023-11-15T10:00:00Z,22047.6,34754405354
2023-11-15T11:00:00Z,22232.16,35758682028
2023-11-15T12:00:00Z,22179.88,33752460794
2023-11-15T13:00:00Z,22245.65,33822276442
2023-11-15T14:00:00Z,22278.63,35505577791
2023-11-15T15:00:00Z,22076.74,33733152908
2023-11-15T16:00:00Z,22103.29,34724775313
2023-11-15T17:00:00Z,21950.96,34782733373
2023-11-15T18:00:00Z,21789.94,35297696116
2023-11-15T19:00:00Z,21925.1,34008707057
2023-11-15T20:00:00Z,22143.24,36386475887
2023-11-15T21:00:00Z,22224.88,35741886055
2023-11-15T22:00:00Z,22256.12,33582768140
2023-11-15T23:00:00Z,22281.68,33805304940
2023-11-16T00:00:00Z,22351.75,36126029841
2023-11-16T01:00:00Z,22476.76,36407108492
2023-11-16T02:00:00Z,22684.04,34177906943
2023-11-16T03:00:00Z,22679.82,34559055380
2023-11-16T04:00:00Z,22464.26,35433792000
2023-11-16T05:00:00Z,22283.81,34880390590
2023-11-16T06:00:00Z,22328.5,35688708045
2023-11-16T07:00:00Z,22456.86,34394460130
2023-11-16T08:00:00Z,22470.8,36433416561
2023-11-16T09:00:00Z,22269.34,36745215988
2023-11-16T10:00:00Z,22202.14,34286668949
2023-11-16T11:00:00Z,22290.62,36738476611
2023-11-16T12:00:00Z,22073.4,34445977265
2023-11-16T13:00:00Z,22221.68,34164373261
2023-11-16T14:00:00Z,22382.99,35648084774
2023-11-16T15:00:00Z,22545.69,35434120911
2023-11-16T16:00:00Z,22497.86,36296620397
2023-11-16T17:00:00Z,22505.94,34823029585
2023-11-16T18:00:00Z,22680.18,33969293892
2023-11-16T19:00:00Z,22552.55,33697024034
2023-11-16T20:00:00Z,22393.98,34596127270
2023-11-16T21:00:00Z,22211.21,36210908106
2023-11-16T22:00:00Z,22365.11,36105603643
2023-11-16T23:00:00Z,22386.1,34218452485
2023-11-17T00:00:00Z,22385.42,35920203191
2023-11-17T01:00:00Z,22345.74,36615537043
2023-11-17T02:00:00Z,22386.74,36437964162
2023-11-17T03:00:00Z,22574.82,36629309836
2023-11-17T04:00:00Z,22782.49,33421188465
2023-11-17T05:00:00Z,22792.55,36391485215
2023-11-17T06:00:00Z,22788.21,34608844552
2023-11-17T07:00:00Z,22871.26,35105879545
2023-11-17T08:00:00Z,22885.97,35437956158
2023-11-17T09:00:00Z,22809.15,34907546045
2023-11-17T10:00:00Z,22616.02,34220946660
2023-11-17T11:00:00Z,22449.49,33817586491
2023-11-17T12:00:00Z,22261.99,35784760532
2023-11-17T13:00:00Z,22198.23,35353661572
2023-11-17T14:00:00Z,22220.1,35472496178
2023-11-17T15:00:00Z,22199.0,34073818162
2023-11-17T16:00:00Z,22368.79,34217751583
2023-11-17T17:00:00Z,22500.86,33939824004
2023-11-17T18:00:00Z,22342.93,34923484518
2023-11-17T19:00:00Z,22144.74,36094796043
2023-11-17T20:00:00Z,22211.38,33340617750
2023-11-17T21:00:00Z,22211.57,34070359433
2023-11-17T22:00:00Z,22155.46,36659630121
2023-11-17T23:00:00Z,22224.01,33687082516
2023-11-18T00:00:00Z,22382.17,36180306875
2023-11-18T01:00:00Z,22201.32,34122710771
2023-11-18T02:00:00Z,22140.33,33802897398
2023-11-18T03:00:00Z,22328.99,35340956256
2023-11-18T04:00:00Z,22180.75,35768672768
2023-11-18T05:00:00Z,22305.41,34268262363
2023-11-18T06:00:00Z,22327.96,34816372369
2023-11-18T07:00:00Z,22522.88,33659241589
2023-11-18T08:00:00Z,22470.17,36738422834
2023-11-18T09:00:00Z,22583.46,35611310679
2023-11-18T10:00:00Z,22416.47,35700631903
2023-11-18T11:00:00Z,22237.43,35959626463
2023-11-18T12:00:00Z,22113.05,36082454781
2023-11-18T13:00:00Z,22203.8,35239696457
2023-11-18T14:00:00Z,22011.43,35956780947
2023-11-18T15:00:00Z,22094.47,34524804640
2023-11-18T16:00:00Z,21995.07,33542448714
2023-11-18T17:00:00Z,22156.95,34816823332
2023-11-18T18:00:00Z,22223.82,35420460210
2023-11-18T19:00:00Z,22362.7,36655375372
2023-11-18T20:00:00Z,22174.77,34093817706
2023-11-18T21:00:00Z,22274.89,34790109010
2023-11-18T22:00:00Z,22394.43,34229430403
2023-11-18T23:00:00Z,22485.95,35774890293
2023-11-19T00:00:00Z,22508.23,36175322159
2023-11-19T01:00:00Z,22336.79,36401984901
2023-11-19T02:00:00Z,22398.25,35060086132
2023-11-19T03:00:00Z,22206.24,35086743124
2023-11-19T04:00:00Z,22427.28,35751745167
2023-11-19T05:00:00Z,22595.4,36041546355
2023-11-19T06:00:00Z,22558.92,33656804491
2023-11-19T07:00:00Z,22748.79,36421415884
2023-11-19T08:00:00Z,22818.93,35848699002
2023-11-19T09:00:00Z,22598.49,36332291698
2023-11-19T10:00:00Z,22482.18,35188606746
2023-11-19T11:00:00Z,22621.8,36620722622
2023-11-19T12:00:00Z,22418.01,36712930501
2023-11-19T13:00:00Z,22516.18,34592491886
2023-11-19T14:00:00Z,22592.51,34972555927
2023-11-19T15:00:00Z,22817.69,33335762504
2023-11-19T16:00:00Z,23029.05,36199086154
2023-11-19T17:00:00Z,23017.05,36192384395
2023-11-19T18:00:00Z,23070.46,35799767429
2023-11-19T19:00:00Z,23088.65,35543927735
2023-11-19T20:00:00Z,22891.23,35300468955
2023-11-19T21:00:00Z,22915.04,34243411258
2023-11-19T22:00:00Z,23047.76,34270268839
2023-11-19T23:00:00Z,23153.48,33267013636
2023-11-20T00:00:00Z,22922.46,36156432570
2023-11-20T01:00:00Z,22797.03,33568408132
2023-11-20T02:00:00Z,22645.99,36128798507
2023-11-20T03:00:00Z,22646.09,35203894302
2023-11-20T04:00:00Z,22516.38,33816404896
2023-11-20T05:00:00Z,22526.48,33945568453
2023-11-20T06:00:00Z,22333.09,33491008950
2023-11-20T07:00:00Z,22423.03,35019829927
2023-11-20T08:00:00Z,22547.33,35083484728
2023-11-20T09:00:00Z,22557.15,34945036426
2023-11-20T10:00:00Z,22571.34,36036571359
2023-11-20T11:00:00Z,22609.08,34946113961
2023-11-20T12:00:00Z,22493.08,33827876537
2023-11-20T13:00:00Z,22682.03,35874153896
2023-11-20T14:00:00Z,22788.08,33614437549
2023-11-20T15:00:00Z,22977.02,34862399563
2023-11-20T16:00:00Z,23060.47,36744541940
2023-11-20T17:00:00Z,22910.68,34177483695
2023-11-20T18:00:00Z,22950.73,36175008236
2023-11-20T19:00:00Z,23091.42,35346699878
2023-11-20T20:00:00Z,23279.22,35660303001
2023-11-20T21:00:00Z,23222.37,36440126199
2023-11-20T22:00:00Z,23058.39,34048227062
2023-11-20T23:00:00Z,22894.6,35650822307
2023-11-21T00:00:00Z,23012.41,34323576477
2023-11-21T01:00:00Z,23097.75,33298569876
2023-11-21T02:00:00Z,23293.19,34020154364
2023-11-21T03:00:00Z,23517.03,34358744093
2023-11-21T04:00:00Z,23694.56,34351996375
2023-11-21T05:00:00Z,23611.36,34686970722
2023-11-21T06:00:00Z,23742.07,36720213884
2023-11-21T07:00:00Z,23551.04,35149351184
2023-11-21T08:00:00Z,23611.62,33880333457
2023-11-21T09:00:00Z,23538.33,34774948482
2023-11-21T10:00:00Z,23400.54,35901736406
2023-11-21T11:00:00Z,23562.01,34441117057
2023-11-21T12:00:00Z,23706.66,33520010775
2023-11-21T13:00:00Z,23769.04,35213482257
2023-11-21T14:00:00Z,23924.34,33421572673
2023-11-21T15:00:00Z,24020.43,36235086302
2023-11-21T16:00:00Z,23871.72,34448147405
2023-11-21T17:00:00Z,23855.37,36126039273
2023-11-21T18:00:00Z,23981.59,35282899651
2023-11-21T19:00:00Z,23872.19,34191179366
2023-11-21T20:00:00Z,23877.4,34099861040
2023-11-21T21:00:00Z,23769.29,33882190619
2023-11-21T22:00:00Z,23730.99,35928508332
2023-11-21T23:00:00Z,23513.85,35602793360
2023-11-22T00:00:00Z,23628.63,34044693976
2023-11-22T01:00:00Z,23650.56,33400163782
2023-11-22T02:00:00Z,23557.99,35055162031
2023-11-22T03:00:00Z,23362.66,35047419909
2023-11-22T04:00:00Z,23281.63,33323590847
2023-11-22T05:00:00Z,23225.43,35363125203
2023-11-22T06:00:00Z,23077.16,34682548839
2023-11-22T07:00:00Z,23039.62,35389898101
2023-11-22T08:00:00Z,22870.23,36586036039
2023-11-22T09:00:00Z,22829.71,34775183359
2023-11-22T10:00:00Z,22649.79,34542227424
2023-11-22T11:00:00Z,22502.19,33841615235
2023-11-22T12:00:00Z,22570.06,34992118660
2023-11-22T13:00:00Z,22607.93,34629232008
2023-11-22T14:00:00Z,22610.27,35283939843
2023-11-22T15:00:00Z,22662.89,35437249322
2023-11-22T16:00:00Z,22703.0,36518296215
2023-11-22T17:00:00Z,22680.9,34997759645
2023-11-22T18:00:00Z,22640.97,36740120718
2023-11-22T19:00:00Z,22649.01,33454675327
2023-11-22T20:00:00Z,22865.3,34503533307
2023-11-22T21:00:00Z,22855.94,35754787310
2023-11-22T22:00:00Z,22628.99,34585594221
2023-11-22T23:00:00Z,22789.08,34234306433
2023-11-23T00:00:00Z,22607.03,33846616356
2023-11-23T01:00:00Z,22534.71,33924455153
2023-11-23T02:00:00Z,22324.56,34115492176
2023-11-23T03:00:00Z,22347.63,33770603537
2023-11-23T04:00:00Z,22473.76,34474197128
2023-11-23T05:00:00Z,22658.79,35711854286
2023-11-23T06:00:00Z,22477.32,35748660930
2023-11-23T07:00:00Z,22430.31,35289207098
2023-11-23T08:00:00Z,22598.51,33892635642
2023-11-23T09:00:00Z,22750.4,33956826613
2023-11-23T10:00:00Z,22885.21,35577164466
2023-11-23T11:00:00Z,23000.97,35643382168
2023-11-23T12:00:00Z,22776.09,34051781633
2023-11-23T13:00:00Z,22658.66,36080739158
2023-11-23T14:00:00Z,22599.8,36482758064
2023-11-23T15:00:00Z,22460.99,33728874470
2023-11-23T16:00:00Z,22611.42,33798074315
2023-11-23T17:00:00Z,22508.48,35847958593
2023-11-23T18:00:00Z,22441.27,35841018664
2023-11-23T19:00:00Z,22378.12,35461378347
2023-11-23T20:00:00Z,22176.39,35667661443
2023-11-23T21:00:00Z,22092.42,35209309901
2023-11-23T22:00:00Z,22265.02,35336142555
2023-11-23T23:00:00Z,22172.84,33920773708
2023-11-24T00:00:00Z,22363.8,35556709874
2023-11-24T01:00:00Z,22239.31,36566680402
2023-11-24T02:00:00Z,22406.73,34524864098
2023-11-24T03:00:00Z,22314.81,34215022684
2023-11-24T04:00:00Z,22491.88,36434481398
2023-11-24T05:00:00Z,22376.28,33606129217
2023-11-24T06:00:00Z,22452.29,35169779485
2023-11-24T07:00:00Z,22548.77,36314982860
2023-11-24T08:00:00Z,22750.64,35132409909
2023-11-24T09:00:00Z,22653.47,34546815936
2023-11-24T10:00:00Z,22595.49,34550619872
2023-11-24T11:00:00Z,22438.35,33803500496
2023-11-24T12:00:00Z,22534.64,33309179134
2023-11-24T13:00:00Z,22585.89,33987855822
2023-11-24T14:00:00Z,22696.37,34006190433
2023-11-24T15:00:00Z,22819.6,33905685357
2023-11-24T16:00:00Z,22655.6,34813061996
2023-11-24T17:00:00Z,22692.47,34379808722
2023-11-24T18:00:00Z,22754.65,34847447687
2023-11-24T19:00:00Z,22627.7,36245190816
2023-11-24T20:00:00Z,22570.57,33905887947
2023-11-24T21:00:00Z,22682.14,36496817763
2023-11-24T22:00:00Z,22857.39,36561242338
2023-11-24T23:00:00Z,22817.48,35128648076
2023-11-25T00:00:00Z,22757.05,34288769211
2023-11-25T01:00:00Z,22537.18,34111456300
2023-11-25T02:00:00Z,22742.66,33625352541
2023-11-25T03:00:00Z,22798.81,35923596012
2023-11-25T04:00:00Z,22902.2,35514905393
2023-11-25T05:00:00Z,22796.13,36253698377
2023-11-25T06:00:00Z,22851.26,34199593313
2023-11-25T07:00:00Z,22634.7,35674837773
2023-11-25T08:00:00Z,22504.05,33762095046
2023-11-25T09:00:00Z,22305.58,33831930150
2023-11-25T10:00:00Z,22225.19,33591545089
2023-11-25T11:00:00Z,22257.1,33726617283
2023-11-25T12:00:00Z,22197.49,35204675959
2023-11-25T13:00:00Z,22247.14,33520440205
2023-11-25T14:00:00Z,22058.43,34591552407
2023-11-25T15:00:00Z,21894.49,35221262411
2023-11-25T16:00:00Z,22041.18,33447137453
2023-11-25T17:00:00Z,21844.73,36475108594
2023-11-25T18:00:00Z,21705.47,34863445093
2023-11-25T19:00:00Z,21906.22,34502024715
2023-11-25T20:00:00Z,21717.75,33394350276
2023-11-25T21:00:00Z,21906.27,34648288823
2023-11-25T22:00:00Z,21982.87,34923418130
2023-11-25T23:00:00Z,22038.96,34447407065
2023-11-26T00:00:00Z,22159.64,36722148358
2023-11-26T01:00:00Z,21971.83,36672275084
2023-11-26T02:00:00Z,22126.23,33313590950
2023-11-26T03:00:00Z,22285.88,34743303582
2023-11-26T04:00:00Z,22479.02,33942724138
2023-11-26T05:00:00Z,22549.36,33326598730
2023-11-26T06:00:00Z,22750.37,36232375144
2023-11-26T07:00:00Z,22707.91,36630233867
2023-11-26T08:00:00Z,22617.96,35379454491
2023-11-26T09:00:00Z,22396.24,35508087527
2023-11-26T10:00:00Z,22268.85,33953533545
2023-11-26T11:00:00Z,22113.51,33572387753
2023-11-26T12:00:00Z,22150.0,35907438667
2023-11-26T13:00:00Z,22309.92,33347196572
2023-11-26T14:00:00Z,22234.41,35307292050
2023-11-26T15:00:00Z,22084.96,35211476082
2023-11-26T16:00:00Z,22053.52,33878873102
2023-11-26T17:00:00Z,22112.33,34906964979
2023-11-26T18:00:00Z,22069.82,34629368614
2023-11-26T19:00:00Z,21884.45,34840930442
2023-11-26T20:00:00Z,21868.85,35724493849
2023-11-26T21:00:00Z,21734.72,35842678868
2023-11-26T22:00:00Z,21764.42,35985198797
2023-11-26T23:00:00Z,21731.18,35705002468
2023-11-27T00:00:00Z,21593.5,35060161703
2023-11-27T01:00:00Z,21540.49,34342846980
2023-11-27T02:00:00Z,21454.99,33764529245
2023-11-27T03:00:00Z,21628.37,36175022149
2023-11-27T04:00:00Z,21755.86,36200319663
2023-11-27T05:00:00Z,21568.87,34879481040
2023-11-27T06:00:00Z,21490.49,34933935739
2023-11-27T07:00:00Z,21591.78,36575857285
2023-11-27T08:00:00Z,21792.03,33641847591
2023-11-27T09:00:00Z,21971.02,34959824991
2023-11-27T10:00:00Z,22144.69,34750270061
2023-11-27T11:00:00Z,22335.42,34334262100
2023-11-27T12:00:00Z,22368.99,36727490244
2023-11-27T13:00:00Z,22181.94,33999893805
2023-11-27T14:00:00Z,22228.95,34084298442
2023-11-27T15:00:00Z,22022.04,34996475446
2023-11-27T16:00:00Z,22071.98,36674092846
2023-11-27T17:00:00Z,22100.09,35712138683
2023-11-27T18:00:00Z,22001.8,35806155303
2023-11-27T19:00:00Z,22025.39,36585594900
2023-11-27T20:00:00Z,22243.57,35606612642
2023-11-27T21:00:00Z,22252.33,35990078844
2023-11-27T22:00:00Z,22392.96,34639139211
2023-11-27T23:00:00Z,22510.79,33734284822
2023-11-28T00:00:00Z,22447.19,34831043048
2023-11-28T01:00:00Z,22324.7,35302633359
2023-11-28T02:00:00Z,22263.33,35171511675
2023-11-28T03:00:00Z,22392.68,33286101371
2023-11-28T04:00:00Z,22174.5,36604407076
2023-11-28T05:00:00Z,22122.95,33650320626
2023-11-28T06:00:00Z,22070.9,35313567465
2023-11-28T07:00:00Z,22288.46,33882982997
2023-11-28T08:00:00Z,22262.66,35325237721
2023-11-28T09:00:00Z,22133.51,34731119531
2023-11-28T10:00:00Z,22319.85,36625555363
2023-11-28T11:00:00Z,22270.4,34903618897
2023-11-28T12:00:00Z,22138.17,36719766859
2023-11-28T13:00:00Z,22347.12,36017830620
2023-11-28T14:00:00Z,22415.21,33323449621
2023-11-28T15:00:00Z,22521.37,36594958121
2023-11-28T16:00:00Z,22552.93,34030608846
2023-11-28T17:00:00Z,22698.63,35940901089
2023-11-28T18:00:00Z,22547.22,34852050134
2023-11-28T19:00:00Z,22491.59,36350909445
2023-11-28T20:00:00Z,22696.88,36668089411
2023-11-28T21:00:00Z,22703.79,36163585141
2023-11-28T22:00:00Z,22691.87,36445619556
2023-11-28T23:00:00Z,22808.7,34401641473
2023-11-29T00:00:00Z,22612.38,35224043889
2023-11-29T01:00:00Z,22498.94,33315641935
2023-11-29T02:00:00Z,22344.56,33997986955
2023-11-29T03:00:00Z,22498.06,33740522106
2023-11-29T04:00:00Z,22439.05,34918264477
2023-11-29T05:00:00Z,22357.88,34569814974
2023-11-29T06:00:00Z,22208.94,35711049080
2023-11-29T07:00:00Z,22056.01,34825918499
2023-11-29T08:00:00Z,22143.86,34154016607
2023-11-29T09:00:00Z,22363.64,36552057782
2023-11-29T10:00:00Z,22474.4,34293462713
2023-11-29T11:00:00Z,22351.07,34717119666
2023-11-29T12:00:00Z,22133.16,33661389603
2023-11-29T13:00:00Z,21937.73,35547340870
2023-11-29T14:00:00Z,21810.86,36688505609
2023-11-29T15:00:00Z,21819.67,34559659741
2023-11-29T16:00:00Z,21644.13,33297048241
2023-11-29T17:00:00Z,21810.13,35700070043
2023-11-29T18:00:00Z,21926.99,35365633424
2023-11-29T19:00:00Z,22055.0,33671940035
2023-11-29T20:00:00Z,22199.49,35582178488
2023-11-29T21:00:00Z,21999.1,35538269448
2023-11-29T22:00:00Z,22098.99,36182386810
2023-11-29T23:00:00Z,21933.71,36042978207
2023-11-30T00:00:00Z,22034.2,36717009231
2023-11-30T01:00:00Z,21869.27,33274783537
2023-11-30T02:00:00Z,21954.09,36696114714
2023-11-30T03:00:00Z,21996.2,33403442916
2023-11-30T04:00:00Z,22050.32,34067754306
2023-11-30T05:00:00Z,22031.46,35841416128
2023-11-30T06:00:00Z,22135.02,34607745586
2023-11-30T07:00:00Z,22032.01,35918076122
2023-11-30T08:00:00Z,22046.18,34043370992
2023-11-30T09:00:00Z,22180.84,34025398820
2023-11-30T10:00:00Z,22139.25,36618584149
2023-11-30T11:00:00Z,22358.6,35996349807
2023-11-30T12:00:00Z,22453.96,34445174920
2023-11-30T13:00:00Z,22589.03,35221389324
2023-11-30T14:00:00Z,22488.32,34150633890
2023-11-30T15:00:00Z,22265.17,36088333837
2023-11-30T16:00:00Z,22272.09,34341613863
2023-11-30T17:00:00Z,22438.37,34274635347
2023-11-30T18:00:00Z,22552.91,34734855955
2023-11-30T19:00:00Z,22541.38,36156635784
2023-11-30T20:00:00Z,22565.55,34075272497
2023-11-30T21:00:00Z,22365.34,35342638252
2023-11-30T22:00:00Z,22247.47,35907853718
2023-11-30T23:00:00Z,22447.94,34659221153
2023-12-01T00:00:00Z,22542.58,34854974568
2023-12-01T01:00:00Z,22339.51,35362527478
2023-12-01T02:00:00Z,22431.41,36281832025
2023-12-01T03:00:00Z,22579.96,33628757812
2023-12-01T04:00:00Z,22608.86,36532178797
2023-12-01T05:00:00Z,22833.94,36656847824
2023-12-01T06:00:00Z,22619.74,33838858939
2023-12-01T07:00:00Z,22401.91,34681225654
2023-12-01T08:00:00Z,22501.83,34428016945
2023-12-01T09:00:00Z,22363.54,36109578956
2023-12-01T10:00:00Z,22277.5,36469165297
2023-12-01T11:00:00Z,22153.44,35961438205
2023-12-01T12:00:00Z,21934.94,35510025980
2023-12-01T13:00:00Z,22068.19,33841392567
2023-12-01T14:00:00Z,22038.95,34828051990
2023-12-01T15:00:00Z,21936.67,33577769548
2023-12-01T16:00:00Z,22053.6,36088263923
2023-12-01T17:00:00Z,22247.5,33854863662
2023-12-01T18:00:00Z,22327.65,33635181165
2023-12-01T19:00:00Z,22402.42,36299892567
2023-12-01T20:00:00Z,22376.56,33853445926
2023-12-01T21:00:00Z,22572.4,36051010249
2023-12-01T22:00:00Z,22429.97,35289425664
2023-12-01T23:00:00Z,22475.32,34353244887
2023-12-02T00:00:00Z,22500.84,35373415049
2023-12-02T01:00:00Z,22495.41,35720254355
2023-12-02T02:00:00Z,22609.54,36724798985
2023-12-02T03:00:00Z,22410.67,36105355200
2023-12-02T04:00:00Z,22538.27,36271155746
2023-12-02T05:00:00Z,22420.83,36572796198
2023-12-02T06:00:00Z,22366.11,36542076751
2023-12-02T07:00:00Z,22427.71,33725146905
2023-12-02T08:00:00Z,22647.51,35950515477
2023-12-02T09:00:00Z,22551.8,33576504990
2023-12-02T10:00:00Z,22647.47,36243975698
2023-12-02T11:00:00Z,22587.95,36194061997
2023-12-02T12:00:00Z,22682.48,33290482762
2023-12-02T13:00:00Z,22527.59,33365725052
2023-12-02T14:00:00Z,22493.58,33979389382
2023-12-02T15:00:00Z,22354.94,34501800727
2023-12-02T16:00:00Z,22232.5,34762208248
2023-12-02T17:00:00Z,22358.61,33680298493
2023-12-02T18:00:00Z,22487.98,35534311872
2023-12-02T19:00:00Z,22564.88,35955347074
2023-12-02T20:00:00Z,22411.15,36298089407
2023-12-02T21:00:00Z,22334.85,36162355104
2023-12-02T22:00:00Z,22430.98,36610249250
2023-12-02T23:00:00Z,22268.55,33365892792
2023-12-03T00:00:00Z,22288.26,35115608433
2023-12-03T01:00:00Z,22169.09,36141490515
2023-12-03T02:00:00Z,22077.93,34523520913
2023-12-03T03:00:00Z,21996.7,34282152620
2023-12-03T04:00:00Z,22052.53,36221848672
2023-12-03T05:00:00Z,21964.92,36378227999
2023-12-03T06:00:00Z,21756.57,35854854993
2023-12-03T07:00:00Z,21770.32,35659876323
2023-12-03T08:00:00Z,21588.28,35190758867
2023-12-03T09:00:00Z,21526.58,36648269824
2023-12-03T10:00:00Z,21663.46,36072220002
2023-12-03T11:00:00Z,21516.39,35844727400
2023-12-03T12:00:00Z,21666.24,34786223082
2023-12-03T13:00:00Z,21629.49,33785321595
2023-12-03T14:00:00Z,21433.48,35040455020
2023-12-03T15:00:00Z,21329.7,36069081498
2023-12-03T16:00:00Z,21336.93,33725991466
2023-12-03T17:00:00Z,21183.12,36161289836
2023-12-03T18:00:00Z,21199.18,33491985055
2023-12-03T19:00:00Z,21046.45,36262602470
2023-12-03T20:00:00Z,21192.54,33982468385
2023-12-03T21:00:00Z,21219.43,33930940574
2023-12-03T22:00:00Z,21127.61,35385810568
2023-12-03T23:00:00Z,20968.56,33508174850
2023-12-04T00:00:00Z,20787.97,36568855546
2023-12-04T01:00:00Z,20951.28,34802538696
2023-12-04T02:00:00Z,21016.62,34661695364
2023-12-04T03:00:00Z,21137.43,36381041211
2023-12-04T04:00:00Z,21133.07,35814104613
2023-12-04T05:00:00Z,21064.65,35300481940
2023-12-04T06:00:00Z,20865.25,34853877267
2023-12-04T07:00:00Z,20810.28,35431670116
2023-12-04T08:00:00Z,20627.29,34166422313
2023-12-04T09:00:00Z,20703.79,33803490180
2023-12-04T10:00:00Z,20583.21,35113780805
2023-12-04T11:00:00Z,20520.72,33934604077
2023-12-04T12:00:00Z,20640.11,33254451871
2023-12-04T13:00:00Z,20547.4,34757869126
2023-12-04T14:00:00Z,20498.27,35045753606
2023-12-04T15:00:00Z,20630.76,36291111004
2023-12-04T16:00:00Z,20515.4,34847390823
2023-12-04T17:00:00Z,20636.64,35354198821
2023-12-04T18:00:00Z,20598.89,33381574982
2023-12-04T19:00:00Z,20693.1,35275521101
2023-12-04T20:00:00Z,20602.26,34410292665
2023-12-04T21:00:00Z,20760.38,33834725115
2023-12-04T22:00:00Z,20902.53,34203822453
2023-12-04T23:00:00Z,20910.54,36336487028
2023-12-05T00:00:00Z,21063.1,34195747152
2023-12-05T01:00:00Z,20887.94,36565632858
2023-12-05T02:00:00Z,20955.13,34513545704
2023-12-05T03:00:00Z,20861.42,33615968978
2023-12-05T04:00:00Z,21042.85,33524753495
2023-12-05T05:00:00Z,21083.43,36110872151
2023-12-05T06:00:00Z,20946.16,36210653175
2023-12-05T07:00:00Z,21139.03,34046802235
2023-12-05T08:00:00Z,21043.53,35461731898
2023-12-05T09:00:00Z,21095.99,35109464235
2023-12-05T10:00:00Z,21164.94,33933334502
2023-12-05T11:00:00Z,21345.4,34787135110
2023-12-05T12:00:00Z,21160.85,35906038832
2023-12-05T13:00:00Z,21168.71,33544690222
2023-12-05T14:00:00Z,21237.92,36297222168
2023-12-05T15:00:00Z,21029.66,35261472619
2023-12-05T16:00:00Z,20977.21,36439968942
2023-12-05T17:00:00Z,21114.48,35626662201
2023-12-05T18:00:00Z,21163.83,36722056463
2023-12-05T19:00:00Z,21356.98,33597707276
2023-12-05T20:00:00Z,21359.39,33867497953
2023-12-05T21:00:00Z,21438.74,36119700349
2023-12-05T22:00:00Z,21371.91,33509763153
2023-12-05T23:00:00Z,21352.66,35716434232
2023-12-06T00:00:00Z,21281.94,34928845907
2023-12-06T01:00:00Z,21130.53,34229596930
2023-12-06T02:00:00Z,21119.83,33431186095
2023-12-06T03:00:00Z,21059.06,35832831732
2023-12-06T04:00:00Z,21184.45,35042487277
2023-12-06T05:00:00Z,21203.86,34350824230
2023-12-06T06:00:00Z,21042.19,35753697983
2023-12-06T07:00:00Z,21130.13,35072755651
2023-12-06T08:00:00Z,21276.49,35586459243
2023-12-06T09:00:00Z,21096.41,35705113112
2023-12-06T10:00:00Z,21185.17,35933300801
2023-12-06T11:00:00Z,21176.13,34389907877
2023-12-06T12:00:00Z,21042.92,35372775824
2023-12-06T13:00:00Z,20927.81,35973909329
2023-12-06T14:00:00Z,21120.83,35800199878
2023-12-06T15:00:00Z,21221.53,34454135224
2023-12-06T16:00:00Z,21299.13,33967384799
2023-12-06T17:00:00Z,21204.52,34116834901
2023-12-06T18:00:00Z,21220.74,35401622078
2023-12-06T19:00:00Z,21284.97,35062506826
2023-12-06T20:00:00Z,21267.33,34333724717
2023-12-06T21:00:00Z,21133.0,36693467049
2023-12-06T22:00:00Z,21225.13,34852896581
2023-12-06T23:00:00Z,21332.81,35222156229
2023-12-07T00:00:00Z,21452.31,33521622699
2023-12-07T01:00:00Z,21255.43,33419432270
2023-12-07T02:00:00Z,21445.36,34825250330
2023-12-07T03:00:00Z,21625.85,33382422472
2023-12-07T04:00:00Z,21596.78,33877545341
2023-12-07T05:00:00Z,21424.95,35067333746
2023-12-07T06:00:00Z,21314.14,35951302059
2023-12-07T07:00:00Z,21169.76,36005901222
2023-12-07T08:00:00Z,21278.88,33694069805
2023-12-07T09:00:00Z,21079.14,35118606561
2023-12-07T10:00:00Z,21232.7,36403985609
2023-12-07T11:00:00Z,21038.92,36748269477
2023-12-07T12:00:00Z,21074.6,34513395041
2023-12-07T13:00:00Z,20943.43,34395454126
2023-12-07T14:00:00Z,20870.13,34665202729
2023-12-07T15:00:00Z,20936.45,35580930578
2023-12-07T16:00:00Z,20934.43,34937013295
2023-12-07T17:00:00Z,20900.47,35322642256
2023-12-07T18:00:00Z,20817.48,35249651426
2023-12-07T19:00:00Z,20722.47,36298257119
2023-12-07T20:00:00Z,20555.29,33275362419
2023-12-07T21:00:00Z,20659.41,36560900812
2023-12-07T22:00:00Z,20508.82,35187400789
2023-12-07T23:00:00Z,20322.32,35288439332
2023-12-08T00:00:00Z,20389.83,34120891028
2023-12-08T01:00:00Z,20297.64,34855442834
2023-12-08T02:00:00Z,20145.18,34646204166
2023-12-08T03:00:00Z,20317.53,33293918879
2023-12-08T04:00:00Z,20411.55,35568779523
2023-12-08T05:00:00Z,20447.36,34035221916
2023-12-08T06:00:00Z,20420.21,34320528486
2023-12-08T07:00:00Z,20580.68,36231936523
2023-12-08T08:00:00Z,20653.78,35412939707
2023-12-08T09:00:00Z,20633.93,34957858454
2023-12-08T10:00:00Z,20505.97,33772157580
2023-12-08T11:00:00Z,20427.06,34784820452
2023-12-08T12:00:00Z,20239.76,34816085608
2023-12-08T13:00:00Z,20048.28,35055311296
2023-12-08T14:00:00Z,20213.48,36067480714
2023-12-08T15:00:00Z,20306.64,35883918949
2023-12-08T16:00:00Z,20170.79,35452423775
2023-12-08T17:00:00Z,20021.59,34280804180
2023-12-08T18:00:00Z,20082.91,33368590365
2023-12-08T19:00:00Z,19917.08,34429243487
2023-12-08T20:00:00Z,20084.32,35280047763
2023-12-08T21:00:00Z,20202.62,36156708631
2023-12-08T22:00:00Z,20164.44,34479158661
2023-12-08T23:00:00Z,19980.56,35574614438
2023-12-09T00:00:00Z,19905.94,33589033381
2023-12-09T01:00:00Z,20090.61,36249103392
2023-12-09T02:00:00Z,19998.21,33991846219
2023-12-09T03:00:00Z,20100.15,33306995652
2023-12-09T04:00:00Z,20129.7,33976517106
2023-12-09T05:00:00Z,20127.76,33422670963
2023-12-09T06:00:00Z,20261.73,34098446530
2023-12-09T07:00:00Z,20197.26,35930514595
2023-12-09T08:00:00Z,20044.1,34682941160
2023-12-09T09:00:00Z,19935.65,36382626979
2023-12-09T10:00:00Z,20012.57,35072321614
2023-12-09T11:00:00Z,19880.86,34178276690
2023-12-09T12:00:00Z,20022.19,33720861921
2023-12-09T13:00:00Z,19993.95,33986759172
2023-12-09T14:00:00Z,20155.21,36535148177
2023-12-09T15:00:00Z,20317.37,33846987864
2023-12-09T16:00:00Z,20140.98,34021495381
2023-12-09T17:00:00Z,20214.42,33744283437
2023-12-09T18:00:00Z,20289.33,33964679486
2023-12-09T19:00:00Z,20219.18,36531780307
2023-12-09T20:00:00Z,20343.7,35174886281
2023-12-09T21:00:00Z,20423.96,35792546341
2023-12-09T22:00:00Z,20303.64,35664817418
2023-12-09T23:00:00Z,20274.72,34261330264
2023-12-10T00:00:00Z,20329.5,34885702266
2023-12-10T01:00:00Z,20476.43,36725761969
2023-12-10T02:00:00Z,20520.64,35585958981
2023-12-10T03:00:00Z,20712.73,36247176909
2023-12-10T04:00:00Z,20888.79,35457703453
2023-12-10T05:00:00Z,20872.86,35214198593
2023-12-10T06:00:00Z,20764.45,35295276528
2023-12-10T07:00:00Z,20705.73,34227421356
2023-12-10T08:00:00Z,20764.36,33790777666
2023-12-10T09:00:00Z,20960.8,34697424893
2023-12-10T10:00:00Z,20867.6,36698819404
2023-12-10T11:00:00Z,20934.17,33795041704
2023-12-10T12:00:00Z,20789.6,36142544517
2023-12-10T13:00:00Z,20685.88,34611410004
2023-12-10T14:00:00Z,20598.57,33473470538
2023-12-10T15:00:00Z,20477.04,34177094099
2023-12-10T16:00:00Z,20414.56,36501188555
2023-12-10T17:00:00Z,20530.27,35494843013
2023-12-10T18:00:00Z,20666.3,34227665481
2023-12-10T19:00:00Z,20772.17,34079857386
2023-12-10T20:00:00Z,20635.64,35278447331
2023-12-10T21:00:00Z,20622.82,33508444682
2023-12-10T22:00:00Z,20643.89,34636142935
2023-12-10T23:00:00Z,20567.04,33931273778
2023-12-11T00:00:00Z,20547.14,33408905753
2023-12-11T01:00:00Z,20466.68,33538137759
2023-12-11T02:00:00Z,20289.94,34834678616
2023-12-11T03:00:00Z,20352.15,34485671870
2023-12-11T04:00:00Z,20319.22,35316570962
2023-12-11T05:00:00Z,20182.28,33322875102
2023-12-11T06:00:00Z,20043.82,34804833382
2023-12-11T07:00:00Z,19944.22,34370992456
2023-12-11T08:00:00Z,19907.23,34056586487
2023-12-11T09:00:00Z,20044.91,34524426226
2023-12-11T10:00:00Z,19997.05,36365303906
2023-12-11T11:00:00Z,20099.6,35168911516
2023-12-11T12:00:00Z,20204.62,34607539568
2023-12-11T13:00:00Z,20160.99,33820978460
2023-12-11T14:00:00Z,19991.38,35558002444
2023-12-11T15:00:00Z,19855.93,34011352529
2023-12-11T16:00:00Z,20005.48,34990240997
2023-12-11T17:00:00Z,20008.15,36127028735
2023-12-11T18:00:00Z,19978.56,34407688295
2023-12-11T19:00:00Z,19995.06,34890337316
2023-12-11T20:00:00Z,20095.05,36379655191
2023-12-11T21:00:00Z,20188.47,34636121520
2023-12-11T22:00:00Z,20138.44,34470583943
2023-12-11T23:00:00Z,20173.68,35822319515
2023-12-12T00:00:00Z,20362.01,35048536527
2023-12-12T01:00:00Z,20474.76,33396173611
2023-12-12T02:00:00Z,20436.73,34169425543
2023-12-12T03:00:00Z,20354.28,36049118622
2023-12-12T04:00:00Z,20293.19,33580486851
2023-12-12T05:00:00Z,20286.94,33330379176
2023-12-12T06:00:00Z,20351.83,36107783455
2023-12-12T07:00:00Z,20419.89,36732143724
2023-12-12T08:00:00Z,20334.27,36727217448
2023-12-12T09:00:00Z,20249.16,36055902494
2023-12-12T10:00:00Z,20118.73,33672911610
2023-12-12T11:00:00Z,20090.98,35819079785
2023-12-12T12:00:00Z,19915.97,33575851046
2023-12-12T13:00:00Z,20042.18,36408185895
2023-12-12T14:00:00Z,19931.91,34804947629
2023-12-12T15:00:00Z,19733.02,34959230315
2023-12-12T16:00:00Z,19610.11,33324762296
2023-12-12T17:00:00Z,19544.51,33499396432
2023-12-12T18:00:00Z,19582.64,34394468981
2023-12-12T19:00:00Z,19462.19,33742719356
2023-12-12T20:00:00Z,19551.87,33910967980
2023-12-12T21:00:00Z,19596.84,35621082893
2023-12-12T22:00:00Z,19780.87,33732317805
2023-12-12T23:00:00Z,19910.81,34600643986
2023-12-13T00:00:00Z,19807.29,33901098782
2023-12-13T01:00:00Z,19810.58,34961068310
2023-12-13T02:00:00Z,19901.72,33653970051
2023-12-13T03:00:00Z,20000.67,34859248323
2023-12-13T04:00:00Z,19825.25,35788018742
2023-12-13T05:00:00Z,19778.51,33885565853
2023-12-13T06:00:00Z,19806.32,33252401638
2023-12-13T07:00:00Z,19755.97,36164512050
2023-12-13T08:00:00Z,19569.54,35038089641
2023-12-13T09:00:00Z,19586.44,35033410552
2023-12-13T10:00:00Z,19689.55,35438197351
2023-12-13T11:00:00Z,19510.57,33973594951
2023-12-13T12:00:00Z,19660.31,36195012773
2023-12-13T13:00:00Z,19526.87,34226179741
2023-12-13T14:00:00Z,19350.37,34410045392
2023-12-13T15:00:00Z,19454.99,35398062223
2023-12-13T16:00:00Z,19337.91,34233864085
2023-12-13T17:00:00Z,19471.44,34210027395
2023-12-13T18:00:00Z,19408.94,35559855824
2023-12-13T19:00:00Z,19253.1,33853143501
2023-12-13T20:00:00Z,19326.01,36096905922
2023-12-13T21:00:00Z,19383.82,34832916718
2023-12-13T22:00:00Z,19395.37,35083842502
2023-12-13T23:00:00Z,19284.42,36028262190
2023-12-14T00:00:00Z,19379.27,36574002482
2023-12-14T01:00:00Z,19487.15,33749318892
2023-12-14T02:00:00Z,19326.06,33544161213
2023-12-14T03:00:00Z,19285.51,36427865144
2023-12-14T04:00:00Z,19149.3,35943710213
2023-12-14T05:00:00Z,19075.69,34793389208
2023-12-14T06:00:00Z,19077.77,34139291088
2023-12-14T07:00:00Z,18980.01,36365922675
2023-12-14T08:00:00Z,19116.0,36682904973
2023-12-14T09:00:00Z,18977.47,33460916764
2023-12-14T10:00:00Z,18981.44,33418478051
2023-12-14T11:00:00Z,18934.6,35059740183
2023-12-14T12:00:00Z,18854.36,33752108111
2023-12-14T13:00:00Z,18771.23,33745290572
2023-12-14T14:00:00Z,18923.23,36391460565
2023-12-14T15:00:00Z,18914.51,35951514081
2023-12-14T16:00:00Z,18734.07,35804465356
2023-12-14T17:00:00Z,18779.84,33737348395
2023-12-14T18:00:00Z,18599.58,34742888460
2023-12-14T19:00:00Z,18688.93,34492051574
2023-12-14T20:00:00Z,18803.94,34407248834
2023-12-14T21:00:00Z,18987.35,35094837339
2023-12-14T22:00:00Z,18932.92,36278877330
2023-12-14T23:00:00Z,18745.93,34836836300
2023-12-15T00:00:00Z,18603.0,34790574186
2023-12-15T01:00:00Z,18625.31,34325710549
2023-12-15T02:00:00Z,18686.99,34422839596
2023-12-15T03:00:00Z,18705.23,33256442752
2023-12-15T04:00:00Z,18756.9,35569849316
2023-12-15T05:00:00Z,18742.29,34148952964
2023-12-15T06:00:00Z,18741.69,34250195179
2023-12-15T07:00:00Z,18803.34,33490796148
2023-12-15T08:00:00Z,18750.47,33375479691
2023-12-15T09:00:00Z,18857.58,35023472577
2023-12-15T10:00:00Z,18777.11,34666001732
2023-12-15T11:00:00Z,18947.45,34065581643
2023-12-15T12:00:00Z,18786.89,36116035904
2023-12-15T13:00:00Z,18774.65,34000123320
2023-12-15T14:00:00Z,18954.88,36204693651
2023-12-15T15:00:00Z,19075.98,36122787977
2023-12-15T16:00:00Z,18920.19,36108413047
2023-12-15T17:00:00Z,18867.72,34955772273
2023-12-15T18:00:00Z,19001.75,35206643841
2023-12-15T19:00:00Z,19001.04,36611828289
2023-12-15T20:00:00Z,18842.27,35469917403
2023-12-15T21:00:00Z,18828.82,34249461829
2023-12-15T22:00:00Z,18837.98,35388303093
2023-12-15T23:00:00Z,18892.43,34274139084
2023-12-16T00:00:00Z,19058.61,35574834052
2023-12-16T01:00:00Z,19026.29,33947211334
2023-12-16T02:00:00Z,19037.07,33888254777
2023-12-16T03:00:00Z,18901.08,35546484573
2023-12-16T04:00:00Z,18827.13,35663465600
2023-12-16T05:00:00Z,18912.69,36211249328
2023-12-16T06:00:00Z,18770.0,35507486045
2023-12-16T07:00:00Z,18654.23,33364514875
2023-12-16T08:00:00Z,18643.1,35168060156
2023-12-16T09:00:00Z,18663.33,34388212304
2023-12-16T10:00:00Z,18689.73,36347179284
2023-12-16T11:00:00Z,18685.62,35334804768
2023-12-16T12:00:00Z,18648.31,36447844619
2023-12-16T13:00:00Z,18786.5,33778821986
2023-12-16T14:00:00Z,18818.43,36035911025
2023-12-16T15:00:00Z,18977.13,34031980692
2023-12-16T16:00:00Z,18868.91,36507483451
2023-12-16T17:00:00Z,18899.66,34745729308
2023-12-16T18:00:00Z,18851.3,34227158720
2023-12-16T19:00:00Z,18891.06,35626929147
2023-12-16T20:00:00Z,18720.51,33866544126
2023-12-16T21:00:00Z,18771.08,34809336378
2023-12-16T22:00:00Z,18822.9,34906321069
2023-12-16T23:00:00Z,18827.36,33806690356
2023-12-17T00:00:00Z,18876.79,36505425275
2023-12-17T01:00:00Z,19000.6,34063819781
2023-12-17T02:00:00Z,18980.13,36380614543
2023-12-17T03:00:00Z,19159.04,34273315026
2023-12-17T04:00:00Z,19036.61,34103900926
2023-12-17T05:00:00Z,19086.43,35735013495
2023-12-17T06:00:00Z,19122.89,33334691529
2023-12-17T07:00:00Z,18943.87,34669248309
2023-12-17T08:00:00Z,18774.23,33987828159
2023-12-17T09:00:00Z,18936.61,33378772048
2023-12-17T10:00:00Z,18994.28,36418698430
2023-12-17T11:00:00Z,18974.07,36459436109
2023-12-17T12:00:00Z,19018.73,33761370280
2023-12-17T13:00:00Z,18948.66,34580910846
2023-12-17T14:00:00Z,18873.25,34324830188
2023-12-17T15:00:00Z,18781.03,33629987706
2023-12-17T16:00:00Z,18787.81,35276147443
2023-12-17T17:00:00Z,18809.8,35490246205
2023-12-17T18:00:00Z,18958.67,35636574012
2023-12-17T19:00:00Z,18885.37,33326722223
2023-12-17T20:00:00Z,19057.02,34617199347
2023-12-17T21:00:00Z,18969.77,34405896652
2023-12-17T22:00:00Z,18784.62,35960209580
2023-12-17T23:00:00Z,18614.43,35081429075
2023-12-18T00:00:00Z,18721.32,33755951177
2023-12-18T01:00:00Z,18866.83,36423232602
2023-12-18T02:00:00Z,18712.51,36049718156
2023-12-18T03:00:00Z,18606.33,34489398804
2023-12-18T04:00:00Z,18462.96,34869278954
2023-12-18T05:00:00Z,18400.65,34443229205
2023-12-18T06:00:00Z,18265.04,35273301909
2023-12-18T07:00:00Z,18125.57,33813025351
2023-12-18T08:00:00Z,18260.92,35891886163
2023-12-18T09:00:00Z,18273.76,33427600403
2023-12-18T10:00:00Z,18271.93,35007407150
2023-12-18T11:00:00Z,18396.34,33304847091
2023-12-18T12:00:00Z,18575.81,36435213855
2023-12-18T13:00:00Z,18503.34,36386607518
2023-12-18T14:00:00Z,18572.86,36186337900
2023-12-18T15:00:00Z,18553.09,35499893075
2023-12-18T16:00:00Z,18428.14,33367906508
2023-12-18T17:00:00Z,18352.38,34033944473
2023-12-18T18:00:00Z,18351.13,34143349901
2023-12-18T19:00:00Z,18335.39,34747598653
2023-12-18T20:00:00Z,18320.13,35276474745
2023-12-18T21:00:00Z,18146.62,35445642169
2023-12-18T22:00:00Z,18180.79,33527602421
2023-12-18T23:00:00Z,18130.97,35343195580
2023-12-19T00:00:00Z,18140.31,35981393187
2023-12-19T01:00:00Z,18120.01,33702371390
2023-12-19T02:00:00Z,18134.12,36112168674
2023-12-19T03:00:00Z,18041.45,35463207545
2023-12-19T04:00:00Z,17982.32,34924291044
2023-12-19T05:00:00Z,18033.56,33311481280
2023-12-19T06:00:00Z,18073.85,35824809511
2023-12-19T07:00:00Z,18108.98,34470124581
2023-12-19T08:00:00Z,18122.14,36384795273
2023-12-19T09:00:00Z,18242.75,35346988286
2023-12-19T10:00:00Z,18187.5,36059312088
2023-12-19T11:00:00Z,18197.88,35348913578
2023-12-19T12:00:00Z,18059.53,36565320062
2023-12-19T13:00:00Z,18184.2,36447119520
2023-12-19T14:00:00Z,18315.97,36227830488
2023-12-19T15:00:00Z,18489.07,36355775601
2023-12-19T16:00:00Z,18509.95,35108803738
2023-12-19T17:00:00Z,18565.3,34539063882
2023-12-19T18:00:00Z,18458.91,34587742734
2023-12-19T19:00:00Z,18580.22,36420718762
2023-12-19T20:00:00Z,18643.67,34377099420
2023-12-19T21:00:00Z,18617.95,33434221726
2023-12-19T22:00:00Z,18443.27,35594187293
2023-12-19T23:00:00Z,18474.69,36362588006
2023-12-20T00:00:00Z,18540.4,36072423549
2023-12-20T01:00:00Z,18598.14,35946882596
2023-12-20T02:00:00Z,18600.93,35560761702
2023-12-20T03:00:00Z,18554.09,34363008411
2023-12-20T04:00:00Z,18484.46,36318840737
2023-12-20T05:00:00Z,18492.5,35590073660
2023-12-20T06:00:00Z,18674.09,35407114273
2023-12-20T07:00:00Z,18690.41,34934987379
2023-12-20T08:00:00Z,18739.85,34544590798
2023-12-20T09:00:00Z,18590.73,35409216381
2023-12-20T10:00:00Z,18603.43,35086616652
2023-12-20T11:00:00Z,18460.22,35198474985
2023-12-20T12:00:00Z,18446.0,34460938320
2023-12-20T13:00:00Z,18537.32,33727150077
2023-12-20T14:00:00Z,18632.58,34996091612
2023-12-20T15:00:00Z,18780.31,36298143474
2023-12-20T16:00:00Z,18936.38,36510674279
2023-12-20T17:00:00Z,18949.59,33843167713
2023-12-20T18:00:00Z,18953.47,33361119272
2023-12-20T19:00:00Z,19116.78,34164336985
2023-12-20T20:00:00Z,19144.16,33771868401
2023-12-20T21:00:00Z,18993.02,35068978360
2023-12-20T22:00:00Z,18888.21,36476763543
2023-12-20T23:00:00Z,18721.06,33315472749
2023-12-21T00:00:00Z,18638.83,34290363991
2023-12-21T01:00:00Z,18547.53,36216276218
2023-12-21T02:00:00Z,18461.32,34435091106
2023-12-21T03:00:00Z,18486.97,33565121826
2023-12-21T04:00:00Z,18554.7,34415198468
2023-12-21T05:00:00Z,18674.06,35708352312
2023-12-21T06:00:00Z,18832.81,35118647048
2023-12-21T07:00:00Z,18937.49,34275843596
2023-12-21T08:00:00Z,19003.2,34494280047
2023-12-21T09:00:00Z,19031.57,33457304073
2023-12-21T10:00:00Z,19146.38,35902075964
2023-12-21T11:00:00Z,19009.98,35672427651
2023-12-21T12:00:00Z,18919.99,33728957347
2023-12-21T13:00:00Z,18792.26,35598888721
2023-12-21T14:00:00Z,18799.45,36720155452
2023-12-21T15:00:00Z,18801.88,35187478985
2023-12-21T16:00:00Z,18756.02,33700915220
2023-12-21T17:00:00Z,18853.0,36290119602
2023-12-21T18:00:00Z,18726.62,36425840991
2023-12-21T19:00:00Z,18789.4,34536436017
2023-12-21T20:00:00Z,18814.82,33485126713
2023-12-21T21:00:00Z,18746.36,35160976228
2023-12-21T22:00:00Z,18769.35,35259316535
2023-12-21T23:00:00Z,18768.83,35489533377
2023-12-22T00:00:00Z,18599.35,34928067561
2023-12-22T01:00:00Z,18629.37,34058673359
2023-12-22T02:00:00Z,18748.0,34605972839
2023-12-22T03:00:00Z,18752.68,35621011809
2023-12-22T04:00:00Z,18570.39,34182807277
2023-12-22T05:00:00Z,18707.1,34420422858
2023-12-22T06:00:00Z,18604.51,35746360822
2023-12-22T07:00:00Z,18478.14,35443961766
2023-12-22T08:00:00Z,18416.71,34049479079
2023-12-22T09:00:00Z,18370.6,34207546023
2023-12-22T10:00:00Z,18515.85,36156148839
2023-12-22T11:00:00Z,18604.47,33523862813
2023-12-22T12:00:00Z,18581.6,35222865481
2023-12-22T13:00:00Z,18638.85,36564090338
2023-12-22T14:00:00Z,18736.75,34621825635
2023-12-22T15:00:00Z,18868.56,35627832681
2023-12-22T16:00:00Z,19042.56,36169784967
2023-12-22T17:00:00Z,19159.32,33469897406
2023-12-22T18:00:00Z,19013.05,35598652041
2023-12-22T19:00:00Z,19156.33,33803127553
2023-12-22T20:00:00Z,18987.43,34909398717
2023-12-22T21:00:00Z,18942.76,35102293683
2023-12-22T22:00:00Z,18774.05,36730167339
2023-12-22T23:00:00Z,18901.5,33786293734
2023-12-23T00:00:00Z,18894.27,33414839272
2023-12-23T01:00:00Z,18937.37,34037636833
2023-12-23T02:00:00Z,19038.99,36353308544
2023-12-23T03:00:00Z,19126.51,35491954150
2023-12-23T04:00:00Z,19018.66,36510836193
2023-12-23T05:00:00Z,19099.82,33485516948
2023-12-23T06:00:00Z,18932.76,34998261662
2023-12-23T07:00:00Z,18822.44,36698433347
2023-12-23T08:00:00Z,18639.5,33853625100
2023-12-23T09:00:00Z,18483.04,36265278830
2023-12-23T10:00:00Z,18483.72,35151531777
2023-12-23T11:00:00Z,18633.12,35294149821
2023-12-23T12:00:00Z,18725.39,34669299781
2023-12-23T13:00:00Z,18627.5,34826732712
2023-12-23T14:00:00Z,18710.16,36625126205
2023-12-23T15:00:00Z,18542.7,34999698893
2023-12-23T16:00:00Z,18658.08,35432955857
2023-12-23T17:00:00Z,18757.14,34391134137
2023-12-23T18:00:00Z,18794.83,34627714104
2023-12-23T19:00:00Z,18964.28,33972321529
2023-12-23T20:00:00Z,18951.04,33975744490
2023-12-23T21:00:00Z,19030.12,35808199550
2023-12-23T22:00:00Z,18930.36,35479543854
2023-12-23T23:00:00Z,18850.26,35288784816
2023-12-24T00:00:00Z,18966.88,36041207181
2023-12-24T01:00:00Z,18938.48,35166453417
2023-12-24T02:00:00Z,18912.68,34479190949
2023-12-24T03:00:00Z,18966.03,33304159870
2023-12-24T04:00:00Z,18977.18,35524433560
2023-12-24T05:00:00Z,18997.23,35860438695
2023-12-24T06:00:00Z,18946.91,36193654110
2023-12-24T07:00:00Z,19038.48,36300385516
2023-12-24T08:00:00Z,19118.51,34522946771
2023-12-24T09:00:00Z,19078.8,35098905178
2023-12-24T10:00:00Z,19145.43,35348311142
2023-12-24T11:00:00Z,19168.27,34104010518
2023-12-24T12:00:00Z,18997.88,34412313429
2023-12-24T13:00:00Z,19125.83,36096299559
2023-12-24T14:00:00Z,19234.27,34810269252
2023-12-24T15:00:00Z,19279.44,36232854415
2023-12-24T16:00:00Z,19233.85,33522569082
2023-12-24T17:00:00Z,19077.88,35675068860
2023-12-24T18:00:00Z,19026.94,34653002183
2023-12-24T19:00:00Z,19125.97,35453183436
2023-12-24T20:00:00Z,19269.0,34510458022
2023-12-24T21:00:00Z,19455.19,35479708418
2023-12-24T22:00:00Z,19447.03,36563005875
2023-12-24T23:00:00Z,19531.75,35815653189
2023-12-25T00:00:00Z,19533.59,34874572659
2023-12-25T01:00:00Z,19671.81,35211906127
2023-12-25T02:00:00Z,19723.14,34210255292
2023-12-25T03:00:00Z,19887.32,34763318853
2023-12-25T04:00:00Z,19700.01,33887907449
2023-12-25T05:00:00Z,19676.69,34506231667
2023-12-25T06:00:00Z,19514.35,34167075639
2023-12-25T07:00:00Z,19654.84,34018280189
2023-12-25T08:00:00Z,19577.88,34930122926
2023-12-25T09:00:00Z,19673.59,33641420778
2023-12-25T10:00:00Z,19839.35,34819474380
2023-12-25T11:00:00Z,19968.86,36475566703
2023-12-25T12:00:00Z,20132.17,33307385396
2023-12-25T13:00:00Z,20244.82,34028598913
2023-12-25T14:00:00Z,20205.67,34945249707
2023-12-25T15:00:00Z,20088.98,34482248881
2023-12-25T16:00:00Z,20176.89,34117560961
2023-12-25T17:00:00Z,20102.31,34052797860
2023-12-25T18:00:00Z,20253.02,34979728745
2023-12-25T19:00:00Z,20194.71,33392249023
2023-12-25T20:00:00Z,20376.29,36712357132
2023-12-25T21:00:00Z,20235.75,33622068535
2023-12-25T22:00:00Z,20390.57,34548984196
2023-12-25T23:00:00Z,20578.7,36214836906
2023-12-26T00:00:00Z,20468.5,33568377582
2023-12-26T01:00:00Z,20639.74,36698645434
2023-12-26T02:00:00Z,20777.99,36167984955
2023-12-26T03:00:00Z,20803.95,35465063603
2023-12-26T04:00:00Z,20950.55,36471574462
2023-12-26T05:00:00Z,21088.58,35814610732
2023-12-26T06:00:00Z,21021.69,35468558649
2023-12-26T07:00:00Z,21161.28,33778567649
2023-12-26T08:00:00Z,20963.49,35919922268
2023-12-26T09:00:00Z,20779.79,36262661254
2023-12-26T10:00:00Z,20929.11,34646579622
2023-12-26T11:00:00Z,20744.01,35526147500
2023-12-26T12:00:00Z,20758.21,34667112838
2023-12-26T13:00:00Z,20573.73,36493660985
2023-12-26T14:00:00Z,20497.68,33957600604
2023-12-26T15:00:00Z,20443.3,34118464937
2023-12-26T16:00:00Z,20514.64,35664157891
2023-12-26T17:00:00Z,20694.09,35863203089
2023-12-26T18:00:00Z,20488.28,34685293142
2023-12-26T19:00:00Z,20394.09,35450483210
2023-12-26T20:00:00Z,20260.4,34312344778
2023-12-26T21:00:00Z,20301.31,35545161304
2023-12-26T22:00:00Z,20127.75,33761876136
2023-12-26T23:00:00Z,19992.79,34524286017
2023-12-27T00:00:00Z,19970.0,35391554661
2023-12-27T01:00:00Z,19874.84,34633969288
2023-12-27T02:00:00Z,19853.34,35579992581
2023-12-27T03:00:00Z,19869.7,36070861900
2023-12-27T04:00:00Z,19808.8,33522828746
2023-12-27T05:00:00Z,19701.28,34200808548
2023-12-27T06:00:00Z,19732.65,33950043410
2023-12-27T07:00:00Z,19566.84,36441159347
2023-12-27T08:00:00Z,19651.7,33620530270
2023-12-27T09:00:00Z,19684.89,35084497648
2023-12-27T10:00:00Z,19834.9,34482956118
2023-12-27T11:00:00Z,19945.43,34092735751
2023-12-27T12:00:00Z,19778.19,34981358769
2023-12-27T13:00:00Z,19589.26,36053878840
2023-12-27T14:00:00Z,19458.49,33724704852
2023-12-27T15:00:00Z,19316.33,36463969181
2023-12-27T16:00:00Z,19478.46,34992382624
2023-12-27T17:00:00Z,19363.61,33337604599
2023-12-27T18:00:00Z,19386.59,34711919101
2023-12-27T19:00:00Z,19221.52,33520587081
2023-12-27T20:00:00Z,19090.21,36692593781
2023-12-27T21:00:00Z,19161.9,34706232890
2023-12-27T22:00:00Z,19012.65,33460136368
2023-12-27T23:00:00Z,19129.78,34891573126
2023-12-28T00:00:00Z,19191.12,35711451713
2023-12-28T01:00:00Z,19243.44,33396666150
2023-12-28T02:00:00Z,19076.14,35110583893
2023-12-28T03:00:00Z,18951.74,34445024328
2023-12-28T04:00:00Z,19094.04,34989698134
2023-12-28T05:00:00Z,19170.9,35933875787
2023-12-28T06:00:00Z,19251.98,34530864663
2023-12-28T07:00:00Z,19088.17,34389250301
2023-12-28T08:00:00Z,18949.06,35999882266
2023-12-28T09:00:00Z,18948.99,36044911086
2023-12-28T10:00:00Z,19097.85,35520010922
2023-12-28T11:00:00Z,18924.88,33277971235
2023-12-28T12:00:00Z,18847.95,35673053401
2023-12-28T13:00:00Z,18795.86,36107944070
2023-12-28T14:00:00Z,18669.96,33554788035
2023-12-28T15:00:00Z,18584.35,34068859973
2023-12-28T16:00:00Z,18476.34,35053465146
2023-12-28T17:00:00Z,18428.28,36078075829
2023-12-28T18:00:00Z,18430.07,35083574918
2023-12-28T19:00:00Z,18326.74,33860326689
2023-12-28T20:00:00Z,18373.9,36584858644
2023-12-28T21:00:00Z,18319.43,33749487660
2023-12-28T22:00:00Z,18369.64,33803666003
2023-12-28T23:00:00Z,18376.55,35051250371
2023-12-29T00:00:00Z,18314.94,36689281488
2023-12-29T01:00:00Z,18393.43,35517826168
2023-12-29T02:00:00Z,18483.11,34087766887
2023-12-29T03:00:00Z,18565.56,34364281238
2023-12-29T04:00:00Z,18467.84,33873080851
2023-12-29T05:00:00Z,18615.01,34420908375
2023-12-29T06:00:00Z,18575.71,35559808182
2023-12-29T07:00:00Z,18441.53,34654438545
2023-12-29T08:00:00Z,18426.02,34804607612
2023-12-29T09:00:00Z,18467.78,34411922517
2023-12-29T10:00:00Z,18427.52,33251299987
2023-12-29T11:00:00Z,18368.4,36584139414
2023-12-29T12:00:00Z,18261.37,36734635970
2023-12-29T13:00:00Z,18177.17,34438481232
2023-12-29T14:00:00Z,18001.14,36234758459
2023-12-29T15:00:00Z,18041.0,33744467564
2023-12-29T16:00:00Z,18075.12,33732687670
2023-12-29T17:00:00Z,18234.39,36408182491
2023-12-29T18:00:00Z,18297.28,33262110224
2023-12-29T19:00:00Z,18133.79,35611283153
2023-12-29T20:00:00Z,18112.77,35428428713
2023-12-29T21:00:00Z,18279.86,34710885441
2023-12-29T22:00:00Z,18398.23,34503028017
2023-12-29T23:00:00Z,18565.01,34747582576
2023-12-30T00:00:00Z,18715.99,33574381220
2023-12-30T01:00:00Z,18864.88,33362343496
2023-12-30T02:00:00Z,18797.65,36239843670
2023-12-30T03:00:00Z,18767.25,36654565254
2023-12-30T04:00:00Z,18825.69,36696048151
2023-12-30T05:00:00Z,18644.32,34845439556
2023-12-30T06:00:00Z,18664.8,34809993535
2023-12-30T07:00:00Z,18661.21,35128919093
2023-12-30T08:00:00Z,18641.48,36486530572
2023-12-30T09:00:00Z,18670.41,33740654114
2023-12-30T10:00:00Z,18587.44,34560880552
2023-12-30T11:00:00Z,18554.8,34992523117
2023-12-30T12:00:00Z,18723.03,34104703168
2023-12-30T13:00:00Z,18784.24,34035273062
2023-12-30T14:00:00Z,18762.27,35749497018
2023-12-30T15:00:00Z,18866.6,36668947621
2023-12-30T16:00:00Z,18908.63,33991497824
2023-12-30T17:00:00Z,18888.3,35710668126
2023-12-30T18:00:00Z,18909.93,33851256306
2023-12-30T19:00:00Z,19051.84,33508837579
2023-12-30T20:00:00Z,19177.91,36372813345
2023-12-30T21:00:00Z,19165.42,34065016195
2023-12-30T22:00:00Z,19259.39,33419387959
2023-12-30T23:00:00Z,19280.81,35677531949
2023-12-31T00:00:00Z,19346.24,33276094343
2023-12-31T01:00:00Z,19383.89,36348952432
2023-12-31T02:00:00Z,19502.5,33419962923
2023-12-31T03:00:00Z,19343.29,34510385391
2023-12-31T04:00:00Z,19215.25,34814947429
2023-12-31T05:00:00Z,19169.07,36097621124
2023-12-31T06:00:00Z,19286.96,35148581518
2023-12-31T07:00:00Z,19271.59,35378242544
2023-12-31T08:00:00Z,19131.02,34183030426
2023-12-31T09:00:00Z,19059.77,34085080661
2023-12-31T10:00:00Z,19179.4,36269483976
2023-12-31T11:00:00Z,19070.56,35000314000
2023-12-31T12:00:00Z,19025.47,35541931113
2023-12-31T13:00:00Z,18902.58,35670807573
2023-12-31T14:00:00Z,18905.99,33485271072
2023-12-31T15:00:00Z,18905.04,34368148289
2023-12-31T16:00:00Z,19002.66,35514192079
2023-12-31T17:00:00Z,18815.78,33361248176
2023-12-31T18:00:00Z,18796.65,34038471733
2023-12-31T19:00:00Z,18744.12,34992005167
2023-12-31T20:00:00Z,18889.98,34306413356
2023-12-31T21:00:00Z,18934.48,34976807485
2023-12-31T22:00:00Z,19014.53,36716051332
2023-12-31T23:00:00Z,19049.9,35492605071
2024-01-01T00:00:00Z,19214.8,36248671603
2024-01-01T01:00:00Z,19025.17,35797800038
2024-01-01T02:00:00Z,18855.69,35973139954
2024-01-01T03:00:00Z,18721.19,34516346696
2024-01-01T04:00:00Z,18628.56,33899384793
2024-01-01T05:00:00Z,18588.15,35799548644
2024-01-01T06:00:00Z,18474.77,35086760277
2024-01-01T07:00:00Z,18601.12,35480080763
2024-01-01T08:00:00Z,18506.96,36235630712
2024-01-01T09:00:00Z,18538.97,33367789693
2024-01-01T10:00:00Z,18565.96,33354610578
2024-01-01T11:00:00Z,18485.02,33967903792
2024-01-01T12:00:00Z,18319.22,35440033726
2024-01-01T13:00:00Z,18241.77,35932763685
2024-01-01T14:00:00Z,18252.09,35804535489
2024-01-01T15:00:00Z,18094.23,33802195185
2024-01-01T16:00:00Z,18109.95,34890539410
2024-01-01T17:00:00Z,17996.2,36589445161
2024-01-01T18:00:00Z,17882.32,36210931230
2024-01-01T19:00:00Z,17986.12,35452009387
2024-01-01T20:00:00Z,17938.47,33906261878
2024-01-01T21:00:00Z,18109.72,33848167835
2024-01-01T22:00:00Z,18277.82,36400243748
2024-01-01T23:00:00Z,18399.48,35245473045
2024-01-02T00:00:00Z,18378.42,34658649320
2024-01-02T01:00:00Z,18433.33,36680221819
2024-01-02T02:00:00Z,18292.32,33327562756
2024-01-02T03:00:00Z,18184.06,36176174762
2024-01-02T04:00:00Z,18146.19,34665133088
2024-01-02T05:00:00Z,18212.33,35208801132
2024-01-02T06:00:00Z,18310.3,34209257617
2024-01-02T07:00:00Z,18405.96,35645872007
2024-01-02T08:00:00Z,18407.59,33783383943
2024-01-02T09:00:00Z,18556.9,35722547963
2024-01-02T10:00:00Z,18509.19,36059141212
2024-01-02T11:00:00Z,18327.0,36225102414
2024-01-02T12:00:00Z,18476.49,33553941951
2024-01-02T13:00:00Z,18407.65,36538138525
2024-01-02T14:00:00Z,18410.86,36286295008
2024-01-02T15:00:00Z,18249.78,34149558902
2024-01-02T16:00:00Z,18089.56,35376280993
2024-01-02T17:00:00Z,17915.78,34296582042
2024-01-02T18:00:00Z,17956.9,34125725185
2024-01-02T19:00:00Z,18052.55,36068806947
2024-01-02T20:00:00Z,18130.65,35385385253
2024-01-02T21:00:00Z,18046.02,36354058655
2024-01-02T22:00:00Z,18120.66,33922087863
2024-01-02T23:00:00Z,18036.12,33737054700
2024-01-03T00:00:00Z,18037.92,36440246847
2024-01-03T01:00:00Z,18097.35,34679198149
2024-01-03T02:00:00Z,18141.74,35425850072
2024-01-03T03:00:00Z,18291.32,35063714684
2024-01-03T04:00:00Z,18274.34,34318042463
2024-01-03T05:00:00Z,18279.76,34294958436
2024-01-03T06:00:00Z,18155.03,34226970418
2024-01-03T07:00:00Z,18054.12,35063088028
2024-01-03T08:00:00Z,18032.15,34070163883
2024-01-03T09:00:00Z,18093.35,35004244757
2024-01-03T10:00:00Z,18142.35,36010523382
2024-01-03T11:00:00Z,18081.23,34234904742
2024-01-03T12:00:00Z,18096.29,33400381021
2024-01-03T13:00:00Z,17942.53,35249939052
2024-01-03T14:00:00Z,18098.38,34121850914
2024-01-03T15:00:00Z,18093.17,34418878445
2024-01-03T16:00:00Z,17979.85,36338877719
2024-01-03T17:00:00Z,18076.53,36404709048
2024-01-03T18:00:00Z,18003.37,36540621204
2024-01-03T19:00:00Z,18143.22,33641210534
2024-01-03T20:00:00Z,18164.16,36163593249
2024-01-03T21:00:00Z,18137.2,34923417357
2024-01-03T22:00:00Z,18107.31,36409279945
2024-01-03T23:00:00Z,17966.37,34140376631
2024-01-04T00:00:00Z,17968.69,33578811015
2024-01-04T01:00:00Z,17807.39,33295524974
2024-01-04T02:00:00Z,17690.21,36144400919
2024-01-04T03:00:00Z,17660.34,34454847094
2024-01-04T04:00:00Z,17817.43,33960185103
2024-01-04T05:00:00Z,17979.8,34325316661
2024-01-04T06:00:00Z,17833.25,35317458382
2024-01-04T07:00:00Z,17901.93,34179708683
2024-01-04T08:00:00Z,17812.23,35015853887
2024-01-04T09:00:00Z,17760.7,34792097656
2024-01-04T10:00:00Z,17849.4,34045662609
2024-01-04T11:00:00Z,17767.62,36004318104
2024-01-04T12:00:00Z,17809.39,34537036579
2024-01-04T13:00:00Z,17680.32,35223736934
2024-01-04T14:00:00Z,17820.45,34786513709
2024-01-04T15:00:00Z,17709.71,33720376278
2024-01-04T16:00:00Z,17797.42,34192459482
2024-01-04T17:00:00Z,17944.58,33829648820
2024-01-04T18:00:00Z,18069.6,34798740789
2024-01-04T19:00:00Z,18024.77,34756816679
2024-01-04T20:00:00Z,18009.47,34782270526
2024-01-04T21:00:00Z,17907.54,35210249798
2024-01-04T22:00:00Z,17972.93,35035279256
2024-01-04T23:00:00Z,18056.33,35040361038
2024-01-05T00:00:00Z,18195.29,36576078385
2024-01-05T01:00:00Z,18061.52,35346772710
2024-01-05T02:00:00Z,17971.28,34760711218
2024-01-05T03:00:00Z,18065.09,34973865279
2024-01-05T04:00:00Z,18173.14,34495107584
2024-01-05T05:00:00Z,18201.43,35327360495
2024-01-05T06:00:00Z,18081.52,35275014840
2024-01-05T07:00:00Z,18081.91,33400385894
2024-01-05T08:00:00Z,17926.01,36598089095
2024-01-05T09:00:00Z,17807.83,35039188438
2024-01-05T10:00:00Z,17820.93,36739343170
2024-01-05T11:00:00Z,17912.99,35300946995
2024-01-05T12:00:00Z,17766.31,35421243220
2024-01-05T13:00:00Z,17859.87,35185480436
2024-01-05T14:00:00Z,18013.99,35037126774
2024-01-05T15:00:00Z,18164.68,33474891844
2024-01-05T16:00:00Z,18308.34,34414392897
2024-01-05T17:00:00Z,18481.21,33681115205
2024-01-05T18:00:00Z,18520.23,35220208760
2024-01-05T19:00:00Z,18369.37,33581979970
2024-01-05T20:00:00Z,18356.63,35684153778
2024-01-05T21:00:00Z,18239.45,33992955015
2024-01-05T22:00:00Z,18156.21,35896509029
2024-01-05T23:00:00Z,18060.4,35525031692
2024-01-06T00:00:00Z,17911.35,35606855788
2024-01-06T01:00:00Z,17973.83,35610276985
2024-01-06T02:00:00Z,18059.2,35584550950
2024-01-06T03:00:00Z,17937.82,36171418143
2024-01-06T04:00:00Z,17768.0,33723527768
2024-01-06T05:00:00Z,17912.59,34295307300
2024-01-06T06:00:00Z,18045.63,36711949660
2024-01-06T07:00:00Z,18094.54,34061709522
2024-01-06T08:00:00Z,18129.28,34671647706
2024-01-06T09:00:00Z,17979.61,33832840751
2024-01-06T10:00:00Z,17868.44,35306078779
2024-01-06T11:00:00Z,17805.24,33350330534
2024-01-06T12:00:00Z,17882.67,35434447488
2024-01-06T13:00:00Z,17816.37,35500956114
2024-01-06T14:00:00Z,17684.06,36442103085
2024-01-06T15:00:00Z,17806.88,35351311133
2024-01-06T16:00:00Z,17774.65,35272869228
2024-01-06T17:00:00Z,17842.54,34959788272
2024-01-06T18:00:00Z,17688.61,33863658610
2024-01-06T19:00:00Z,17856.79,33498180925
2024-01-06T20:00:00Z,17724.99,35410115277
2024-01-06T21:00:00Z,17692.81,34364955604
2024-01-06T22:00:00Z,17789.89,35479015444
2024-01-06T23:00:00Z,17768.55,34594786101
2024-01-07T00:00:00Z,17603.54,36694191199
2024-01-07T01:00:00Z,17571.38,33436311214
2024-01-07T02:00:00Z,17633.28,36530834827
2024-01-07T03:00:00Z,17780.3,36587681874
2024-01-07T04:00:00Z,17705.31,35168251501
2024-01-07T05:00:00Z,17791.75,35202210465
2024-01-07T06:00:00Z,17855.42,35134391704
2024-01-07T07:00:00Z,17929.62,36414511126
2024-01-07T08:00:00Z,18052.85,34301251485
2024-01-07T09:00:00Z,18190.95,36021258513
2024-01-07T10:00:00Z,18012.09,35015573815
2024-01-07T11:00:00Z,17891.2,34795277140
2024-01-07T12:00:00Z,18060.65,35255285570
2024-01-07T13:00:00Z,18126.72,36621606845
2024-01-07T14:00:00Z,18011.56,33737995976
2024-01-07T15:00:00Z,18088.83,33944058857
2024-01-07T16:00:00Z,18108.13,34863340409
2024-01-07T17:00:00Z,18212.99,35845144549
2024-01-07T18:00:00Z,18040.57,36375116202
2024-01-07T19:00:00Z,18197.45,35467115535
2024-01-07T20:00:00Z,18156.99,33720803073
2024-01-07T21:00:00Z,18080.53,33950924332
2024-01-07T22:00:00Z,17921.2,35923901814
2024-01-07T23:00:00Z,17983.56,35387334656
2024-01-08T00:00:00Z,17827.73,34004562013
2024-01-08T01:00:00Z,17935.14,36272778571
2024-01-08T02:00:00Z,17799.19,33311805080
2024-01-08T03:00:00Z,17808.7,36598754524
2024-01-08T04:00:00Z,17977.7,33880046645
2024-01-08T05:00:00Z,17828.36,33791425603
2024-01-08T06:00:00Z,17744.73,35190460951
2024-01-08T07:00:00Z,17812.76,35576311925
2024-01-08T08:00:00Z,17783.06,35441074732
2024-01-08T09:00:00Z,17796.79,33537462253
2024-01-08T10:00:00Z,17917.87,34262335716
2024-01-08T11:00:00Z,17833.89,36591317625
2024-01-08T12:00:00Z,17664.55,33575183673
2024-01-08T13:00:00Z,17729.32,34136430188
2024-01-08T14:00:00Z,17620.66,35268063272
2024-01-08T15:00:00Z,17637.49,35682382570
2024-01-08T16:00:00Z,17759.25,35832822624
2024-01-08T17:00:00Z,17906.93,36037322840
2024-01-08T18:00:00Z,17908.72,33597908995
2024-01-08T19:00:00Z,17988.75,33937292296
2024-01-08T20:00:00Z,18089.72,36724755078
2024-01-08T21:00:00Z,18253.35,34142025266
2024-01-08T22:00:00Z,18388.76,33477160345
2024-01-08T23:00:00Z,18421.26,34120434136
2024-01-09T00:00:00Z,18344.68,34424602426
2024-01-09T01:00:00Z,18384.16,34822233036
2024-01-09T02:00:00Z,18418.99,35916698437
2024-01-09T03:00:00Z,18265.56,36390878062
2024-01-09T04:00:00Z,18166.71,36033228433
2024-01-09T05:00:00Z,18173.66,33329447958
2024-01-09T06:00:00Z,18055.05,35354395334
2024-01-09T07:00:00Z,18222.6,34844683531
2024-01-09T08:00:00Z,18195.68,33682799844
2024-01-09T09:00:00Z,18221.87,33651164142
2024-01-09T10:00:00Z,18174.54,33399637741
2024-01-09T11:00:00Z,18188.49,35505366110
2024-01-09T12:00:00Z,18367.08,35672981357
2024-01-09T13:00:00Z,18538.95,35403408654
2024-01-09T14:00:00Z,18443.3,36447777621
2024-01-09T15:00:00Z,18311.69,36565322562
2024-01-09T16:00:00Z,18288.26,35658383374
2024-01-09T17:00:00Z,18450.55,35229787945
2024-01-09T18:00:00Z,18316.78,35413326234
2024-01-09T19:00:00Z,18483.69,36211774311
2024-01-09T20:00:00Z,18525.27,36394623747
2024-01-09T21:00:00Z,18438.39,35260706020
2024-01-09T22:00:00Z,18603.56,34350692687
2024-01-09T23:00:00Z,18496.96,33837092821
2024-01-10T00:00:00Z,18425.76,33622639450
2024-01-10T01:00:00Z,18432.42,36493444947
2024-01-10T02:00:00Z,18449.81,33419561161
2024-01-10T03:00:00Z,18405.96,36374190640
2024-01-10T04:00:00Z,18222.94,35680694624
2024-01-10T05:00:00Z,18254.27,34530093929
2024-01-10T06:00:00Z,18425.47,35436861688
2024-01-10T07:00:00Z,18295.82,34118204814
2024-01-10T08:00:00Z,18141.05,34806145234
2024-01-10T09:00:00Z,18135.21,34896860897
2024-01-10T10:00:00Z,18132.56,34514389803
2024-01-10T11:00:00Z,18178.72,33910935276
2024-01-10T12:00:00Z,18077.27,35357617411
2024-01-10T13:00:00Z,18014.88,36032063824
2024-01-10T14:00:00Z,18094.2,33292467241
2024-01-10T15:00:00Z,18248.59,33396414929
2024-01-10T16:00:00Z,18298.99,35520316323
2024-01-10T17:00:00Z,18295.17,33726060565
2024-01-10T18:00:00Z,18205.06,36223294732
2024-01-10T19:00:00Z,18094.51,34207856857
2024-01-10T20:00:00Z,18048.13,35478766401
2024-01-10T21:00:00Z,17876.95,36091759708
2024-01-10T22:00:00Z,17764.78,33328412606
2024-01-10T23:00:00Z,17856.76,34293410976
2024-01-11T00:00:00Z,17895.53,36686653805
2024-01-11T01:00:00Z,17957.97,35137222194
2024-01-11T02:00:00Z,18061.88,35949293970
2024-01-11T03:00:00Z,18131.01,34500925710
2024-01-11T04:00:00Z,18205.12,33701718934
2024-01-11T05:00:00Z,18380.68,36700586678
2024-01-11T06:00:00Z,18334.17,35881670495
2024-01-11T07:00:00Z,18181.72,33410296973
2024-01-11T08:00:00Z,18040.3,34577768893
2024-01-11T09:00:00Z,17887.93,36509231487
2024-01-11T10:00:00Z,17924.87,36633977832
2024-01-11T11:00:00Z,18006.72,33729267925
2024-01-11T12:00:00Z,17915.24,36550827143
2024-01-11T13:00:00Z,17867.42,34999950231
2024-01-11T14:00:00Z,17690.35,36416065253
2024-01-11T15:00:00Z,17546.58,36130613776
2024-01-11T16:00:00Z,17404.55,34304700035
2024-01-11T17:00:00Z,17494.49,34399208195
2024-01-11T18:00:00Z,17569.65,35278955361
2024-01-11T19:00:00Z,17485.09,35459490541
2024-01-11T20:00:00Z,17416.6,36485769347
2024-01-11T21:00:00Z,17581.44,34678869450
2024-01-11T22:00:00Z,17493.81,35986288554
2024-01-11T23:00:00Z,17489.7,34858879848
2024-01-12T00:00:00Z,17458.04,34571681557
2024-01-12T01:00:00Z,17321.86,34806860751
2024-01-12T02:00:00Z,17402.89,34960950128
2024-01-12T03:00:00Z,17555.63,34425493498
2024-01-12T04:00:00Z,17470.57,36723686125
2024-01-12T05:00:00Z,17603.23,33516762821
2024-01-12T06:00:00Z,17696.5,36346425530
2024-01-12T07:00:00Z,17841.21,34226311358
2024-01-12T08:00:00Z,17682.31,33570404414
2024-01-12T09:00:00Z,17840.97,33643218616
2024-01-12T10:00:00Z,17798.65,36337814051
2024-01-12T11:00:00Z,17745.12,34414378576
2024-01-12T12:00:00Z,17882.25,35882107376
2024-01-12T13:00:00Z,17962.44,35254362565
2024-01-12T14:00:00Z,18015.19,34253168657
2024-01-12T15:00:00Z,17919.5,33459455325
2024-01-12T16:00:00Z,17929.36,35931563337
2024-01-12T17:00:00Z,17981.7,34052090057
2024-01-12T18:00:00Z,17958.83,36226148206
2024-01-12T19:00:00Z,17888.49,36267340513
2024-01-12T20:00:00Z,17859.71,36541913173
2024-01-12T21:00:00Z,17929.28,33378464946
2024-01-12T22:00:00Z,17842.98,36250714356
2024-01-12T23:00:00Z,17919.67,36314999818
2024-01-13T00:00:00Z,17990.85,36151834406
2024-01-13T01:00:00Z,17901.14,34833425676
2024-01-13T02:00:00Z,18069.63,33513078704
2024-01-13T03:00:00Z,17987.44,36494609302
2024-01-13T04:00:00Z,18161.13,36664677885
2024-01-13T05:00:00Z,18315.96,34544348311
2024-01-13T06:00:00Z,18396.44,35990370869
2024-01-13T07:00:00Z,18569.53,35588424393
2024-01-13T08:00:00Z,18702.14,33951033618
2024-01-13T09:00:00Z,18763.34,36432051274
2024-01-13T10:00:00Z,18943.36,34864836588
2024-01-13T11:00:00Z,18966.79,36233983838
2024-01-13T12:00:00Z,18959.05,36521021776
2024-01-13T13:00:00Z,19030.46,34933376678
2024-01-13T14:00:00Z,19079.71,34535225655
2024-01-13T15:00:00Z,18963.38,35187522280
2024-01-13T16:00:00Z,18950.29,35479417693
2024-01-13T17:00:00Z,18835.31,36237121291
2024-01-13T18:00:00Z,18972.57,33525046465
2024-01-13T19:00:00Z,18808.84,35131382553
2024-01-13T20:00:00Z,18728.86,34606055606
2024-01-13T21:00:00Z,18709.49,35627609897
2024-01-13T22:00:00Z,18608.7,33280961339
2024-01-13T23:00:00Z,18633.38,35343735917
2024-01-14T00:00:00Z,18553.22,34933080334
2024-01-14T01:00:00Z,18399.03,33568356727
2024-01-14T02:00:00Z,18282.5,36419696382
2024-01-14T03:00:00Z,18213.67,36705306111
2024-01-14T04:00:00Z,18153.84,33785956436
2024-01-14T05:00:00Z,18335.18,34099193376
2024-01-14T06:00:00Z,18326.8,35688817448
2024-01-14T07:00:00Z,18329.57,36098696171
2024-01-14T08:00:00Z,18302.91,35814959655
2024-01-14T09:00:00Z,18457.24,33422000557
2024-01-14T10:00:00Z,18473.59,36327861400
2024-01-14T11:00:00Z,18451.38,34138545580
2024-01-14T12:00:00Z,18585.87,35889386851
2024-01-14T13:00:00Z,18460.53,33531878028
2024-01-14T14:00:00Z,18504.38,35639503891
2024-01-14T15:00:00Z,18651.13,34898795341
2024-01-14T16:00:00Z,18731.04,34569323300
2024-01-14T17:00:00Z,18680.09,35893718502
2024-01-14T18:00:00Z,18601.89,36321224458
2024-01-14T19:00:00Z,18606.78,33825645448
2024-01-14T20:00:00Z,18593.94,36620425861
2024-01-14T21:00:00Z,18583.64,35168982566
2024-01-14T22:00:00Z,18720.5,33388061019
2024-01-14T23:00:00Z,18697.75,33603725199
2024-01-15T00:00:00Z,18632.89,33330168809
2024-01-15T01:00:00Z,18534.57,34647373858
2024-01-15T02:00:00Z,18643.93,35799746536
2024-01-15T03:00:00Z,18472.95,34676488473
2024-01-15T04:00:00Z,18366.11,33470859445
2024-01-15T05:00:00Z,18439.58,35892754774
2024-01-15T06:00:00Z,18613.19,34667835770
2024-01-15T07:00:00Z,18479.69,33481502815
2024-01-15T08:00:00Z,18381.1,34622262419
2024-01-15T09:00:00Z,18374.64,34552812339
2024-01-15T10:00:00Z,18212.34,34311058227
2024-01-15T11:00:00Z,18118.84,34879057647
2024-01-15T12:00:00Z,18185.16,34032058012
2024-01-15T13:00:00Z,18222.53,35262326796
2024-01-15T14:00:00Z,18172.27,33917993287
2024-01-15T15:00:00Z,18037.62,35189904737
2024-01-15T16:00:00Z,17910.43,35358590627
2024-01-15T17:00:00Z,17742.03,33912785220
2024-01-15T18:00:00Z,17838.45,36013531056
2024-01-15T19:00:00Z,17806.95,35256221859
2024-01-15T20:00:00Z,17917.11,35918932648
2024-01-15T21:00:00Z,17874.54,34168405946
2024-01-15T22:00:00Z,17754.46,35993413622
2024-01-15T23:00:00Z,17720.36,36355574562
2024-01-16T00:00:00Z,17683.73,34774268585
2024-01-16T01:00:00Z,17579.19,33929972015
2024-01-16T02:00:00Z,17681.34,33398830195
2024-01-16T03:00:00Z,17713.75,35810929180
2024-01-16T04:00:00Z,17884.94,36131534944
2024-01-16T05:00:00Z,17918.01,36388855578
2024-01-16T06:00:00Z,18026.44,34286282956
2024-01-16T07:00:00Z,17852.88,35019937472
2024-01-16T08:00:00Z,17773.28,35835423708
2024-01-16T09:00:00Z,17699.9,35640397543
2024-01-16T10:00:00Z,17668.46,34252947737
2024-01-16T11:00:00Z,17539.31,33776186558
2024-01-16T12:00:00Z,17609.25,36099251083
2024-01-16T13:00:00Z,17654.99,34769463410
2024-01-16T14:00:00Z,17538.75,35955865614
2024-01-16T15:00:00Z,17366.92,33260922473
2024-01-16T16:00:00Z,17434.77,36600395780
2024-01-16T17:00:00Z,17554.85,33617144149
2024-01-16T18:00:00Z,17380.98,34598558213
2024-01-16T19:00:00Z,17537.59,34127914993
2024-01-16T20:00:00Z,17366.8,33293290311
2024-01-16T21:00:00Z,17484.24,36672382577
2024-01-16T22:00:00Z,17360.04,33274816928
2024-01-16T23:00:00Z,17427.85,33438055511
2024-01-17T00:00:00Z,17400.0,34163699852
2024-01-17T01:00:00Z,17453.93,33553979141
2024-01-17T02:00:00Z,17564.73,33993604017
2024-01-17T03:00:00Z,17392.64,33861937731
2024-01-17T04:00:00Z,17436.53,36089819215
2024-01-17T05:00:00Z,17432.07,33598511659
2024-01-17T06:00:00Z,17384.55,33391034685
2024-01-17T07:00:00Z,17370.06,35237628215
2024-01-17T08:00:00Z,17401.69,34152154239
2024-01-17T09:00:00Z,17553.0,34836927437
2024-01-17T10:00:00Z,17452.15,34566863770
2024-01-17T11:00:00Z,17391.74,34744995103
2024-01-17T12:00:00Z,17226.31,34999112206
2024-01-17T13:00:00Z,17102.7,36079761478
2024-01-17T14:00:00Z,17078.38,35857784784
2024-01-17T15:00:00Z,17059.28,35285025540
2024-01-17T16:00:00Z,17196.23,36351437847
2024-01-17T17:00:00Z,17221.22,35067753383
2024-01-17T18:00:00Z,17060.08,35409008750
2024-01-17T19:00:00Z,17098.33,34833484517
2024-01-17T20:00:00Z,17204.46,33453660926
2024-01-17T21:00:00Z,17354.94,34674430933
2024-01-17T22:00:00Z,17226.74,34333570150
2024-01-17T23:00:00Z,17217.23,36640777982
2024-01-18T00:00:00Z,17196.87,33982041796
2024-01-18T01:00:00Z,17156.38,34718446198
2024-01-18T02:00:00Z,17245.46,33485181413
2024-01-18T03:00:00Z,17084.84,36247582002
2024-01-18T04:00:00Z,16950.77,34219719175
2024-01-18T05:00:00Z,16945.54,35733535215
2024-01-18T06:00:00Z,16825.83,34579184874
2024-01-18T07:00:00Z,16967.47,34460243095
2024-01-18T08:00:00Z,17063.37,34386537482
2024-01-18T09:00:00Z,17070.55,33972027167
2024-01-18T10:00:00Z,17086.14,35300138072
2024-01-18T11:00:00Z,17181.1,34305132098
2024-01-18T12:00:00Z,17285.66,33964365528
2024-01-18T13:00:00Z,17365.46,34990506395
2024-01-18T14:00:00Z,17302.55,34244747983
2024-01-18T15:00:00Z,17199.98,35904522175
2024-01-18T16:00:00Z,17041.38,36545583074
2024-01-18T17:00:00Z,17085.3,35412188395
2024-01-18T18:00:00Z,17014.66,33254971507
2024-01-18T19:00:00Z,16950.3,34043847169
2024-01-18T20:00:00Z,17115.42,34766502518
2024-01-18T21:00:00Z,17002.17,33434862915
2024-01-18T22:00:00Z,16960.83,33762190337
2024-01-18T23:00:00Z,17071.62,34706616181
2024-01-19T00:00:00Z,17002.14,35870615421
2024-01-19T01:00:00Z,16849.15,36118231362
2024-01-19T02:00:00Z,16793.49,34408996546
2024-01-19T03:00:00Z,16847.37,35029327599
2024-01-19T04:00:00Z,16957.49,34507598561
2024-01-19T05:00:00Z,16792.98,34944106032
2024-01-19T06:00:00Z,16741.01,36173065072
2024-01-19T07:00:00Z,16630.81,33359502067
2024-01-19T08:00:00Z,16542.09,34339735275
2024-01-19T09:00:00Z,16452.35,36538475818
2024-01-19T10:00:00Z,16427.13,34281028090
2024-01-19T11:00:00Z,16375.29,33282741521
2024-01-19T12:00:00Z,16476.49,36523017287
2024-01-19T13:00:00Z,16514.81,35331717341
2024-01-19T14:00:00Z,16643.01,34461964989
2024-01-19T15:00:00Z,16745.17,35372005628
2024-01-19T16:00:00Z,16738.29,34255966175
2024-01-19T17:00:00Z,16658.62,33789917770
2024-01-19T18:00:00Z,16637.87,34778014321
2024-01-19T19:00:00Z,16793.86,35368972298
2024-01-19T20:00:00Z,16933.73,36268680050
2024-01-19T21:00:00Z,16933.39,36044319215
2024-01-19T22:00:00Z,16781.62,35606516452
2024-01-19T23:00:00Z,16779.69,34021411050
2024-01-20T00:00:00Z,16649.56,34097541814
2024-01-20T01:00:00Z,16760.3,36176694650
2024-01-20T02:00:00Z,16795.26,33842621443
2024-01-20T03:00:00Z,16635.03,34256081244
2024-01-20T04:00:00Z,16620.09,33335476502
2024-01-20T05:00:00Z,16678.66,34277759085
2024-01-20T06:00:00Z,16706.9,33518976596
2024-01-20T07:00:00Z,16773.08,33806546592
2024-01-20T08:00:00Z,16928.46,35224802300
2024-01-20T09:00:00Z,17016.22,36453225015
2024-01-20T10:00:00Z,17096.45,35602171042
2024-01-20T11:00:00Z,17202.13,36481829726
2024-01-20T12:00:00Z,17160.09,36195181330
2024-01-20T13:00:00Z,17021.26,33404098556
2024-01-20T14:00:00Z,16944.21,34658526739
2024-01-20T15:00:00Z,16964.93,33723084378
2024-01-20T16:00:00Z,16815.59,35087498640
2024-01-20T17:00:00Z,16826.46,33676580342
2024-01-20T18:00:00Z,16761.24,34118062823
2024-01-20T19:00:00Z,16729.7,33389965821
2024-01-20T20:00:00Z,16706.77,35051076611
2024-01-20T21:00:00Z,16588.13,35079258151
2024-01-20T22:00:00Z,16699.93,33805991141
2024-01-20T23:00:00Z,16577.05,36096015067
2024-01-21T00:00:00Z,16473.26,36627269540
2024-01-21T01:00:00Z,16629.68,36418470448
2024-01-21T02:00:00Z,16750.47,35345463724
2024-01-21T03:00:00Z,16647.67,36287879606
2024-01-21T04:00:00Z,16573.17,36440616141
2024-01-21T05:00:00Z,16554.96,36083299098
2024-01-21T06:00:00Z,16500.88,34990636433
2024-01-21T07:00:00Z,16487.39,34029540787
2024-01-21T08:00:00Z,16481.64,34277659302
2024-01-21T09:00:00Z,16444.51,33374671145
2024-01-21T10:00:00Z,16302.6,34062145990
2024-01-21T11:00:00Z,16163.28,35783033853
2024-01-21T12:00:00Z,16044.17,36648737657
2024-01-21T13:00:00Z,16059.09,33770274193
2024-01-21T14:00:00Z,15965.64,34488375265
2024-01-21T15:00:00Z,15911.81,33870792247
2024-01-21T16:00:00Z,15844.03,35244197792
2024-01-21T17:00:00Z,15798.86,36607995377
2024-01-21T18:00:00Z,15785.12,35445326777
2024-01-21T19:00:00Z,15770.22,33722426530
2024-01-21T20:00:00Z,15655.15,34741532847
2024-01-21T21:00:00Z,15513.16,34558802868
2024-01-21T22:00:00Z,15409.78,34629978768
2024-01-21T23:00:00Z,15270.18,34164555665
2024-01-22T00:00:00Z,15203.93,34230464285
2024-01-22T01:00:00Z,15162.69,34678055439
2024-01-22T02:00:00Z,15084.42,34320382885
2024-01-22T03:00:00Z,15082.17,34571177432
2024-01-22T04:00:00Z,15013.94,35559231520
2024-01-22T05:00:00Z,15133.31,35421936459
2024-01-22T06:00:00Z,15237.35,35920798194
2024-01-22T07:00:00Z,15304.23,36294671903
2024-01-22T08:00:00Z,15270.63,36586191509
2024-01-22T09:00:00Z,15159.51,36248902149
2024-01-22T10:00:00Z,15250.45,35727812035
2024-01-22T11:00:00Z,15312.63,35077830701
2024-01-22T12:00:00Z,15413.46,35479465049
2024-01-22T13:00:00Z,15516.66,35209028607
2024-01-22T14:00:00Z,15380.71,35196534403
2024-01-22T15:00:00Z,15255.84,34073088119
2024-01-22T16:00:00Z,15233.48,35283993179
2024-01-22T17:00:00Z,15105.48,34446335821
2024-01-22T18:00:00Z,14985.1,35796251913
2024-01-22T19:00:00Z,14839.29,36585726182
2024-01-22T20:00:00Z,14752.26,34436978228
2024-01-22T21:00:00Z,14711.82,34703727104
2024-01-22T22:00:00Z,14802.02,36004801939
2024-01-22T23:00:00Z,14679.14,34184662939
2024-01-23T00:00:00Z,14667.49,33751913322
2024-01-23T01:00:00Z,14756.86,35042739615
2024-01-23T02:00:00Z,14684.1,35743404797
2024-01-23T03:00:00Z,14615.1,34207769880
2024-01-23T04:00:00Z,14613.6,34247306327
2024-01-23T05:00:00Z,14683.88,34317739150
2024-01-23T06:00:00Z,14740.98,34570796356
2024-01-23T07:00:00Z,14773.44,34662294353
2024-01-23T08:00:00Z,14773.41,35755472486
2024-01-23T09:00:00Z,14699.92,35816983940
2024-01-23T10:00:00Z,14660.7,35618528613
2024-01-23T11:00:00Z,14696.47,34014983878
2024-01-23T12:00:00Z,14748.63,35584282494
2024-01-23T13:00:00Z,14825.46,34890110550
2024-01-23T14:00:00Z,14758.1,33295184390
2024-01-23T15:00:00Z,14779.85,36219432156
2024-01-23T16:00:00Z,14830.15,34821178124
2024-01-23T17:00:00Z,14846.03,36439092721
2024-01-23T18:00:00Z,14767.92,35681210669
2024-01-23T19:00:00Z,14767.3,33319771378
2024-01-23T20:00:00Z,14842.28,35221256554
2024-01-23T21:00:00Z,14812.02,33935106349
2024-01-23T22:00:00Z,14666.22,34446089747
2024-01-23T23:00:00Z,14540.55,33398816284
2024-01-24T00:00:00Z,14626.65,36334505462
2024-01-24T01:00:00Z,14654.07,33549285824
2024-01-24T02:00:00Z,14596.36,34432939187
2024-01-24T03:00:00Z,14626.56,34417878225
2024-01-24T04:00:00Z,14740.55,33788701652
2024-01-24T05:00:00Z,14873.21,36470655686
2024-01-24T06:00:00Z,14734.82,33947057312
2024-01-24T07:00:00Z,14689.95,36636499838
2024-01-24T08:00:00Z,14618.83,35505956361
2024-01-24T09:00:00Z,14686.96,33305440771
2024-01-24T10:00:00Z,14729.84,35268334806
2024-01-24T11:00:00Z,14585.87,34771018819
2024-01-24T12:00:00Z,14545.66,33381604197
2024-01-24T13:00:00Z,14556.89,33643932631
2024-01-24T14:00:00Z,14667.68,36078115754
2024-01-24T15:00:00Z,14701.06,36616484786
2024-01-24T16:00:00Z,14818.11,33765847670
2024-01-24T17:00:00Z,14921.91,33293887215
2024-01-24T18:00:00Z,15037.18,34299105192
2024-01-24T19:00:00Z,15021.07,36021144181
2024-01-24T20:00:00Z,15087.69,36134591268
2024-01-24T21:00:00Z,15107.22,34412536125
2024-01-24T22:00:00Z,15242.52,35581680339
2024-01-24T23:00:00Z,15205.18,34557946191
2024-01-25T00:00:00Z,15220.7,36302493899
2024-01-25T01:00:00Z,15311.88,34261529996
2024-01-25T02:00:00Z,15379.9,33412183672
2024-01-25T03:00:00Z,15408.11,36740981505
2024-01-25T04:00:00Z,15369.52,34079131604
2024-01-25T05:00:00Z,15492.98,36315446345
2024-01-25T06:00:00Z,15428.83,35511974347
2024-01-25T07:00:00Z,15319.73,34988009771
2024-01-25T08:00:00Z,15365.29,35136293515
2024-01-25T09:00:00Z,15324.96,36258537733
2024-01-25T10:00:00Z,15372.39,35920317205
2024-01-25T11:00:00Z,15274.96,35686121351
2024-01-25T12:00:00Z,15409.83,34605218747
2024-01-25T13:00:00Z,15373.61,34558076633
2024-01-25T14:00:00Z,15340.24,33368888438
2024-01-25T15:00:00Z,15376.61,35814958431
2024-01-25T16:00:00Z,15395.27,36418508567
2024-01-25T17:00:00Z,15279.54,34525426868
2024-01-25T18:00:00Z,15188.12,36733010924
2024-01-25T19:00:00Z,15290.92,36563439481
2024-01-25T20:00:00Z,15239.71,33476289338
2024-01-25T21:00:00Z,15202.11,36142596837
2024-01-25T22:00:00Z,15287.88,35848180140
2024-01-25T23:00:00Z,15389.33,36013579084
2024-01-26T00:00:00Z,15309.65,33893805162
2024-01-26T01:00:00Z,15303.77,34523193342
2024-01-26T02:00:00Z,15321.15,33308848085
2024-01-26T03:00:00Z,15336.73,36610831028
2024-01-26T04:00:00Z,15233.08,34199175361
2024-01-26T05:00:00Z,15313.97,34129629237
2024-01-26T06:00:00Z,15326.8,34014173121
2024-01-26T07:00:00Z,15323.88,35855648492
2024-01-26T08:00:00Z,15356.57,34299071233
2024-01-26T09:00:00Z,15383.72,34421992368
2024-01-26T10:00:00Z,15418.98,36350067994
2024-01-26T11:00:00Z,15439.59,34578347868
2024-01-26T12:00:00Z,15510.54,34608302239
2024-01-26T13:00:00Z,15629.82,35422997352
2024-01-26T14:00:00Z,15493.38,36155574130
2024-01-26T15:00:00Z,15647.37,35507236587
2024-01-26T16:00:00Z,15558.55,33574848248
2024-01-26T17:00:00Z,15614.85,36216300584
2024-01-26T18:00:00Z,15532.37,33753742131
2024-01-26T19:00:00Z,15506.82,34759384045
2024-01-26T20:00:00Z,15389.69,34738760155
2024-01-26T21:00:00Z,15492.77,35987038329
2024-01-26T22:00:00Z,15395.85,33445996627
2024-01-26T23:00:00Z,15535.85,33517471507
2024-01-27T00:00:00Z,15480.09,33638040562
2024-01-27T01:00:00Z,15419.26,36114173329
2024-01-27T02:00:00Z,15373.06,34566824234
2024-01-27T03:00:00Z,15299.33,34170737314
2024-01-27T04:00:00Z,15205.06,35512295722
2024-01-27T05:00:00Z,15123.83,34362518062
2024-01-27T06:00:00Z,15206.69,35062838434
2024-01-27T07:00:00Z,15073.87,36488936387
2024-01-27T08:00:00Z,15150.6,35801603280
2024-01-27T09:00:00Z,15258.31,36544023028
2024-01-27T10:00:00Z,15196.81,36108230905
2024-01-27T11:00:00Z,15232.57,34446662312
2024-01-27T12:00:00Z,15353.26,35875098907
2024-01-27T13:00:00Z,15265.78,33496670653
2024-01-27T14:00:00Z,15151.8,34750461764
2024-01-27T15:00:00Z,15166.3,34949511317
2024-01-27T16:00:00Z,15316.99,34640794661
2024-01-27T17:00:00Z,15256.71,35975486326
2024-01-27T18:00:00Z,15255.66,34017329715
2024-01-27T19:00:00Z,15210.44,34699242667
2024-01-27T20:00:00Z,15075.55,36558724319
2024-01-27T21:00:00Z,15081.76,34777666572
2024-01-27T22:00:00Z,14935.83,36590100897
2024-01-27T23:00:00Z,15069.8,36498246904
2024-01-28T00:00:00Z,15007.56,34885204340
2024-01-28T01:00:00Z,15044.2,36481015848
2024-01-28T02:00:00Z,15012.9,35546947000
2024-01-28T03:00:00Z,15015.46,33706175960
2024-01-28T04:00:00Z,15153.18,33931190467
2024-01-28T05:00:00Z,15084.51,33622046088
2024-01-28T06:00:00Z,15202.8,35118612387
2024-01-28T07:00:00Z,15280.56,33447452966
2024-01-28T08:00:00Z,15225.89,36612139968
2024-01-28T09:00:00Z,15207.03,34839546054
2024-01-28T10:00:00Z,15255.53,34301544262
2024-01-28T11:00:00Z,15163.49,36225164162
2024-01-28T12:00:00Z,15210.64,35401534722
2024-01-28T13:00:00Z,15311.03,36290853682
2024-01-28T14:00:00Z,15416.77,34373948637
2024-01-28T15:00:00Z,15569.62,34411373438
2024-01-28T16:00:00Z,15467.92,33855785035
2024-01-28T17:00:00Z,15581.75,35089905004
2024-01-28T18:00:00Z,15549.27,36301668710
2024-01-28T19:00:00Z,15642.78,35182576986
2024-01-28T20:00:00Z,15734.25,35895461683
2024-01-28T21:00:00Z,15694.6,34064291644
2024-01-28T22:00:00Z,15744.35,36164567118
2024-01-28T23:00:00Z,15592.06,34586756778
2024-01-29T00:00:00Z,15731.39,34984330585
2024-01-29T01:00:00Z,15622.19,35482599375
2024-01-29T02:00:00Z,15653.3,35951631811
2024-01-29T03:00:00Z,15806.85,34639849119
2024-01-29T04:00:00Z,15734.63,33932649787
2024-01-29T05:00:00Z,15857.42,35358288665
2024-01-29T06:00:00Z,15895.69,34869538741
2024-01-29T07:00:00Z,15839.55,34280452650
2024-01-29T08:00:00Z,15930.69,34628766639
2024-01-29T09:00:00Z,15836.61,36096494992
2024-01-29T10:00:00Z,15904.43,35362067979
2024-01-29T11:00:00Z,15972.66,36731374691
2024-01-29T12:00:00Z,16007.08,36089426442
2024-01-29T13:00:00Z,16003.99,35401131518
2024-01-29T14:00:00Z,16081.05,33818027757
2024-01-29T15:00:00Z,15975.15,36652956185
2024-01-29T16:00:00Z,15988.35,36107718458
2024-01-29T17:00:00Z,15951.02,36663636087
2024-01-29T18:00:00Z,16094.7,34095825559
2024-01-29T19:00:00Z,15936.9,34249648592
2024-01-29T20:00:00Z,15989.45,33383329250
2024-01-29T21:00:00Z,16128.8,33743481517
2024-01-29T22:00:00Z,16035.0,36490028036
2024-01-29T23:00:00Z,16016.04,36312224360
2024-01-30T00:00:00Z,15931.62,34203868502
2024-01-30T01:00:00Z,16005.29,34363213165
2024-01-30T02:00:00Z,15900.94,34559828104
2024-01-30T03:00:00Z,15989.21,34812504723
2024-01-30T04:00:00Z,15832.27,34642349472
2024-01-30T05:00:00Z,15951.82,35658331114
2024-01-30T06:00:00Z,15888.01,33932810274
2024-01-30T07:00:00Z,15774.22,35544524347
2024-01-30T08:00:00Z,15693.34,34740417178
2024-01-30T09:00:00Z,15830.51,36503136595
2024-01-30T10:00:00Z,15715.03,36381958276
2024-01-30T11:00:00Z,15818.64,35106702783
2024-01-30T12:00:00Z,15930.94,34080811663
2024-01-30T13:00:00Z,16019.11,34850584531
2024-01-30T14:00:00Z,16086.32,36459621461
2024-01-30T15:00:00Z,15975.57,33578758743
2024-01-30T16:00:00Z,16080.58,36351077515
2024-01-30T17:00:00Z,16039.02,33938885318
2024-01-30T18:00:00Z,15918.75,34244034028
2024-01-30T19:00:00Z,16011.14,35996703333
2024-01-30T20:00:00Z,15997.72,36282960597
2024-01-30T21:00:00Z,15874.08,36058424510
2024-01-30T22:00:00Z,15767.88,36724302675
2024-01-30T23:00:00Z,15769.94,35686344525
2024-01-31T00:00:00Z,15795.96,35425210361
2024-01-31T01:00:00Z,15746.24,33919125407
2024-01-31T02:00:00Z,15867.03,36134847972
2024-01-31T03:00:00Z,15757.88,34493671396
2024-01-31T04:00:00Z,15904.22,35560538541
2024-01-31T05:00:00Z,15970.81,34950708451
2024-01-31T06:00:00Z,15997.95,33637183069
2024-01-31T07:00:00Z,16056.93,34347972922
2024-01-31T08:00:00Z,16139.78,34068445167
2024-01-31T09:00:00Z,16159.59,36218872804
2024-01-31T10:00:00Z,16274.88,33432572048
2024-01-31T11:00:00Z,16403.33,34277371089
2024-01-31T12:00:00Z,16431.43,33353858651
2024-01-31T13:00:00Z,16512.77,35677147614
2024-01-31T14:00:00Z,16567.78,35104478592
2024-01-31T15:00:00Z,16732.91,33843731970
2024-01-31T16:00:00Z,16645.85,35196865936
2024-01-31T17:00:00Z,16612.17,34249695775
2024-01-31T18:00:00Z,16578.07,34914261510
2024-01-31T19:00:00Z,16657.02,35554825298
2024-01-31T20:00:00Z,16721.45,34950114099
2024-01-31T21:00:00Z,16738.18,35986095643
2024-01-31T22:00:00Z,16679.57,35578601509
2024-01-31T23:00:00Z,16644.61,34446864610
2024-02-01T00:00:00Z,16560.87,36640531968
2024-02-01T01:00:00Z,16539.37,33529336717
2024-02-01T02:00:00Z,16448.96,36660116468
2024-02-01T03:00:00Z,16578.17,34820115182
2024-02-01T04:00:00Z,16536.19,33716981173
2024-02-01T05:00:00Z,16509.95,35999153997
2024-02-01T06:00:00Z,16514.98,34788204563
2024-02-01T07:00:00Z,16680.09,33663873622
2024-02-01T08:00:00Z,16706.82,35826832614
2024-02-01T09:00:00Z,16632.94,33447964769
2024-02-01T10:00:00Z,16622.3,35557413366
2024-02-01T11:00:00Z,16738.08,34673583041
2024-02-01T12:00:00Z,16806.71,34110133565
2024-02-01T13:00:00Z,16886.38,36290599206
2024-02-01T14:00:00Z,16972.5,33516905516
2024-02-01T15:00:00Z,16967.94,35969880151
2024-02-01T16:00:00Z,16919.54,33255627663
2024-02-01T17:00:00Z,16813.46,34520885654
2024-02-01T18:00:00Z,16794.95,33789010177
2024-02-01T19:00:00Z,16924.25,35482570621
2024-02-01T20:00:00Z,16802.42,33464138875
2024-02-01T21:00:00Z,16704.25,35909414535
2024-02-01T22:00:00Z,16837.58,36676054509
2024-02-01T23:00:00Z,16686.51,34711821199
2024-02-02T00:00:00Z,16633.14,34743891255
2024-02-02T01:00:00Z,16639.98,36364723525
2024-02-02T02:00:00Z,16561.15,36057721679
2024-02-02T03:00:00Z,16523.19,35872407218
2024-02-02T04:00:00Z,16611.59,33850327488
2024-02-02T05:00:00Z,16456.16,35636815248
2024-02-02T06:00:00Z,16309.07,35234736325
2024-02-02T07:00:00Z,16246.42,34491733953
2024-02-02T08:00:00Z,16162.71,34716809423
2024-02-02T09:00:00Z,16147.27,36622564291
2024-02-02T10:00:00Z,16098.52,36659280694
2024-02-02T11:00:00Z,16246.04,35726713658
2024-02-02T12:00:00Z,16084.77,35974755361
2024-02-02T13:00:00Z,15986.81,33425292647
2024-02-02T14:00:00Z,15884.54,36191357744
2024-02-02T15:00:00Z,15996.22,34404174763
2024-02-02T16:00:00Z,16001.13,33807524537
2024-02-02T17:00:00Z,16160.77,36022991308
2024-02-02T18:00:00Z,16146.81,35806817180
2024-02-02T19:00:00Z,16158.0,34626981983
2024-02-02T20:00:00Z,16299.47,34028946742
2024-02-02T21:00:00Z,16255.79,35150280166
2024-02-02T22:00:00Z,16412.39,35562814426
2024-02-02T23:00:00Z,16277.34,36637570535
2024-02-03T00:00:00Z,16413.65,36385202565
2024-02-03T01:00:00Z,16315.0,33518062261
2024-02-03T02:00:00Z,16207.19,36056246499
2024-02-03T03:00:00Z,16230.89,35348911694
2024-02-03T04:00:00Z,16096.47,33450043454
2024-02-03T05:00:00Z,16069.19,36645318633
2024-02-03T06:00:00Z,16010.85,35568462890
2024-02-03T07:00:00Z,16147.98,33382612210
2024-02-03T08:00:00Z,16073.84,35150533392
2024-02-03T09:00:00Z,16148.1,34334950245
2024-02-03T10:00:00Z,16138.86,35861871900
2024-02-03T11:00:00Z,16261.36,34098392798
2024-02-03T12:00:00Z,16102.51,34112796948
2024-02-03T13:00:00Z,16255.85,35109511325
2024-02-03T14:00:00Z,16251.44,35324289623
2024-02-03T15:00:00Z,16191.61,34539368472
2024-02-03T16:00:00Z,16085.33,35072983075
2024-02-03T17:00:00Z,16043.88,35519572968
2024-02-03T18:00:00Z,16112.8,34053960962
2024-02-03T19:00:00Z,16136.69,35101221469
2024-02-03T20:00:00Z,16274.83,34339560923
2024-02-03T21:00:00Z,16365.14,33551573462
2024-02-03T22:00:00Z,16225.03,35057072018
2024-02-03T23:00:00Z,16135.44,33407705034
2024-02-04T00:00:00Z,16222.1,33490546128
2024-02-04T01:00:00Z,16345.85,35620880917
2024-02-04T02:00:00Z,16194.41,34343108252
2024-02-04T03:00:00Z,16176.03,35459600834
2024-02-04T04:00:00Z,16297.27,36636969755
2024-02-04T05:00:00Z,16279.78,34534882091
2024-02-04T06:00:00Z,16421.16,35912712468
2024-02-04T07:00:00Z,16499.61,35368549087
2024-02-04T08:00:00Z,16444.86,34527656307
2024-02-04T09:00:00Z,16338.12,33754890385
2024-02-04T10:00:00Z,16237.46,34533311958
2024-02-04T11:00:00Z,16327.39,33536024971
2024-02-04T12:00:00Z,16430.35,33661983032
2024-02-04T13:00:00Z,16385.93,33604666081
2024-02-04T14:00:00Z,16374.41,36348422135
2024-02-04T15:00:00Z,16345.29,35815457635
2024-02-04T16:00:00Z,16237.37,33370578475
2024-02-04T17:00:00Z,16081.61,35839181950
2024-02-04T18:00:00Z,16113.07,33329889847
2024-02-04T19:00:00Z,16172.04,35795370383
2024-02-04T20:00:00Z,16244.62,34839337835
2024-02-04T21:00:00Z,16135.84,36448171515
2024-02-04T22:00:00Z,16243.84,33945367816
2024-02-04T23:00:00Z,16190.01,36651650352
2024-02-05T00:00:00Z,16271.56,34368131054
2024-02-05T01:00:00Z,16427.7,35578613964
2024-02-05T02:00:00Z,16485.2,36612226355
2024-02-05T03:00:00Z,16591.12,36292121463
2024-02-05T04:00:00Z,16672.87,35649559008
2024-02-05T05:00:00Z,16662.81,34241329744
2024-02-05T06:00:00Z,16538.99,34912829136
2024-02-05T07:00:00Z,16446.28,35482409689
2024-02-05T08:00:00Z,16345.39,33820767743
2024-02-05T09:00:00Z,16198.69,35831017612
2024-02-05T10:00:00Z,16063.94,35022086574
2024-02-05T11:00:00Z,15941.32,33667866399
2024-02-05T12:00:00Z,15851.27,36478031905
2024-02-05T13:00:00Z,15714.73,36158702911
2024-02-05T14:00:00Z,15735.15,34423764838
2024-02-05T15:00:00Z,15810.0,36591978996
2024-02-05T16:00:00Z,15726.86,34204010542
2024-02-05T17:00:00Z,15829.11,34764983961
2024-02-05T18:00:00Z,15818.35,33963256492
2024-02-05T19:00:00Z,15662.69,36637009447
2024-02-05T20:00:00Z,15587.08,33636693081
2024-02-05T21:00:00Z,15518.02,36353800989
2024-02-05T22:00:00Z,15645.73,33540096924
2024-02-05T23:00:00Z,15718.9,34402156985
2024-02-06T00:00:00Z,15667.89,35930304530
2024-02-06T01:00:00Z,15746.97,33477765989
2024-02-06T02:00:00Z,15619.47,34555565152
2024-02-06T03:00:00Z,15554.58,36674688035
2024-02-06T04:00:00Z,15419.55,33869994264
2024-02-06T05:00:00Z,15475.92,33349986716
2024-02-06T06:00:00Z,15385.92,34595992472
2024-02-06T07:00:00Z,15273.72,35413391991
2024-02-06T08:00:00Z,15340.48,36102132681
2024-02-06T09:00:00Z,15488.53,34145030826
2024-02-06T10:00:00Z,15633.85,34547453695
2024-02-06T11:00:00Z,15784.26,34203981422
2024-02-06T12:00:00Z,15739.68,34900480014
2024-02-06T13:00:00Z,15804.89,36055514465
2024-02-06T14:00:00Z,15818.53,35552288670
2024-02-06T15:00:00Z,15837.38,35725936033
2024-02-06T16:00:00Z,15709.52,34759853003
2024-02-06T17:00:00Z,15758.25,36323637252
2024-02-06T18:00:00Z,15607.72,34883244807
2024-02-06T19:00:00Z,15716.58,36603666851
2024-02-06T20:00:00Z,15761.72,35531712475
2024-02-06T21:00:00Z,15627.91,35434004574
2024-02-06T22:00:00Z,15554.2,36202895473
2024-02-06T23:00:00Z,15649.82,36396581825
2024-02-07T00:00:00Z,15534.49,35880927788
2024-02-07T01:00:00Z,15646.4,33587868144
2024-02-07T02:00:00Z,15592.28,36513508320
2024-02-07T03:00:00Z,15716.62,33927604878
2024-02-07T04:00:00Z,15622.18,34765002704
2024-02-07T05:00:00Z,15744.61,35623319794
2024-02-07T06:00:00Z,15663.43,35832541689
2024-02-07T07:00:00Z,15617.12,36297779012
2024-02-07T08:00:00Z,15470.94,34877754804
2024-02-07T09:00:00Z,15514.16,33636313706
2024-02-07T10:00:00Z,15614.88,34031347411
2024-02-07T11:00:00Z,15640.48,35616819695
2024-02-07T12:00:00Z,15646.3,35155563544
2024-02-07T13:00:00Z,15735.12,33871314139
2024-02-07T14:00:00Z,15656.98,35431798137
2024-02-07T15:00:00Z,15768.91,33550407177
2024-02-07T16:00:00Z,15821.69,34360882370
2024-02-07T17:00:00Z,15805.82,36276914176
2024-02-07T18:00:00Z,15929.32,35944802443
2024-02-07T19:00:00Z,15882.17,34633684453
2024-02-07T20:00:00Z,15842.21,33920404262
2024-02-07T21:00:00Z,15899.49,34826938154
2024-02-07T22:00:00Z,15942.84,36573193636
2024-02-07T23:00:00Z,16092.45,33667689699
2024-02-08T00:00:00Z,16145.9,34669114071
2024-02-08T01:00:00Z,16144.41,33583536171
2024-02-08T02:00:00Z,16219.21,33807301814
2024-02-08T03:00:00Z,16233.38,34130170913
2024-02-08T04:00:00Z,16211.55,35989348140
2024-02-08T05:00:00Z,16077.07,34737595044
2024-02-08T06:00:00Z,15960.69,34000610371
2024-02-08T07:00:00Z,15901.04,33609332441
2024-02-08T08:00:00Z,15955.11,36396696761
2024-02-08T09:00:00Z,15890.81,35463862375
2024-02-08T10:00:00Z,15935.83,35073337374
2024-02-08T11:00:00Z,15898.61,33266175091
2024-02-08T12:00:00Z,15888.91,33990090066
2024-02-08T13:00:00Z,15891.11,36625301498
2024-02-08T14:00:00Z,16003.09,34608381755
2024-02-08T15:00:00Z,16121.13,35008378367
2024-02-08T16:00:00Z,16246.21,34231853805
2024-02-08T17:00:00Z,16319.06,34461262812
2024-02-08T18:00:00Z,16363.75,36346570967
2024-02-08T19:00:00Z,16259.34,33779080438
2024-02-08T20:00:00Z,16287.72,35664209484
2024-02-08T21:00:00Z,16259.16,33819160827
2024-02-08T22:00:00Z,16237.44,36041494785
2024-02-08T23:00:00Z,16124.08,33509518171
2024-02-09T00:00:00Z,15968.37,36558016602
2024-02-09T01:00:00Z,16113.44,36298657497
2024-02-09T02:00:00Z,16147.45,36653301931
2024-02-09T03:00:00Z,16304.8,36719292699
2024-02-09T04:00:00Z,16198.44,35515290806
2024-02-09T05:00:00Z,16328.7,34439271362
2024-02-09T06:00:00Z,16296.42,33848510425
2024-02-09T07:00:00Z,16372.69,35999718609
2024-02-09T08:00:00Z,16218.51,35487423064
2024-02-09T09:00:00Z,16361.77,35016226402
2024-02-09T10:00:00Z,16516.08,36382242390
2024-02-09T11:00:00Z,16559.79,34482029330
2024-02-09T12:00:00Z,16395.27,34402980534
2024-02-09T13:00:00Z,16377.44,34396658804
2024-02-09T14:00:00Z,16275.45,33261702140
2024-02-09T15:00:00Z,16387.08,35166514736
2024-02-09T16:00:00Z,16223.41,35371375416
2024-02-09T17:00:00Z,16285.18,34434413205
2024-02-09T18:00:00Z,16306.96,35804397097
2024-02-09T19:00:00Z,16454.98,36101530754
2024-02-09T20:00:00Z,16582.18,33400865785
2024-02-09T21:00:00Z,16611.67,34683022060
2024-02-09T22:00:00Z,16751.75,35060266624
2024-02-09T23:00:00Z,16859.91,33620479143
2024-02-10T00:00:00Z,16909.41,35383599944
2024-02-10T01:00:00Z,16799.17,33967843880
2024-02-10T02:00:00Z,16950.19,34183149128
2024-02-10T03:00:00Z,16991.67,33487212781
2024-02-10T04:00:00Z,16947.81,34555786185
2024-02-10T05:00:00Z,16939.85,35983274512
2024-02-10T06:00:00Z,17030.08,34408307207
2024-02-10T07:00:00Z,17128.52,33287768778
2024-02-10T08:00:00Z,17085.62,36706711335
2024-02-10T09:00:00Z,17034.15,34891554625
2024-02-10T10:00:00Z,16948.77,36674296004
2024-02-10T11:00:00Z,16977.99,33745443588
2024-02-10T12:00:00Z,16908.15,36398700422
2024-02-10T13:00:00Z,16896.87,33303930622
2024-02-10T14:00:00Z,16924.4,34111877536
2024-02-10T15:00:00Z,16765.13,35698376278
2024-02-10T16:00:00Z,16913.31,36299943976
2024-02-10T17:00:00Z,16966.59,35919446977
2024-02-10T18:00:00Z,16808.98,35667722591
2024-02-10T19:00:00Z,16700.76,33512185542
2024-02-10T20:00:00Z,16628.33,34497248170
2024-02-10T21:00:00Z,16465.45,35532851153
2024-02-10T22:00:00Z,16544.18,33574078360
2024-02-10T23:00:00Z,16398.13,35393758589
2024-02-11T00:00:00Z,16318.74,36687362267
2024-02-11T01:00:00Z,16369.56,34279527474
2024-02-11T02:00:00Z,16471.4,36059418060
2024-02-11T03:00:00Z,16632.82,35382543274
2024-02-11T04:00:00Z,16589.7,36660446113
2024-02-11T05:00:00Z,16493.79,35390881817
2024-02-11T06:00:00Z,16366.4,35999048458
2024-02-11T07:00:00Z,16286.53,36261851919
2024-02-11T08:00:00Z,16266.86,35703202523
2024-02-11T09:00:00Z,16134.74,34150993271
2024-02-11T10:00:00Z,16194.17,33725521180
2024-02-11T11:00:00Z,16335.94,34554663212
2024-02-11T12:00:00Z,16491.05,33388230387
2024-02-11T13:00:00Z,16432.8,34458571550
2024-02-11T14:00:00Z,16389.68,35530122301
2024-02-11T15:00:00Z,16316.97,34931611671
2024-02-11T16:00:00Z,16337.66,34528345671
2024-02-11T17:00:00Z,16320.58,35066558035
2024-02-11T18:00:00Z,16451.87,34124628552
2024-02-11T19:00:00Z,16322.94,34531346184
2024-02-11T20:00:00Z,16199.38,34390405373
2024-02-11T21:00:00Z,16236.89,35048254350
2024-02-11T22:00:00Z,16140.4,33516867718
2024-02-11T23:00:00Z,16133.91,33536137035
2024-02-12T00:00:00Z,16173.05,33988787779
2024-02-12T01:00:00Z,16124.89,33826234533
2024-02-12T02:00:00Z,16025.07,33573022255
2024-02-12T03:00:00Z,16090.51,34216618594
2024-02-12T04:00:00Z,15980.79,33549123397
2024-02-12T05:00:00Z,15953.2,35781914006
2024-02-12T06:00:00Z,15944.75,36338730566
2024-02-12T07:00:00Z,15877.05,35995232768
2024-02-12T08:00:00Z,15983.69,33783497677
2024-02-12T09:00:00Z,15906.79,34465595897
2024-02-12T10:00:00Z,15962.48,33696357893
2024-02-12T11:00:00Z,15843.69,33260666852
2024-02-12T12:00:00Z,15816.6,34330070644
2024-02-12T13:00:00Z,15684.24,34860486907
2024-02-12T14:00:00Z,15682.77,35131119722
2024-02-12T15:00:00Z,15555.71,36700400015
2024-02-12T16:00:00Z,15575.15,35641894298
2024-02-12T17:00:00Z,15622.97,36074913172
2024-02-12T18:00:00Z,15481.53,36667521523
2024-02-12T19:00:00Z,15372.63,35937045267
2024-02-12T20:00:00Z,15429.73,36651526024
2024-02-12T21:00:00Z,15422.34,35377407965
2024-02-12T22:00:00Z,15350.0,35186716260
2024-02-12T23:00:00Z,15422.84,35310664048
2024-02-13T00:00:00Z,15569.22,34846841603
2024-02-13T01:00:00Z,15596.5,36047261553
2024-02-13T02:00:00Z,15717.75,35351459291
2024-02-13T03:00:00Z,15623.12,34029353651
2024-02-13T04:00:00Z,15656.65,34812150884
2024-02-13T05:00:00Z,15746.56,35957072305
2024-02-13T06:00:00Z,15832.06,34499581975
2024-02-13T07:00:00Z,15915.86,36326999074
2024-02-13T08:00:00Z,15820.74,35364657349
2024-02-13T09:00:00Z,15881.28,36062183005
2024-02-13T10:00:00Z,15966.57,34147995541
2024-02-13T11:00:00Z,16073.91,36076162898
2024-02-13T12:00:00Z,15965.29,36404662893
2024-02-13T13:00:00Z,16112.65,35797931219
2024-02-13T14:00:00Z,16102.07,34093987210
2024-02-13T15:00:00Z,16099.19,36145771089
2024-02-13T16:00:00Z,15954.92,35113440100
2024-02-13T17:00:00Z,15889.37,33798624593
2024-02-13T18:00:00Z,15973.07,34103132995
2024-02-13T19:00:00Z,15872.33,36446970377
2024-02-13T20:00:00Z,15856.68,33301786884
2024-02-13T21:00:00Z,15872.96,36412905074
2024-02-13T22:00:00Z,15714.86,36375387142
2024-02-13T23:00:00Z,15764.28,36145122011
2024-02-14T00:00:00Z,15627.16,33883386286
2024-02-14T01:00:00Z,15767.76,35583763466
2024-02-14T02:00:00Z,15887.8,34644068539
2024-02-14T03:00:00Z,16039.09,35408015074
2024-02-14T04:00:00Z,16111.44,36217828337
2024-02-14T05:00:00Z,16260.61,35602038808
2024-02-14T06:00:00Z,16360.8,35923233022
2024-02-14T07:00:00Z,16273.15,34695642766
2024-02-14T08:00:00Z,16381.1,34763686601
2024-02-14T09:00:00Z,16478.86,35543383450
2024-02-14T10:00:00Z,16621.69,35324612529
2024-02-14T11:00:00Z,16593.31,33837552864
2024-02-14T12:00:00Z,16431.06,34877524657
2024-02-14T13:00:00Z,16292.86,34129484749
2024-02-14T14:00:00Z,16226.09,35055659441
2024-02-14T15:00:00Z,16098.48,36499778873
2024-02-14T16:00:00Z,16161.75,35639244429
2024-02-14T17:00:00Z,16024.65,34443676050
2024-02-14T18:00:00Z,15997.39,34660345023
2024-02-14T19:00:00Z,15972.27,34893913454
2024-02-14T20:00:00Z,16040.45,33705832541
2024-02-14T21:00:00Z,16114.86,35850115395
2024-02-14T22:00:00Z,16060.58,34994331007
2024-02-14T23:00:00Z,16139.34,34875494587
2024-02-15T00:00:00Z,16216.07,35930354674
2024-02-15T01:00:00Z,16193.65,33415690009
2024-02-15T02:00:00Z,16108.04,33677772399
2024-02-15T03:00:00Z,16089.4,36673070268
2024-02-15T04:00:00Z,15943.62,34153421469
2024-02-15T05:00:00Z,16055.56,35887742336
2024-02-15T06:00:00Z,16020.19,34205160225
2024-02-15T07:00:00Z,15993.44,36162496538
2024-02-15T08:00:00Z,16103.3,33755334254
2024-02-15T09:00:00Z,16074.15,36734565020
2024-02-15T10:00:00Z,16099.08,35824570837
2024-02-15T11:00:00Z,16150.85,35430528400
2024-02-15T12:00:00Z,16107.98,36353203123
2024-02-15T13:00:00Z,16017.64,35255598606
2024-02-15T14:00:00Z,16058.17,35435813910
2024-02-15T15:00:00Z,16167.58,33346410734
2024-02-15T16:00:00Z,16294.58,35137090400
2024-02-15T17:00:00Z,16395.69,36292811628
2024-02-15T18:00:00Z,16428.83,36523018922
2024-02-15T19:00:00Z,16276.57,34934725157
2024-02-15T20:00:00Z,16355.45,36482933859
2024-02-15T21:00:00Z,16385.55,35169252242
2024-02-15T22:00:00Z,16299.99,33937248704
2024-02-15T23:00:00Z,16440.91,35487872808
2024-02-16T00:00:00Z,16558.48,33538106411
2024-02-16T01:00:00Z,16676.42,34791037094
2024-02-16T02:00:00Z,16518.16,34614921098
2024-02-16T03:00:00Z,16394.31,34803216664
2024-02-16T04:00:00Z,16304.29,35243843798
2024-02-16T05:00:00Z,16356.61,36626333093
2024-02-16T06:00:00Z,16475.84,35163198551
2024-02-16T07:00:00Z,16431.3,35176337125
2024-02-16T08:00:00Z,16467.36,33730386226
2024-02-16T09:00:00Z,16542.22,33721894035
2024-02-16T10:00:00Z,16510.12,35959576562
2024-02-16T11:00:00Z,16491.6,35849878084
2024-02-16T12:00:00Z,16434.07,33257786123
2024-02-16T13:00:00Z,16518.17,35195458712
2024-02-16T14:00:00Z,16584.16,35977061927
2024-02-16T15:00:00Z,16627.29,34952225293
2024-02-16T16:00:00Z,16715.81,36729266228
2024-02-16T17:00:00Z,16697.64,34364739557
2024-02-16T18:00:00Z,16645.11,35975798367
2024-02-16T19:00:00Z,16722.0,34757825855
2024-02-16T20:00:00Z,16599.4,33605166170
2024-02-16T21:00:00Z,16730.82,36671113428
2024-02-16T22:00:00Z,16758.65,34175090620
2024-02-16T23:00:00Z,16779.77,34608928891
2024-02-17T00:00:00Z,16761.33,34021664843
2024-02-17T01:00:00Z,16643.53,35501889519
2024-02-17T02:00:00Z,16524.76,36335666853
2024-02-17T03:00:00Z,16666.23,34284333967
2024-02-17T04:00:00Z,16681.58,33659422678
2024-02-17T05:00:00Z,16574.97,33277243736
2024-02-17T06:00:00Z,16727.48,35763102690
2024-02-17T07:00:00Z,16748.42,36270505899
2024-02-17T08:00:00Z,16754.2,35799340331
2024-02-17T09:00:00Z,16665.88,34575851991
2024-02-17T10:00:00Z,16614.7,36287905132
2024-02-17T11:00:00Z,16634.77,35745511925
2024-02-17T12:00:00Z,16741.04,34064043701
2024-02-17T13:00:00Z,16753.29,35162186949
2024-02-17T14:00:00Z,16824.95,33984739075
2024-02-17T15:00:00Z,16765.93,35165420247
2024-02-17T16:00:00Z,16811.57,35872524572
2024-02-17T17:00:00Z,16967.43,34736255238
2024-02-17T18:00:00Z,16931.54,34217134262
2024-02-17T19:00:00Z,16799.1,35982423382
2024-02-17T20:00:00Z,16866.16,34871103798
2024-02-17T21:00:00Z,16867.16,34440229708
2024-02-17T22:00:00Z,16832.4,34996689477
2024-02-17T23:00:00Z,16907.71,36352011816
2024-02-18T00:00:00Z,16785.66,33540333874
2024-02-18T01:00:00Z,16809.58,34644026796
2024-02-18T02:00:00Z,16892.27,36526529821
2024-02-18T03:00:00Z,16915.26,35874891071
2024-02-18T04:00:00Z,16829.05,34433764411
2024-02-18T05:00:00Z,16739.78,33866724494
2024-02-18T06:00:00Z,16670.92,34353204544
2024-02-18T07:00:00Z,16751.55,35460249250
2024-02-18T08:00:00Z,16699.9,34353137345
2024-02-18T09:00:00Z,16537.45,34060677642
2024-02-18T10:00:00Z,16424.31,35607043373
2024-02-18T11:00:00Z,16518.85,36127186786
2024-02-18T12:00:00Z,16552.81,34933842091
2024-02-18T13:00:00Z,16717.65,33793826643
2024-02-18T14:00:00Z,16726.54,36633949474
2024-02-18T15:00:00Z,16814.92,35083342891
2024-02-18T16:00:00Z,16932.25,33397137624
2024-02-18T17:00:00Z,16770.3,33743151916
2024-02-18T18:00:00Z,16842.17,33710329927
2024-02-18T19:00:00Z,16995.39,36005675790
2024-02-18T20:00:00Z,16850.64,36564717393
2024-02-18T21:00:00Z,16701.58,36142863319
2024-02-18T22:00:00Z,16857.54,35615710532
2024-02-18T23:00:00Z,16986.23,36670889978
2024-02-19T00:00:00Z,16878.0,34298438706
2024-02-19T01:00:00Z,17029.49,36167832915
2024-02-19T02:00:00Z,16919.34,35308902935
2024-02-19T03:00:00Z,17054.51,34208953904
2024-02-19T04:00:00Z,17086.93,34865489616
2024-02-19T05:00:00Z,17017.98,35831434919
2024-02-19T06:00:00Z,16867.92,35075586344
2024-02-19T07:00:00Z,17020.73,35675548160
2024-02-19T08:00:00Z,17052.63,33387200862
2024-02-19T09:00:00Z,16995.19,33757381759
2024-02-19T10:00:00Z,16830.8,33509006081
2024-02-19T11:00:00Z,16813.28,34222788578
2024-02-19T12:00:00Z,16936.6,34130167239
2024-02-19T13:00:00Z,17031.09,33253672396
2024-02-19T14:00:00Z,17191.4,35419214974
2024-02-19T15:00:00Z,17107.31,34821313692
2024-02-19T16:00:00Z,17090.59,34444841659
2024-02-19T17:00:00Z,17140.49,34785333685
2024-02-19T18:00:00Z,17118.62,36031220671
2024-02-19T19:00:00Z,17149.7,33633353737
2024-02-19T20:00:00Z,17190.21,35328737952
2024-02-19T21:00:00Z,17340.83,34804994556
2024-02-19T22:00:00Z,17346.05,35826935069
2024-02-19T23:00:00Z,17245.77,34404506748
2024-02-20T00:00:00Z,17238.37,33378181013
2024-02-20T01:00:00Z,17241.79,33749492960
2024-02-20T02:00:00Z,17170.66,33509487819
2024-02-20T03:00:00Z,17024.25,33343083086
2024-02-20T04:00:00Z,17069.02,34426045334
2024-02-20T05:00:00Z,17207.02,34326275967
2024-02-20T06:00:00Z,17363.33,33718549443
2024-02-20T07:00:00Z,17509.0,35482255243
2024-02-20T08:00:00Z,17410.43,35244502754
2024-02-20T09:00:00Z,17416.91,35028174956
2024-02-20T10:00:00Z,17487.84,34411534335
2024-02-20T11:00:00Z,17346.26,34546692015
2024-02-20T12:00:00Z,17219.99,36214423145
2024-02-20T13:00:00Z,17277.18,34000007645
2024-02-20T14:00:00Z,17355.93,33542883493
2024-02-20T15:00:00Z,17407.05,33899287423
2024-02-20T16:00:00Z,17534.03,34683611173
2024-02-20T17:00:00Z,17658.63,36264345401
2024-02-20T18:00:00Z,17787.48,34772820151
2024-02-20T19:00:00Z,17761.03,35919598546
2024-02-20T20:00:00Z,17740.57,34262332781
2024-02-20T21:00:00Z,17677.22,34441159281
2024-02-20T22:00:00Z,17726.12,36416142618
2024-02-20T23:00:00Z,17812.33,34857286522
2024-02-21T00:00:00Z,17744.27,34042653346
2024-02-21T01:00:00Z,17606.39,36053504749
2024-02-21T02:00:00Z,17507.94,34194099175
2024-02-21T03:00:00Z,17460.41,34060364857
2024-02-21T04:00:00Z,17297.35,34014402520
2024-02-21T05:00:00Z,17127.48,34288679644
2024-02-21T06:00:00Z,17126.76,35945669869
2024-02-21T07:00:00Z,17175.88,33809071392
2024-02-21T08:00:00Z,17072.11,36372579063
2024-02-21T09:00:00Z,16994.28,34635871502
2024-02-21T10:00:00Z,16990.42,36523761363
2024-02-21T11:00:00Z,16934.26,35479080874
2024-02-21T12:00:00Z,16910.74,35262900113
2024-02-21T13:00:00Z,16951.32,34170260382
2024-02-21T14:00:00Z,17120.37,34672661938
2024-02-21T15:00:00Z,16993.88,36418429959
2024-02-21T16:00:00Z,17108.77,35698483510
2024-02-21T17:00:00Z,17037.87,34120557903
2024-02-21T18:00:00Z,16960.67,36022548539
2024-02-21T19:00:00Z,17022.44,34042741407
2024-02-21T20:00:00Z,16934.12,33306295862
2024-02-21T21:00:00Z,16846.76,35601138926
2024-02-21T22:00:00Z,16889.88,35855191934
2024-02-21T23:00:00Z,17002.35,36104454046
2024-02-22T00:00:00Z,17037.14,35064259723
2024-02-22T01:00:00Z,17197.74,33693401201
2024-02-22T02:00:00Z,17254.54,34515799892
2024-02-22T03:00:00Z,17217.36,33319384569
2024-02-22T04:00:00Z,17368.51,34933992035
2024-02-22T05:00:00Z,17290.05,36589053418
2024-02-22T06:00:00Z,17176.85,35552153075
2024-02-22T07:00:00Z,17199.57,35285631269
2024-02-22T08:00:00Z,17216.0,33701431825
2024-02-22T09:00:00Z,17185.18,33905401071
2024-02-22T10:00:00Z,17252.1,36633302491
2024-02-22T11:00:00Z,17415.18,35934894985
2024-02-22T12:00:00Z,17373.32,35249966079
2024-02-22T13:00:00Z,17529.21,36085003746
2024-02-22T14:00:00Z,17365.09,36131930854
2024-02-22T15:00:00Z,17491.53,34381219406
2024-02-22T16:00:00Z,17536.72,35484131194
2024-02-22T17:00:00Z,17534.96,36688510041
2024-02-22T18:00:00Z,17485.41,36214408568
2024-02-22T19:00:00Z,17479.64,33402744644
2024-02-22T20:00:00Z,17497.82,36501755139
2024-02-22T21:00:00Z,17582.58,33477413584
2024-02-22T22:00:00Z,17582.92,36211450167
2024-02-22T23:00:00Z,17545.01,36473873682
2024-02-23T00:00:00Z,17586.66,34245916147
2024-02-23T01:00:00Z,17747.38,34102704404
2024-02-23T02:00:00Z,17605.25,36337319855
2024-02-23T03:00:00Z,17493.55,36395974602
2024-02-23T04:00:00Z,17540.83,35540711395
2024-02-23T05:00:00Z,17423.58,35242735485
2024-02-23T06:00:00Z,17545.82,35615033143
2024-02-23T07:00:00Z,17520.38,36594807163
2024-02-23T08:00:00Z,17685.37,35056559368
2024-02-23T09:00:00Z,17546.98,33510319799
2024-02-23T10:00:00Z,17659.1,36148009709
2024-02-23T11:00:00Z,17548.92,34236686957
2024-02-23T12:00:00Z,17674.62,35726771399
2024-02-23T13:00:00Z,17706.38,36721006624
2024-02-23T14:00:00Z,17791.89,35799900484
2024-02-23T15:00:00Z,17964.59,34636858513
2024-02-23T16:00:00Z,17961.64,36150493697
2024-02-23T17:00:00Z,17939.22,35277059946
2024-02-23T18:00:00Z,18100.26,33490310959
2024-02-23T19:00:00Z,18054.25,35159946446
2024-02-23T20:00:00Z,17975.65,34994129786
2024-02-23T21:00:00Z,17974.46,33644937797
2024-02-23T22:00:00Z,18054.31,36081276572
2024-02-23T23:00:00Z,18045.97,35675981185
2024-02-24T00:00:00Z,17878.59,36098015095
2024-02-24T01:00:00Z,17841.96,33704094148
2024-02-24T02:00:00Z,17757.91,35982296021
2024-02-24T03:00:00Z,17646.27,34228693195
2024-02-24T04:00:00Z,17562.36,36416451768
2024-02-24T05:00:00Z,17522.45,35385203642
2024-02-24T06:00:00Z,17676.34,34885934978
2024-02-24T07:00:00Z,17822.66,35333673318
2024-02-24T08:00:00Z,17810.73,34832736376
2024-02-24T09:00:00Z,17841.25,34200566069
2024-02-24T10:00:00Z,17924.37,34388633174
2024-02-24T11:00:00Z,17995.16,33671867882
2024-02-24T12:00:00Z,18140.97,34007970507
2024-02-24T13:00:00Z,18170.36,33693312021
2024-02-24T14:00:00Z,18010.04,35144565730
2024-02-24T15:00:00Z,17932.95,35681454424
2024-02-24T16:00:00Z,17816.24,34052591814
2024-02-24T17:00:00Z,17934.15,35220757604
2024-02-24T18:00:00Z,17784.98,36147563258
2024-02-24T19:00:00Z,17703.18,33981894255
2024-02-24T20:00:00Z,17861.16,33953308370
2024-02-24T21:00:00Z,18031.17,34013559183
2024-02-24T22:00:00Z,17980.96,34168053999
2024-02-24T23:00:00Z,17927.22,33987397841
2024-02-25T00:00:00Z,18075.04,33288800182
2024-02-25T01:00:00Z,18079.41,36184013728
2024-02-25T02:00:00Z,18121.55,36335692577
2024-02-25T03:00:00Z,18264.62,35407109991
2024-02-25T04:00:00Z,18275.79,34650730382
2024-02-25T05:00:00Z,18286.98,34896702156
2024-02-25T06:00:00Z,18141.82,34057129912
2024-02-25T07:00:00Z,18217.75,33513365851
2024-02-25T08:00:00Z,18336.76,34739222023
2024-02-25T09:00:00Z,18475.92,34575419135
2024-02-25T10:00:00Z,18293.63,33302570742
2024-02-25T11:00:00Z,18154.97,34224760894
2024-02-25T12:00:00Z,18270.9,34880597993
2024-02-25T13:00:00Z,18282.92,35277712403
2024-02-25T14:00:00Z,18253.35,35443026559
2024-02-25T15:00:00Z,18246.16,35311774065
2024-02-25T16:00:00Z,18358.38,34357602519
2024-02-25T17:00:00Z,18296.37,35864467604
2024-02-25T18:00:00Z,18368.47,34483407489
2024-02-25T19:00:00Z,18404.25,36576287686
2024-02-25T20:00:00Z,18496.15,36042947096
2024-02-25T21:00:00Z,18360.42,36131988987
2024-02-25T22:00:00Z,18356.79,33295487260
2024-02-25T23:00:00Z,18326.66,36369880868
2024-02-26T00:00:00Z,18225.73,35111796983
2024-02-26T01:00:00Z,18166.78,34048659214
2024-02-26T02:00:00Z,18291.4,35772564058
2024-02-26T03:00:00Z,18169.03,34891960948
2024-02-26T04:00:00Z,18246.91,36153739594
2024-02-26T05:00:00Z,18220.46,33496797946
2024-02-26T06:00:00Z,18045.51,34061106897
2024-02-26T07:00:00Z,18061.45,35233136710
2024-02-26T08:00:00Z,17962.4,34452974303
2024-02-26T09:00:00Z,17826.5,36727139469
2024-02-26T10:00:00Z,17752.22,34491584303
2024-02-26T11:00:00Z,17769.63,33751325648
2024-02-26T12:00:00Z,17741.16,33578792421
2024-02-26T13:00:00Z,17737.05,36711406652
2024-02-26T14:00:00Z,17615.57,36418057486
2024-02-26T15:00:00Z,17782.03,33481131376
2024-02-26T16:00:00Z,17673.32,35613934781
2024-02-26T17:00:00Z,17595.47,35297550414
2024-02-26T18:00:00Z,17472.3,34037164760
2024-02-26T19:00:00Z,17545.95,33397898416
2024-02-26T20:00:00Z,17676.47,33668652268
2024-02-26T21:00:00Z,17627.92,36523130171
2024-02-26T22:00:00Z,17682.15,36451005801
2024-02-26T23:00:00Z,17579.68,33434015188
2024-02-27T00:00:00Z,17521.33,33469919491
2024-02-27T01:00:00Z,17355.48,33941908875
2024-02-27T02:00:00Z,17242.5,34842257510
2024-02-27T03:00:00Z,17345.64,34438186588
2024-02-27T04:00:00Z,17508.61,36014155783
2024-02-27T05:00:00Z,17683.55,35962006645
2024-02-27T06:00:00Z,17803.93,34356244212
2024-02-27T07:00:00Z,17953.37,35898673699
2024-02-27T08:00:00Z,17868.84,34087094847
2024-02-27T09:00:00Z,17809.9,34796690600
2024-02-27T10:00:00Z,17907.69,35989652220
2024-02-27T11:00:00Z,17997.2,35974745874
2024-02-27T12:00:00Z,17982.25,34022640139
2024-02-27T13:00:00Z,18063.58,36528604474
2024-02-27T14:00:00Z,18210.46,35172673262
2024-02-27T15:00:00Z,18328.12,36522062211
2024-02-27T16:00:00Z,18503.38,34896820749
2024-02-27T17:00:00Z,18452.98,36552125440
2024-02-27T18:00:00Z,18535.54,34889483681
2024-02-27T19:00:00Z,18570.88,34218541272
2024-02-27T20:00:00Z,18503.66,34205561546
2024-02-27T21:00:00Z,18676.46,33946626270
2024-02-27T22:00:00Z,18674.66,35063414699
2024-02-27T23:00:00Z,18504.35,36064321806
2024-02-28T00:00:00Z,18655.16,35485091103
2024-02-28T01:00:00Z,18494.67,36578233053
2024-02-28T02:00:00Z,18662.66,35544860305
2024-02-28T03:00:00Z,18655.82,33705245614
2024-02-28T04:00:00Z,18813.62,36406619170
2024-02-28T05:00:00Z,18787.97,33756103348
2024-02-28T06:00:00Z,18623.16,35918305717
2024-02-28T07:00:00Z,18527.36,36442255935
2024-02-28T08:00:00Z,18547.75,35539249024
2024-02-28T09:00:00Z,18509.6,36085976055
2024-02-28T10:00:00Z,18613.8,34694731539
2024-02-28T11:00:00Z,18432.95,34456527637
2024-02-28T12:00:00Z,18531.1,34107932267
2024-02-28T13:00:00Z,18686.9,35716259093
2024-02-28T14:00:00Z,18538.83,35377728135
2024-02-28T15:00:00Z,18621.39,33789497100
2024-02-28T16:00:00Z,18686.79,33460103337
2024-02-28T17:00:00Z,18626.72,35934025810
2024-02-28T18:00:00Z,18792.24,36050643156
2024-02-28T19:00:00Z,18803.66,33680279909
2024-02-28T20:00:00Z,18815.74,34144772149
2024-02-28T21:00:00Z,18887.87,33341786803
2024-02-28T22:00:00Z,18996.14,33738495300
2024-02-28T23:00:00Z,18877.67,34526367893
2024-02-29T00:00:00Z,18974.31,36145387960
2024-02-29T01:00:00Z,18988.55,33396667748
2024-02-29T02:00:00Z,19069.51,35695008954
2024-02-29T03:00:00Z,18916.12,35437454471
2024-02-29T04:00:00Z,18842.93,36623407551
2024-02-29T05:00:00Z,18974.14,35707499351
2024-02-29T06:00:00Z,19107.44,34762576167
2024-02-29T07:00:00Z,19244.76,36111639755
2024-02-29T08:00:00Z,19337.46,34026523276
2024-02-29T09:00:00Z,19509.15,36436368758
2024-02-29T10:00:00Z,19584.03,34587064061
2024-02-29T11:00:00Z,19555.79,36178006675
2024-02-29T12:00:00Z,19397.24,33422072800
2024-02-29T13:00:00Z,19339.24,36194823144
2024-02-29T14:00:00Z,19189.14,33654112367
2024-02-29T15:00:00Z,19361.26,35923085272
2024-02-29T16:00:00Z,19251.13,36568806571
2024-02-29T17:00:00Z,19300.82,35135155659
2024-02-29T18:00:00Z,19482.19,33952956510
2024-02-29T19:00:00Z,19644.59,35548799892
2024-02-29T20:00:00Z,19456.76,33387167051
2024-02-29T21:00:00Z,19505.02,34880285453
2024-02-29T22:00:00Z,19566.58,34503291679
2024-02-29T23:00:00Z,19421.13,35711316960
2024-03-01T00:00:00Z,19312.36,35818077056
2024-03-01T01:00:00Z,19271.35,34076858767
2024-03-01T02:00:00Z,19093.68,34425207440
2024-03-01T03:00:00Z,19129.28,36146633327
2024-03-01T04:00:00Z,18965.62,36391094189
2024-03-01T05:00:00Z,19092.02,35897575024
2024-03-01T06:00:00Z,18944.03,35786380868
2024-03-01T07:00:00Z,19000.56,35432562215
2024-03-01T08:00:00Z,18980.82,33482115761
2024-03-01T09:00:00Z,19113.99,34532948771
2024-03-01T10:00:00Z,19036.11,36525470117
2024-03-01T11:00:00Z,19225.73,36225440030
2024-03-01T12:00:00Z,19096.97,36587201706
2024-03-01T13:00:00Z,18986.06,35643568025
2024-03-01T14:00:00Z,18939.92,35509190125
2024-03-01T15:00:00Z,19086.28,34661249358
2024-03-01T16:00:00Z,19141.53,36299398692
2024-03-01T17:00:00Z,19151.49,33314980989
2024-03-01T18:00:00Z,19105.4,33431645017
2024-03-01T19:00:00Z,19107.07,33857173711
2024-03-01T20:00:00Z,19066.03,35302747484
2024-03-01T21:00:00Z,19146.47,34350826288
2024-03-01T22:00:00Z,19202.1,34038230098
2024-03-01T23:00:00Z,19231.9,36474344373
2024-03-02T00:00:00Z,19421.58,33796516659
2024-03-02T01:00:00Z,19541.14,35942324505
2024-03-02T02:00:00Z,19409.79,35052924042
2024-03-02T03:00:00Z,19602.94,34091793786
2024-03-02T04:00:00Z,19530.02,35555337469
2024-03-02T05:00:00Z,19439.94,34088602645
2024-03-02T06:00:00Z,19391.65,34555085454
2024-03-02T07:00:00Z,19513.68,36394891963
2024-03-02T08:00:00Z,19499.95,34575172016
2024-03-02T09:00:00Z,19353.15,36462289987
2024-03-02T10:00:00Z,19265.51,35910339794
2024-03-02T11:00:00Z,19234.57,35670078600
2024-03-02T12:00:00Z,19342.68,34030611545
2024-03-02T13:00:00Z,19315.87,35148011309
2024-03-02T14:00:00Z,19326.43,35718178445
2024-03-02T15:00:00Z,19498.48,34597030211
2024-03-02T16:00:00Z,19671.49,36456611350
2024-03-02T17:00:00Z,19572.21,35575023615
2024-03-02T18:00:00Z,19673.59,36743113946
2024-03-02T19:00:00Z,19642.71,35410409599
2024-03-02T20:00:00Z,19449.44,33627298728
2024-03-02T21:00:00Z,19387.78,36250325261
2024-03-02T22:00:00Z,19534.6,35644036398
2024-03-02T23:00:00Z,19705.11,34964783486
2024-03-03T00:00:00Z,19746.78,36345379172
2024-03-03T01:00:00Z,19574.73,33327670108
2024-03-03T02:00:00Z,19711.76,33894964540
2024-03-03T03:00:00Z,19862.73,35269139199
2024-03-03T04:00:00Z,20036.28,34795157357
2024-03-03T05:00:00Z,20056.08,34204565853
2024-03-03T06:00:00Z,20067.03,36701696022
2024-03-03T07:00:00Z,20253.01,36366004932
2024-03-03T08:00:00Z,20319.31,33755344029
2024-03-03T09:00:00Z,20119.44,35315700463
2024-03-03T10:00:00Z,20053.06,34908936014
2024-03-03T11:00:00Z,19918.66,33974476919
2024-03-03T12:00:00Z,19796.13,36278909921
2024-03-03T13:00:00Z,19742.67,36426016116
2024-03-03T14:00:00Z,19827.57,33339157291
2024-03-03T15:00:00Z,19765.43,35726523870
2024-03-03T16:00:00Z,19604.68,33834440960
2024-03-03T17:00:00Z,19672.89,36558167848
2024-03-03T18:00:00Z,19640.3,35053357968
2024-03-03T19:00:00Z,19738.27,33927257410
2024-03-03T20:00:00Z,19598.85,35194099281
2024-03-03T21:00:00Z,19428.63,34253368236
2024-03-03T22:00:00Z,19520.47,35754515309
2024-03-03T23:00:00Z,19491.42,35249323033
2024-03-04T00:00:00Z,19412.75,36656173813
2024-03-04T01:00:00Z,19271.07,34665612117
2024-03-04T02:00:00Z,19376.36,34791983303
2024-03-04T03:00:00Z,19403.75,35890893578
2024-03-04T04:00:00Z,19487.27,35103883875
2024-03-04T05:00:00Z,19505.31,34609987141
2024-03-04T06:00:00Z,19565.56,34902603593
2024-03-04T07:00:00Z,19572.43,35750206165
2024-03-04T08:00:00Z,19623.84,34937417863
2024-03-04T09:00:00Z,19673.66,33595945940
2024-03-04T10:00:00Z,19849.49,36125863326
2024-03-04T11:00:00Z,19711.99,35642444927
2024-03-04T12:00:00Z,19529.25,35259654701
2024-03-04T13:00:00Z,19527.4,33388573891
2024-03-04T14:00:00Z,19342.73,36300393929
2024-03-04T15:00:00Z,19241.63,34567922426
2024-03-04T16:00:00Z,19428.37,33883251815
2024-03-04T17:00:00Z,19470.06,33985309818
2024-03-04T18:00:00Z,19573.65,34876724672
2024-03-04T19:00:00Z,19706.78,35384036712
2024-03-04T20:00:00Z,19570.32,33954085677
2024-03-04T21:00:00Z,19514.68,36559777025
2024-03-04T22:00:00Z,19544.87,36478181584
2024-03-04T23:00:00Z,19591.42,35751366774
2024-03-05T00:00:00Z,19486.17,34081453506
2024-03-05T01:00:00Z,19583.6,35690512973
2024-03-05T02:00:00Z,19402.35,36140151617
2024-03-05T03:00:00Z,19520.17,34836080523
2024-03-05T04:00:00Z,19652.45,35256123982
2024-03-05T05:00:00Z,19670.68,34387971346
2024-03-05T06:00:00Z,19534.16,34796539629
2024-03-05T07:00:00Z,19550.61,36633892237
2024-03-05T08:00:00Z,19727.03,35632257987
2024-03-05T09:00:00Z,19708.51,34566010965
2024-03-05T10:00:00Z,19617.56,34958664600
2024-03-05T11:00:00Z,19520.48,36161167023
2024-03-05T12:00:00Z,19622.09,36226521262
2024-03-05T13:00:00Z,19455.86,34009440729
2024-03-05T14:00:00Z,19456.27,35645105203
2024-03-05T15:00:00Z,19560.97,36404384398
2024-03-05T16:00:00Z,19397.84,36034598403
2024-03-05T17:00:00Z,19276.07,36675991858
2024-03-05T18:00:00Z,19161.05,33408588098
2024-03-05T19:00:00Z,19246.26,36390531290
2024-03-05T20:00:00Z,19292.33,35307634883
2024-03-05T21:00:00Z,19326.63,34180059536
2024-03-05T22:00:00Z,19513.98,33503590916
2024-03-05T23:00:00Z,19536.63,36105269467
2024-03-06T00:00:00Z,19675.97,33474093534
2024-03-06T01:00:00Z,19652.57,35151331856
2024-03-06T02:00:00Z,19462.76,34929795077
2024-03-06T03:00:00Z,19381.72,35749914440
2024-03-06T04:00:00Z,19272.48,34796164803
2024-03-06T05:00:00Z,19403.3,36498071827
2024-03-06T06:00:00Z,19392.25,35704694778
2024-03-06T07:00:00Z,19564.44,36647277971
2024-03-06T08:00:00Z,19705.44,35300254188
2024-03-06T09:00:00Z,19612.58,34509686563
2024-03-06T10:00:00Z,19623.89,34241396960
2024-03-06T11:00:00Z,19775.9,34707237795
2024-03-06T12:00:00Z,19777.76,35319752363
2024-03-06T13:00:00Z,19818.59,34564343411
2024-03-06T14:00:00Z,19726.47,34179920819
2024-03-06T15:00:00Z,19537.51,35542340215
2024-03-06T16:00:00Z,19564.7,36511937537
2024-03-06T17:00:00Z,19526.87,35092555960
2024-03-06T18:00:00Z,19548.07,35914958739
2024-03-06T19:00:00Z,19527.9,34331395765
2024-03-06T20:00:00Z,19553.1,35275389656
2024-03-06T21:00:00Z,19652.41,35869603773
2024-03-06T22:00:00Z,19481.61,33408296273
2024-03-06T23:00:00Z,19642.21,34386182505
2024-03-07T00:00:00Z,19621.77,36704614257
2024-03-07T01:00:00Z,19458.81,34348289932
2024-03-07T02:00:00Z,19629.19,36038899720
2024-03-07T03:00:00Z,19483.27,33556939220
2024-03-07T04:00:00Z,19486.15,36727901402
2024-03-07T05:00:00Z,19598.33,35777937304
2024-03-07T06:00:00Z,19567.77,34003714034
2024-03-07T07:00:00Z,19761.74,35607985652
2024-03-07T08:00:00Z,19733.29,35163088662
2024-03-07T09:00:00Z,19716.56,34955697510
2024-03-07T10:00:00Z,19736.05,35930036244
2024-03-07T11:00:00Z,19796.68,34746942839
2024-03-07T12:00:00Z,19942.53,36136008967
2024-03-07T13:00:00Z,20000.83,35531374486
2024-03-07T14:00:00Z,19879.07,35057840394
2024-03-07T15:00:00Z,19751.99,33829359942
2024-03-07T16:00:00Z,19842.83,34360202107
2024-03-07T17:00:00Z,19917.75,34382822726
2024-03-07T18:00:00Z,20116.67,36406227349
2024-03-07T19:00:00Z,20290.69,35402505066
2024-03-07T20:00:00Z,20154.91,36210018577
2024-03-07T21:00:00Z,20015.65,35951428256
2024-03-07T22:00:00Z,19942.77,34124557172
2024-03-07T23:00:00Z,19764.54,34180739326
2024-03-08T00:00:00Z,19868.78,36468136125
2024-03-08T01:00:00Z,19866.53,35016318082
2024-03-08T02:00:00Z,19937.78,35570466060
2024-03-08T03:00:00Z,19991.07,36562860961
2024-03-08T04:00:00Z,20056.54,34627091474
2024-03-08T05:00:00Z,20124.17,35956305541
2024-03-08T06:00:00Z,19957.57,35777086645
2024-03-08T07:00:00Z,20080.56,34660831233
2024-03-08T08:00:00Z,20240.53,33485840358
2024-03-08T09:00:00Z,20141.71,36544672671
2024-03-08T10:00:00Z,20018.03,34765297443
2024-03-08T11:00:00Z,20104.95,35740307088
2024-03-08T12:00:00Z,19916.53,33976958628
2024-03-08T13:00:00Z,20112.06,34640381904
2024-03-08T14:00:00Z,20106.51,33490826347
2024-03-08T15:00:00Z,20047.57,33606351158
2024-03-08T16:00:00Z,20141.61,33616619749
2024-03-08T17:00:00Z,20020.79,36097883054
2024-03-08T18:00:00Z,20111.32,34196338630
2024-03-08T19:00:00Z,20195.72,36419265341
2024-03-08T20:00:00Z,20155.47,33460143765
2024-03-08T21:00:00Z,19967.18,34615079591
2024-03-08T22:00:00Z,19903.77,33927523268
2024-03-08T23:00:00Z,19767.7,36599170540
2024-03-09T00:00:00Z,19923.22,36168116405
2024-03-09T01:00:00Z,19886.73,34076229026
2024-03-09T02:00:00Z,19695.47,35972932501
2024-03-09T03:00:00Z,19686.43,33765196484
2024-03-09T04:00:00Z,19650.99,36322476133
2024-03-09T05:00:00Z,19564.81,34598931461
2024-03-09T06:00:00Z,19661.66,35702623692
2024-03-09T07:00:00Z,19795.26,35186611440
2024-03-09T08:00:00Z,19756.98,35958459817
2024-03-09T09:00:00Z,19636.58,35607737491
2024-03-09T10:00:00Z,19517.52,35261486004
2024-03-09T11:00:00Z,19644.49,34165564255
2024-03-09T12:00:00Z,19738.63,34552141123
2024-03-09T13:00:00Z,19779.49,34609033024
2024-03-09T14:00:00Z,19862.21,34099946196
2024-03-09T15:00:00Z,19905.49,34004283678
2024-03-09T16:00:00Z,19898.68,35947600472
2024-03-09T17:00:00Z,20001.32,36557816015
2024-03-09T18:00:00Z,20038.33,33539495981
2024-03-09T19:00:00Z,20119.47,34710762879
2024-03-09T20:00:00Z,20119.69,33594123759
2024-03-09T21:00:00Z,20287.79,36599943044
2024-03-09T22:00:00Z,20202.04,35062727897
2024-03-09T23:00:00Z,20023.25,36165102589
2024-03-10T00:00:00Z,19848.95,34730376108
2024-03-10T01:00:00Z,19789.52,34909359790
2024-03-10T02:00:00Z,19881.54,34617933372
2024-03-10T03:00:00Z,19734.56,36127605635
2024-03-10T04:00:00Z,19747.44,34368678155
2024-03-10T05:00:00Z,19606.36,33700023458
2024-03-10T06:00:00Z,19539.9,35815264263
2024-03-10T07:00:00Z,19539.66,36593748257
2024-03-10T08:00:00Z,19483.6,33787454375
2024-03-10T09:00:00Z,19290.88,33735615237
2024-03-10T10:00:00Z,19408.83,35705725115
2024-03-10T11:00:00Z,19440.06,34455228719
2024-03-10T12:00:00Z,19450.58,36572391805
2024-03-10T13:00:00Z,19556.57,34597256799
2024-03-10T14:00:00Z,19371.12,36434398639
2024-03-10T15:00:00Z,19310.48,36482007200
2024-03-10T16:00:00Z,19261.5,34050991045
2024-03-10T17:00:00Z,19273.09,33880132474
2024-03-10T18:00:00Z,19265.03,34087700606
2024-03-10T19:00:00Z,19303.57,34077375781
2024-03-10T20:00:00Z,19328.35,36195227727
2024-03-10T21:00:00Z,19498.28,33367756128
2024-03-10T22:00:00Z,19584.85,33989173971
2024-03-10T23:00:00Z,19420.63,35044675738
2024-03-11T00:00:00Z,19572.2,34107062055
2024-03-11T01:00:00Z,19619.25,34151790086
2024-03-11T02:00:00Z,19765.36,34505325131
2024-03-11T03:00:00Z,19862.71,34963222389
2024-03-11T04:00:00Z,19720.13,35200101876
2024-03-11T05:00:00Z,19845.71,33507383447
2024-03-11T06:00:00Z,19956.64,33908077354
2024-03-11T07:00:00Z,19858.48,34650141062
2024-03-11T08:00:00Z,19821.17,34686925665
2024-03-11T09:00:00Z,19912.37,35572371204
2024-03-11T10:00:00Z,19955.68,34404054335
2024-03-11T11:00:00Z,19804.78,33845669079
2024-03-11T12:00:00Z,19875.25,35662337557
2024-03-11T13:00:00Z,19771.27,34505094851
2024-03-11T14:00:00Z,19745.74,36223598602
2024-03-11T15:00:00Z,19757.09,33516275548
2024-03-11T16:00:00Z,19741.39,35905199599
2024-03-11T17:00:00Z,19625.74,33551785616
2024-03-11T18:00:00Z,19570.08,35591521533
2024-03-11T19:00:00Z,19516.6,33597292294
2024-03-11T20:00:00Z,19622.64,34653572087
2024-03-11T21:00:00Z,19436.45,36118727640
2024-03-11T22:00:00Z,19280.51,33735656268
2024-03-11T23:00:00Z,19118.39,35153563854
2024-03-12T00:00:00Z,19105.47,33593982581
2024-03-12T01:00:00Z,18982.22,34255246576
2024-03-12T02:00:00Z,18804.75,36002215385
2024-03-12T03:00:00Z,18964.44,35551572709
2024-03-12T04:00:00Z,18787.1,35314461978
2024-03-12T05:00:00Z,18715.19,34970988144
2024-03-12T06:00:00Z,18677.48,35546052275
2024-03-12T07:00:00Z,18862.42,34692538172
2024-03-12T08:00:00Z,18741.56,33734035406
2024-03-12T09:00:00Z,18904.87,35572173995
2024-03-12T10:00:00Z,18994.51,36262049344
2024-03-12T11:00:00Z,18955.28,33556115822
2024-03-12T12:00:00Z,18843.0,36008705627
2024-03-12T13:00:00Z,18862.89,34448503267
2024-03-12T14:00:00Z,18755.04,35379761325
2024-03-12T15:00:00Z,18598.28,36356741036
2024-03-12T16:00:00Z,18621.1,36156060112
2024-03-12T17:00:00Z,18779.18,36599595803
2024-03-12T18:00:00Z,18787.61,35381383182
2024-03-12T19:00:00Z,18773.24,36361445434
2024-03-12T20:00:00Z,18890.14,33360760270
2024-03-12T21:00:00Z,18845.88,34506401104
2024-03-12T22:00:00Z,18723.85,33575438857
2024-03-12T23:00:00Z,18828.58,36337264336
2024-03-13T00:00:00Z,18652.77,34479131729
2024-03-13T01:00:00Z,18837.34,35776970065
2024-03-13T02:00:00Z,18757.51,34261500357
2024-03-13T03:00:00Z,18723.7,35494128769
2024-03-13T04:00:00Z,18615.75,36129075309
2024-03-13T05:00:00Z,18716.97,36292254685
2024-03-13T06:00:00Z,18543.35,36289201367
2024-03-13T07:00:00Z,18616.13,35121884393
2024-03-13T08:00:00Z,18586.63,34594789981
2024-03-13T09:00:00Z,18730.01,34436288656
2024-03-13T10:00:00Z,18562.52,34636596239
2024-03-13T11:00:00Z,18584.61,36641146538
2024-03-13T12:00:00Z,18637.78,33422715154
2024-03-13T13:00:00Z,18782.37,35798404205
2024-03-13T14:00:00Z,18665.23,33735940592
2024-03-13T15:00:00Z,18689.21,35003786818
2024-03-13T16:00:00Z,18785.9,36458499441
2024-03-13T17:00:00Z,18667.65,36670815113
2024-03-13T18:00:00Z,18849.88,33354319319
2024-03-13T19:00:00Z,18716.06,34030593758
2024-03-13T20:00:00Z,18896.96,35371290300
2024-03-13T21:00:00Z,19056.65,36407776452
2024-03-13T22:00:00Z,19057.9,35265434177
2024-03-13T23:00:00Z,19165.14,35030291457
2024-03-14T00:00:00Z,19094.12,35888675502
2024-03-14T01:00:00Z,19184.87,35267516028
2024-03-14T02:00:00Z,19103.01,35074772795
2024-03-14T03:00:00Z,18988.3,35589284420
2024-03-14T04:00:00Z,19120.39,34027275904
2024-03-14T05:00:00Z,19062.34,33538902447
2024-03-14T06:00:00Z,19064.91,35522220044
2024-03-14T07:00:00Z,19089.38,35944766732
2024-03-14T08:00:00Z,18966.97,33909165034
2024-03-14T09:00:00Z,18874.98,35270343320
2024-03-14T10:00:00Z,19057.12,35672530909
2024-03-14T11:00:00Z,19041.48,35666109769
2024-03-14T12:00:00Z,18912.25,34049073754
2024-03-14T13:00:00Z,18913.88,34025979978
2024-03-14T14:00:00Z,18772.81,34964445090
2024-03-14T15:00:00Z,18940.14,35134164217
2024-03-14T16:00:00Z,19114.68,34328181321
2024-03-14T17:00:00Z,19279.37,35060100882
2024-03-14T18:00:00Z,19441.29,35569514118
2024-03-14T19:00:00Z,19304.35,33396186829
2024-03-14T20:00:00Z,19154.01,35955567394
2024-03-14T21:00:00Z,18971.8,33302653937
2024-03-14T22:00:00Z,18869.08,34541551871
2024-03-14T23:00:00Z,18833.12,35356709388
2024-03-15T00:00:00Z,18901.71,34117573503
2024-03-15T01:00:00Z,19015.24,36625362862
2024-03-15T02:00:00Z,19145.61,34718483344
2024-03-15T03:00:00Z,19266.2,35805238720
2024-03-15T04:00:00Z,19165.91,33594311717
2024-03-15T05:00:00Z,19292.68,34842347149
2024-03-15T06:00:00Z,19183.23,34517751733
2024-03-15T07:00:00Z,19194.42,34076976228
2024-03-15T08:00:00Z,19088.99,36302144697
2024-03-15T09:00:00Z,19227.98,35091893299
2024-03-15T10:00:00Z,19065.06,34371938406
2024-03-15T11:00:00Z,18979.41,35159039669
2024-03-15T12:00:00Z,18935.38,35358979932
2024-03-15T13:00:00Z,19084.55,35163355237
2024-03-15T14:00:00Z,19130.28,35939220878
2024-03-15T15:00:00Z,19071.67,35114578530
2024-03-15T16:00:00Z,18958.48,36225880850
2024-03-15T17:00:00Z,18857.25,35604615403
2024-03-15T18:00:00Z,18883.37,35424906256
2024-03-15T19:00:00Z,19008.76,34254812725
2024-03-15T20:00:00Z,18945.18,33724779034
2024-03-15T21:00:00Z,19045.92,34290395215
2024-03-15T22:00:00Z,19139.27,33758945606
2024-03-15T23:00:00Z,19238.21,34298992865
2024-03-16T00:00:00Z,19278.23,35917817458
2024-03-16T01:00:00Z,19206.34,36731553464
2024-03-16T02:00:00Z,19197.59,35772296276
2024-03-16T03:00:00Z,19382.79,36547905616
2024-03-16T04:00:00Z,19525.9,36618467023
2024-03-16T05:00:00Z,19524.85,34482653937
2024-03-16T06:00:00Z,19394.36,35262320590
2024-03-16T07:00:00Z,19506.24,33472028355
2024-03-16T08:00:00Z,19349.35,35052514938
2024-03-16T09:00:00Z,19500.44,33478812964
2024-03-16T10:00:00Z,19346.56,33611170700
2024-03-16T11:00:00Z,19466.87,34513413492
2024-03-16T12:00:00Z,19509.88,33944883892
2024-03-16T13:00:00Z,19607.17,34194572389
2024-03-16T14:00:00Z,19450.66,34553532104
2024-03-16T15:00:00Z,19415.89,36061749866
2024-03-16T16:00:00Z,19339.88,36170770780
2024-03-16T17:00:00Z,19359.77,35124373497
2024-03-16T18:00:00Z,19512.67,33349589580
2024-03-16T19:00:00Z,19622.13,36689143603
2024-03-16T20:00:00Z,19809.8,34857227250
2024-03-16T21:00:00Z,19861.35,35367341776
2024-03-16T22:00:00Z,19993.24,36443447011
2024-03-16T23:00:00Z,20110.86,35837910958
2024-03-17T00:00:00Z,20232.15,35620899618
2024-03-17T01:00:00Z,20036.35,35158446157
2024-03-17T02:00:00Z,20210.55,35150994131
2024-03-17T03:00:00Z,20141.51,34437540322
2024-03-17T04:00:00Z,20328.93,36056576590
2024-03-17T05:00:00Z,20172.11,35365962178
2024-03-17T06:00:00Z,20373.83,33624569965
2024-03-17T07:00:00Z,20320.52,33434550568
2024-03-17T08:00:00Z,20296.4,34615091394
2024-03-17T09:00:00Z,20222.43,34872775505
2024-03-17T10:00:00Z,20307.35,35450046351
2024-03-17T11:00:00Z,20391.93,33394318265
2024-03-17T12:00:00Z,20556.96,33595097133
2024-03-17T13:00:00Z,20478.48,33817308344
2024-03-17T14:00:00Z,20417.26,35105339093
2024-03-17T15:00:00Z,20425.72,33427748267
2024-03-17T16:00:00Z,20601.31,33430080244
2024-03-17T17:00:00Z,20552.73,33866644292
2024-03-17T18:00:00Z,20555.35,35235385253
2024-03-17T19:00:00Z,20595.87,34984533705
2024-03-17T20:00:00Z,20724.77,36136005061
2024-03-17T21:00:00Z,20762.01,35835813945
2024-03-17T22:00:00Z,20831.93,36263417666
2024-03-17T23:00:00Z,20770.89,35321459564
2024-03-18T00:00:00Z,20846.88,35524115544
2024-03-18T01:00:00Z,20686.57,34949960894
2024-03-18T02:00:00Z,20850.35,35991637403
2024-03-18T03:00:00Z,20819.06,36348188632
2024-03-18T04:00:00Z,20834.22,34583292012
2024-03-18T05:00:00Z,20909.1,35799613222
2024-03-18T06:00:00Z,21067.83,35263627136
2024-03-18T07:00:00Z,20888.11,35701928078
2024-03-18T08:00:00Z,20966.97,33966863996
2024-03-18T09:00:00Z,21111.6,34498131086
2024-03-18T10:00:00Z,20924.93,35998707189
2024-03-18T11:00:00Z,21055.93,35690779872
2024-03-18T12:00:00Z,21000.98,35648612562
2024-03-18T13:00:00Z,20991.37,35448462795
2024-03-18T14:00:00Z,21018.69,33553456898
2024-03-18T15:00:00Z,21134.35,35226774407
2024-03-18T16:00:00Z,21061.55,35684401950
2024-03-18T17:00:00Z,21078.59,34508691297
2024-03-18T18:00:00Z,20895.65,35067881374
2024-03-18T19:00:00Z,20724.66,33705880216
2024-03-18T20:00:00Z,20567.45,36007775353
2024-03-18T21:00:00Z,20544.42,34200670184
2024-03-18T22:00:00Z,20539.32,36421137815
2024-03-18T23:00:00Z,20515.11,36179162258
2024-03-19T00:00:00Z,20336.53,35710159613
2024-03-19T01:00:00Z,20479.92,36361833631
2024-03-19T02:00:00Z,20603.49,35594011378
2024-03-19T03:00:00Z,20577.34,36259415287
2024-03-19T04:00:00Z,20642.76,35924041828
2024-03-19T05:00:00Z,20764.31,34946382946
2024-03-19T06:00:00Z,20621.66,34853711572
2024-03-19T07:00:00Z,20501.05,35194149112
2024-03-19T08:00:00Z,20330.65,33688779685
2024-03-19T09:00:00Z,20373.88,35805103030
2024-03-19T10:00:00Z,20396.95,33892029357
2024-03-19T11:00:00Z,20322.16,35157248065
2024-03-19T12:00:00Z,20280.45,36275646263
2024-03-19T13:00:00Z,20089.47,34405478255
2024-03-19T14:00:00Z,20248.42,36070368085
2024-03-19T15:00:00Z,20366.66,36322780278
2024-03-19T16:00:00Z,20555.76,34872192854
2024-03-19T17:00:00Z,20546.31,35943390868
2024-03-19T18:00:00Z,20603.53,34596818743
2024-03-19T19:00:00Z,20518.54,36137172336
2024-03-19T20:00:00Z,20605.9,33802209795
2024-03-19T21:00:00Z,20553.48,35548080685
2024-03-19T22:00:00Z,20542.31,36464715524
2024-03-19T23:00:00Z,20450.74,34567297248
2024-03-20T00:00:00Z,20492.68,34610002299
2024-03-20T01:00:00Z,20332.97,36319221207
2024-03-20T02:00:00Z,20470.79,35718892506
2024-03-20T03:00:00Z,20546.37,34202520806
2024-03-20T04:00:00Z,20682.34,35320553925
2024-03-20T05:00:00Z,20586.45,35990286787
2024-03-20T06:00:00Z,20504.01,35885491941
2024-03-20T07:00:00Z,20588.63,36123450666
2024-03-20T08:00:00Z,20751.25,34266108964
2024-03-20T09:00:00Z,20699.65,35232553602
2024-03-20T10:00:00Z,20569.1,34865776819
2024-03-20T11:00:00Z,20552.57,34573882904
2024-03-20T12:00:00Z,20388.17,36519157443
2024-03-20T13:00:00Z,20321.83,34646110203
2024-03-20T14:00:00Z,20126.1,33564532440
2024-03-20T15:00:00Z,20237.85,35864798587
2024-03-20T16:00:00Z,20081.56,36733436813
2024-03-20T17:00:00Z,20253.15,35540841465
2024-03-20T18:00:00Z,20121.45,34315237841
2024-03-20T19:00:00Z,20250.9,33613323982
2024-03-20T20:00:00Z,20208.84,35376352130
2024-03-20T21:00:00Z,20017.92,35115090671
2024-03-20T22:00:00Z,20061.13,34924739272
2024-03-20T23:00:00Z,19926.43,35583898288
2024-03-21T00:00:00Z,20097.57,34174436046
2024-03-21T01:00:00Z,20265.24,36406937329
2024-03-21T02:00:00Z,20453.65,35793920568
2024-03-21T03:00:00Z,20375.1,35313770537
2024-03-21T04:00:00Z,20403.8,33774227456
2024-03-21T05:00:00Z,20476.2,34944380192
2024-03-21T06:00:00Z,20413.98,35101206552
2024-03-21T07:00:00Z,20416.6,33263425536
2024-03-21T08:00:00Z,20295.28,35966368225
2024-03-21T09:00:00Z,20403.16,36557230379
2024-03-21T10:00:00Z,20320.09,34770788783
2024-03-21T11:00:00Z,20413.58,35544566996
2024-03-21T12:00:00Z,20319.28,35744754417
2024-03-21T13:00:00Z,20473.08,35428880687
2024-03-21T14:00:00Z,20285.53,35248098766
2024-03-21T15:00:00Z,20142.55,34819540835
2024-03-21T16:00:00Z,19961.29,34891508324
2024-03-21T17:00:00Z,19771.38,34948957286
2024-03-21T18:00:00Z,19946.83,34682698456
2024-03-21T19:00:00Z,20089.66,36416751681
2024-03-21T20:00:00Z,20066.23,34214237493
2024-03-21T21:00:00Z,19990.31,36215786940
2024-03-21T22:00:00Z,20099.52,36736211282
2024-03-21T23:00:00Z,20210.12,36258453854
2024-03-22T00:00:00Z,20098.41,34232800203
2024-03-22T01:00:00Z,19992.67,36245283581
2024-03-22T02:00:00Z,19892.02,33307163889
2024-03-22T03:00:00Z,19939.57,36747300778
2024-03-22T04:00:00Z,19932.43,34196929226
2024-03-22T05:00:00Z,20111.79,35945181933
2024-03-22T06:00:00Z,20175.06,34979559618
2024-03-22T07:00:00Z,20360.3,35642613469
2024-03-22T08:00:00Z,20469.18,36218766108
2024-03-22T09:00:00Z,20389.38,33456385289
2024-03-22T10:00:00Z,20369.06,34991735570
2024-03-22T11:00:00Z,20216.74,34779868765
2024-03-22T12:00:00Z,20082.77,36734486743
2024-03-22T13:00:00Z,19940.76,35749059603
2024-03-22T14:00:00Z,20094.23,35564666057
2024-03-22T15:00:00Z,19956.99,35841434408
2024-03-22T16:00:00Z,20128.01,34665149460
2024-03-22T17:00:00Z,20006.64,35153470749
2024-03-22T18:00:00Z,19861.98,35429271035
2024-03-22T19:00:00Z,19674.13,34779548179
2024-03-22T20:00:00Z,19522.93,36562644989
2024-03-22T21:00:00Z,19370.33,35408153808
2024-03-22T22:00:00Z,19490.95,34933350709
2024-03-22T23:00:00Z,19589.01,35997732873
2024-03-23T00:00:00Z,19704.25,36584777744
2024-03-23T01:00:00Z,19898.17,34443282130
2024-03-23T02:00:00Z,19737.95,33291328464
2024-03-23T03:00:00Z,19565.81,35358651383
2024-03-23T04:00:00Z,19378.7,35454253123
2024-03-23T05:00:00Z,19366.55,36677761017
2024-03-23T06:00:00Z,19499.09,33708542791
2024-03-23T07:00:00Z,19464.83,35127646990
2024-03-23T08:00:00Z,19603.75,36071230970
2024-03-23T09:00:00Z,19766.05,35633739763
2024-03-23T10:00:00Z,19568.49,36679839218
2024-03-23T11:00:00Z,19388.98,36498237579
2024-03-23T12:00:00Z,19385.67,34340306626
2024-03-23T13:00:00Z,19311.42,36258133219
2024-03-23T14:00:00Z,19421.6,34831111274
2024-03-23T15:00:00Z,19506.78,33649289615
2024-03-23T16:00:00Z,19360.88,33906419344
2024-03-23T17:00:00Z,19531.07,35580595647
2024-03-23T18:00:00Z,19551.81,35493388831
2024-03-23T19:00:00Z,19622.78,34953214251
2024-03-23T20:00:00Z,19605.58,34658814210
2024-03-23T21:00:00Z,19441.88,33385765381
2024-03-23T22:00:00Z,19561.78,35038089611
2024-03-23T23:00:00Z,19699.86,36312788341
2024-03-24T00:00:00Z,19641.02,33992441958
2024-03-24T01:00:00Z,19812.88,35521163147
2024-03-24T02:00:00Z,19784.9,34654605057
2024-03-24T03:00:00Z,19906.78,36316824894
2024-03-24T04:00:00Z,19831.33,33324815182
2024-03-24T05:00:00Z,19662.8,35946324219
2024-03-24T06:00:00Z,19468.92,33693567807
2024-03-24T07:00:00Z,19442.53,35167625119
2024-03-24T08:00:00Z,19422.61,36713169958
2024-03-24T09:00:00Z,19532.08,35095035545
2024-03-24T10:00:00Z,19636.04,35113695106
2024-03-24T11:00:00Z,19543.22,34445571496
2024-03-24T12:00:00Z,19440.82,34522056397
2024-03-24T13:00:00Z,19380.17,35240083090
2024-03-24T14:00:00Z,19551.05,34597204112
2024-03-24T15:00:00Z,19719.56,33785407947
2024-03-24T16:00:00Z,19817.67,36162549744
2024-03-24T17:00:00Z,19791.04,35235155099
2024-03-24T18:00:00Z,19912.39,33491487665
2024-03-24T19:00:00Z,20068.47,33813410655
2024-03-24T20:00:00Z,20193.82,34820215124
2024-03-24T21:00:00Z,20293.14,35532979859
2024-03-24T22:00:00Z,20191.64,34154460699
2024-03-24T23:00:00Z,20177.37,33615841939
2024-03-25T00:00:00Z,20173.21,33449844749
2024-03-25T01:00:00Z,20163.71,35390074048
2024-03-25T02:00:00Z,20199.84,35420957421
2024-03-25T03:00:00Z,20107.09,35789562832
2024-03-25T04:00:00Z,20179.86,34038571689
2024-03-25T05:00:00Z,20287.11,34696426468
2024-03-25T06:00:00Z,20151.87,36243380026
2024-03-25T07:00:00Z,20183.8,33968075892
2024-03-25T08:00:00Z,20352.96,36701703835
2024-03-25T09:00:00Z,20311.31,34495589182
2024-03-25T10:00:00Z,20370.21,33843519360
2024-03-25T11:00:00Z,20233.25,34188858302
2024-03-25T12:00:00Z,20292.91,33323340498
2024-03-25T13:00:00Z,20486.49,33556942699
2024-03-25T14:00:00Z,20339.01,34990235980
2024-03-25T15:00:00Z,20324.8,35611912591
2024-03-25T16:00:00Z,20202.38,35282381513
2024-03-25T17:00:00Z,20093.15,36451224031
2024-03-25T18:00:00Z,19938.53,33675133685
2024-03-25T19:00:00Z,19812.78,33384986575
2024-03-25T20:00:00Z,19884.09,33731331093
2024-03-25T21:00:00Z,19976.54,35230360989
2024-03-25T22:00:00Z,20158.36,34079138307
2024-03-25T23:00:00Z,20296.57,33559355161
2024-03-26T00:00:00Z,20479.19,34291476748
2024-03-26T01:00:00Z,20409.07,35023998964
2024-03-26T02:00:00Z,20485.37,35942583110
2024-03-26T03:00:00Z,20337.3,36318063375
2024-03-26T04:00:00Z,20450.78,35076312646
2024-03-26T05:00:00Z,20464.17,36231268076
2024-03-26T06:00:00Z,20414.0,34237875743
2024-03-26T07:00:00Z,20300.32,36573163004
2024-03-26T08:00:00Z,20247.43,35407072959
2024-03-26T09:00:00Z,20302.07,34221209227
2024-03-26T10:00:00Z,20359.55,34730274182
2024-03-26T11:00:00Z,20290.84,35730300896
2024-03-26T12:00:00Z,20466.28,33983759478
2024-03-26T13:00:00Z,20439.11,35380519722
2024-03-26T14:00:00Z,20313.51,35797392525
2024-03-26T15:00:00Z,20213.51,35864091202
2024-03-26T16:00:00Z,20070.59,34618308710
2024-03-26T17:00:00Z,20135.84,34483259524
2024-03-26T18:00:00Z,19963.02,36394630977
2024-03-26T19:00:00Z,20005.01,34869048772
2024-03-26T20:00:00Z,20187.94,35140163078
2024-03-26T21:00:00Z,20166.52,33947131619
2024-03-26T22:00:00Z,20164.74,35665024131
2024-03-26T23:00:00Z,20200.87,34091081422
2024-03-27T00:00:00Z,20396.38,34820032895
2024-03-27T01:00:00Z,20454.45,34646111439
2024-03-27T02:00:00Z,20472.43,36261841079
2024-03-27T03:00:00Z,20268.23,34063668502
2024-03-27T04:00:00Z,20447.17,35428243237
2024-03-27T05:00:00Z,20643.72,36247973682
2024-03-27T06:00:00Z,20749.89,36100503592
2024-03-27T07:00:00Z,20568.32,34393145236
2024-03-27T08:00:00Z,20402.95,35987656176
2024-03-27T09:00:00Z,20365.12,36579223884
2024-03-27T10:00:00Z,20421.59,36053839632
2024-03-27T11:00:00Z,20553.2,34018671213
2024-03-27T12:00:00Z,20574.46,35090152761
2024-03-27T13:00:00Z,20452.15,34804246562
2024-03-27T14:00:00Z,20533.4,34238332221
2024-03-27T15:00:00Z,20462.08,33359892722
2024-03-27T16:00:00Z,20602.08,34845417653
2024-03-27T17:00:00Z,20665.91,35211306511
2024-03-27T18:00:00Z,20814.9,33671039478
2024-03-27T19:00:00Z,20608.24,36467069471
2024-03-27T20:00:00Z,20505.16,33709157522
2024-03-27T21:00:00Z,20646.67,33857650507
2024-03-27T22:00:00Z,20803.3,35863033558
2024-03-27T23:00:00Z,20804.12,35151537550
2024-03-28T00:00:00Z,20658.15,36202532501
2024-03-28T01:00:00Z,20650.77,36464193198
2024-03-28T02:00:00Z,20583.55,34626172782
2024-03-28T03:00:00Z,20434.78,35959380806
2024-03-28T04:00:00Z,20309.74,34434607097
2024-03-28T05:00:00Z,20465.6,34043417877
2024-03-28T06:00:00Z,20264.76,33539596507
2024-03-28T07:00:00Z,20078.44,35348127789
2024-03-28T08:00:00Z,20267.99,33865583985
2024-03-28T09:00:00Z,20174.41,36470635682
2024-03-28T10:00:00Z,20196.84,34752035139
2024-03-28T11:00:00Z,20028.43,36453072299
2024-03-28T12:00:00Z,19837.27,34145124183
2024-03-28T13:00:00Z,19937.88,35004174163
2024-03-28T14:00:00Z,20080.58,33608141938
2024-03-28T15:00:00Z,20143.81,34360314044
2024-03-28T16:00:00Z,20300.09,35732764036
2024-03-28T17:00:00Z,20344.5,33375239492
2024-03-28T18:00:00Z,20266.77,34426036048
2024-03-28T19:00:00Z,20191.73,34315515533
2024-03-28T20:00:00Z,20286.91,34024042673
2024-03-28T21:00:00Z,20406.01,33443251126
2024-03-28T22:00:00Z,20282.35,33985928794
2024-03-28T23:00:00Z,20154.29,33722383316
2024-03-29T00:00:00Z,20258.95,33632894814
2024-03-29T01:00:00Z,20110.37,34063740609
2024-03-29T02:00:00Z,20210.63,34652183758
2024-03-29T03:00:00Z,20352.92,35008959935
2024-03-29T04:00:00Z,20502.03,34389974975
2024-03-29T05:00:00Z,20672.7,33566281019
2024-03-29T06:00:00Z,20699.14,36095904496
2024-03-29T07:00:00Z,20750.87,34874423503
2024-03-29T08:00:00Z,20737.5,34933360870
2024-03-29T09:00:00Z,20889.73,33261350454
2024-03-29T10:00:00Z,20841.02,36361781104
2024-03-29T11:00:00Z,20876.63,33862942917
2024-03-29T12:00:00Z,20832.96,34416228446
2024-03-29T13:00:00Z,20957.85,34242883727
2024-03-29T14:00:00Z,21048.7,33889923297
2024-03-29T15:00:00Z,21095.42,34505984529
2024-03-29T16:00:00Z,21180.11,34363587907
2024-03-29T17:00:00Z,21383.07,33362921576
2024-03-29T18:00:00Z,21450.06,35587369939
2024-03-29T19:00:00Z,21574.2,35088807423
2024-03-29T20:00:00Z,21759.5,36088314972
2024-03-29T21:00:00Z,21691.76,33659929945
2024-03-29T22:00:00Z,21607.62,34702221966
2024-03-29T23:00:00Z,21805.64,33847142992
2024-03-30T00:00:00Z,21713.44,34377048158
2024-03-30T01:00:00Z,21557.25,33432160520
2024-03-30T02:00:00Z,21772.56,33571701481
2024-03-30T03:00:00Z,21608.6,33459947632
2024-03-30T04:00:00Z,21468.95,36442354845
2024-03-30T05:00:00Z,21430.7,34405288202
2024-03-30T06:00:00Z,21276.67,34855065176
2024-03-30T07:00:00Z,21141.87,36538440588
2024-03-30T08:00:00Z,21140.36,35636758854
2024-03-30T09:00:00Z,21341.36,35206876631
2024-03-30T10:00:00Z,21459.64,35479059464
2024-03-30T11:00:00Z,21533.27,34562079786
2024-03-30T12:00:00Z,21726.14,36586908580
2024-03-30T13:00:00Z,21637.94,36176376670
2024-03-30T14:00:00Z,21447.85,33845285560
2024-03-30T15:00:00Z,21428.75,33708103075
2024-03-30T16:00:00Z,21449.94,34871716793
2024-03-30T17:00:00Z,21469.88,35854094460
2024-03-30T18:00:00Z,21404.32,33725418736
2024-03-30T19:00:00Z,21461.98,36127982640
2024-03-30T20:00:00Z,21534.5,34021013190
2024-03-30T21:00:00Z,21371.4,35832340175
2024-03-30T22:00:00Z,21434.84,36731245011
2024-03-30T23:00:00Z,21492.52,36294941697
2024-03-31T00:00:00Z,21582.41,36642225589
2024-03-31T01:00:00Z,21598.57,36099107594
2024-03-31T02:00:00Z,21731.05,34887079313
2024-03-31T03:00:00Z,21640.46,35607508653
2024-03-31T04:00:00Z,21534.65,33755647909
2024-03-31T05:00:00Z,21631.22,34783198439
2024-03-31T06:00:00Z,21494.05,33743422324
2024-03-31T07:00:00Z,21602.08,33698487076
2024-03-31T08:00:00Z,21508.46,33697086147
2024-03-31T09:00:00Z,21664.24,36422379422
2024-03-31T10:00:00Z,21676.9,34479764952
2024-03-31T11:00:00Z,21800.84,34378408958
2024-03-31T12:00:00Z,21708.87,35080504102
2024-03-31T13:00:00Z,21751.51,36047090237
2024-03-31T14:00:00Z,21891.47,33944525557
2024-03-31T15:00:00Z,22015.74,36043692344
2024-03-31T16:00:00Z,21941.48,34491723470
2024-03-31T17:00:00Z,22087.08,33672186684
2024-03-31T18:00:00Z,22178.96,36674981850
2024-03-31T19:00:00Z,22272.14,36647909834
2024-03-31T20:00:00Z,22350.02,34796712469
2024-03-31T21:00:00Z,22350.15,33545284336
2024-03-31T22:00:00Z,22461.25,34161111508
2024-03-31T23:00:00Z,22240.29,34291029707
2024-04-01T00:00:00Z,22073.53,34848314693
2024-04-01T01:00:00Z,21954.5,36348774865
2024-04-01T02:00:00Z,22079.98,35955500019
2024-04-01T03:00:00Z,22070.85,34128792282
2024-04-01T04:00:00Z,22245.03,33653768756
2024-04-01T05:00:00Z,22085.32,36437898781
2024-04-01T06:00:00Z,22167.61,33353968174
2024-04-01T07:00:00Z,21971.67,35472771750
2024-04-01T08:00:00Z,21845.82,35895854631
2024-04-01T09:00:00Z,22034.1,35410227218
2024-04-01T10:00:00Z,21918.02,34973730368
2024-04-01T11:00:00Z,22127.08,35299872067
2024-04-01T12:00:00Z,22066.61,34078742529
2024-04-01T13:00:00Z,21940.31,35569420926
2024-04-01T14:00:00Z,22089.83,33437688400
2024-04-01T15:00:00Z,22277.32,34246156347
2024-04-01T16:00:00Z,22105.72,35345860898
2024-04-01T17:00:00Z,22072.21,34612738722
2024-04-01T18:00:00Z,22046.56,34959628627
2024-04-01T19:00:00Z,22101.64,33608149745
2024-04-01T20:00:00Z,22024.96,33253124867
2024-04-01T21:00:00Z,22163.83,35217601325
2024-04-01T22:00:00Z,22208.68,35671250970
2024-04-01T23:00:00Z,22052.12,33885739366
2024-04-02T00:00:00Z,21901.24,34909417540
2024-04-02T01:00:00Z,21945.96,36128106814
2024-04-02T02:00:00Z,21870.33,35927892523
2024-04-02T03:00:00Z,21867.88,36345749675
2024-04-02T04:00:00Z,21865.91,33925667385
2024-04-02T05:00:00Z,22022.11,35631221896
2024-04-02T06:00:00Z,21977.59,34458311636
2024-04-02T07:00:00Z,21767.91,34537545965
2024-04-02T08:00:00Z,21906.73,33859919267
2024-04-02T09:00:00Z,22015.47,36189086195
2024-04-02T10:00:00Z,22177.98,33309958703
2024-04-02T11:00:00Z,22248.11,34116110494
2024-04-02T12:00:00Z,22204.21,35465796459
2024-04-02T13:00:00Z,22394.94,35124609524
2024-04-02T14:00:00Z,22449.61,36599123692
2024-04-02T15:00:00Z,22381.59,34027571058
2024-04-02T16:00:00Z,22516.42,35078965758
2024-04-02T17:00:00Z,22351.42,36106075822
2024-04-02T18:00:00Z,22504.62,34540126081
2024-04-02T19:00:00Z,22326.89,34759781182
2024-04-02T20:00:00Z,22276.59,35987330870
2024-04-02T21:00:00Z,22478.95,34468686103
2024-04-02T22:00:00Z,22413.13,34139254307
2024-04-02T23:00:00Z,22505.41,34314536720
2024-04-03T00:00:00Z,22673.32,33395949801
2024-04-03T01:00:00Z,22648.32,33800937069
2024-04-03T02:00:00Z,22749.17,34569941762
2024-04-03T03:00:00Z,22925.69,34290388493
2024-04-03T04:00:00Z,22856.45,33922085510
2024-04-03T05:00:00Z,22686.31,35575948387
2024-04-03T06:00:00Z,22556.29,33622538497
2024-04-03T07:00:00Z,22543.01,35495824040
2024-04-03T08:00:00Z,22412.15,33827732903
2024-04-03T09:00:00Z,22453.85,33723463110
2024-04-03T10:00:00Z,22417.16,34017305182
2024-04-03T11:00:00Z,22360.17,33693124239
2024-04-03T12:00:00Z,22414.12,33435242933
2024-04-03T13:00:00Z,22613.88,35465019162
2024-04-03T14:00:00Z,22738.66,35437679786
2024-04-03T15:00:00Z,22533.36,36215990978
2024-04-03T16:00:00Z,22319.23,36196983893
2024-04-03T17:00:00Z,22442.22,35706476863
2024-04-03T18:00:00Z,22613.5,36150920074
2024-04-03T19:00:00Z,22516.86,33865292294
2024-04-03T20:00:00Z,22480.72,33369521607
2024-04-03T21:00:00Z,22343.76,34932391530
2024-04-03T22:00:00Z,22355.9,33434456092
2024-04-03T23:00:00Z,22334.82,35000734932
2024-04-04T00:00:00Z,22511.38,35208105886
2024-04-04T01:00:00Z,22575.83,33397371539
2024-04-04T02:00:00Z,22703.89,33861700432
2024-04-04T03:00:00Z,22929.07,35658036685
2024-04-04T04:00:00Z,23158.25,35475756719
2024-04-04T05:00:00Z,22984.85,33390867705
2024-04-04T06:00:00Z,22884.49,33528760847
2024-04-04T07:00:00Z,22665.01,35328283248
2024-04-04T08:00:00Z,22690.92,36327749644
2024-04-04T09:00:00Z,22745.86,33793529714
2024-04-04T10:00:00Z,22782.16,35492240316
2024-04-04T11:00:00Z,22695.0,34802516013
2024-04-04T12:00:00Z,22526.54,35046383131
2024-04-04T13:00:00Z,22737.48,33890280054
2024-04-04T14:00:00Z,22870.62,35068455361
2024-04-04T15:00:00Z,22907.03,34042157364
2024-04-04T16:00:00Z,22850.0,33351321223
2024-04-04T17:00:00Z,22871.11,33992860464
2024-04-04T18:00:00Z,22830.4,36286287471
2024-04-04T19:00:00Z,22805.2,35710619337
2024-04-04T20:00:00Z,22737.25,35369957750
2024-04-04T21:00:00Z,22512.23,35234750835
2024-04-04T22:00:00Z,22517.54,34046512822
2024-04-04T23:00:00Z,22481.43,34492201239
2024-04-05T00:00:00Z,22539.64,36737414314
2024-04-05T01:00:00Z,22570.55,33985822531
2024-04-05T02:00:00Z,22573.98,35208197963
2024-04-05T03:00:00Z,22446.28,34744250443
2024-04-05T04:00:00Z,22493.27,35678939902
2024-04-05T05:00:00Z,22425.67,36007072313
2024-04-05T06:00:00Z,22383.61,33586185765
2024-04-05T07:00:00Z,22231.22,36546173482
2024-04-05T08:00:00Z,22446.7,36067560986
2024-04-05T09:00:00Z,22370.59,35667745022
2024-04-05T10:00:00Z,22305.73,33718218580
2024-04-05T11:00:00Z,22311.87,36157805285
2024-04-05T12:00:00Z,22493.64,36338433177
2024-04-05T13:00:00Z,22455.95,35083024010
2024-04-05T14:00:00Z,22244.29,36522293367
2024-04-05T15:00:00Z,22398.13,33557677707
2024-04-05T16:00:00Z,22373.79,35222255513
2024-04-05T17:00:00Z,22480.39,34923954771
2024-04-05T18:00:00Z,22473.87,33986354809
2024-04-05T19:00:00Z,22479.96,34662250821
2024-04-05T20:00:00Z,22392.81,35321957677
2024-04-05T21:00:00Z,22336.37,33715444859
2024-04-05T22:00:00Z,22425.32,33740237622
2024-04-05T23:00:00Z,22621.54,34225908277
2024-04-06T00:00:00Z,22546.9,34462000238
2024-04-06T01:00:00Z,22433.69,34715178109
2024-04-06T02:00:00Z,22461.93,34992655845
2024-04-06T03:00:00Z,22430.28,33498549583
2024-04-06T04:00:00Z,22583.92,33450917110
2024-04-06T05:00:00Z,22405.86,34658114135
2024-04-06T06:00:00Z,22484.71,33828578650
2024-04-06T07:00:00Z,22524.01,33527692511
2024-04-06T08:00:00Z,22653.85,33619380206
2024-04-06T09:00:00Z,22555.59,34959754851
2024-04-06T10:00:00Z,22677.08,35332531721
2024-04-06T11:00:00Z,22536.74,35777738127
2024-04-06T12:00:00Z,22681.23,35852745316
2024-04-06T13:00:00Z,22874.78,35572011062
2024-04-06T14:00:00Z,23010.76,35164019869
2024-04-06T15:00:00Z,22873.77,35976344041
2024-04-06T16:00:00Z,22713.77,34140040569
2024-04-06T17:00:00Z,22911.07,33910527498
2024-04-06T18:00:00Z,23104.31,33257128173
2024-04-06T19:00:00Z,23295.45,36574694609
2024-04-06T20:00:00Z,23327.76,33656894358
2024-04-06T21:00:00Z,23443.8,34682197780
2024-04-06T22:00:00Z,23510.45,35156540917
2024-04-06T23:00:00Z,23450.55,33771682576
2024-04-07T00:00:00Z,23493.32,33493614461
2024-04-07T01:00:00Z,23391.55,34744739444
2024-04-07T02:00:00Z,23216.37,33371401466
2024-04-07T03:00:00Z,23163.78,35073081676
2024-04-07T04:00:00Z,22982.84,36064009589
2024-04-07T05:00:00Z,23103.93,34446958337
2024-04-07T06:00:00Z,23012.19,36167643660
2024-04-07T07:00:00Z,23145.1,33434906526
2024-04-07T08:00:00Z,23284.7,33800846924
2024-04-07T09:00:00Z,23121.01,33857238489
2024-04-07T10:00:00Z,23178.62,35406661056
2024-04-07T11:00:00Z,23093.54,34052909080
2024-04-07T12:00:00Z,23251.43,36410599963
2024-04-07T13:00:00Z,23221.51,34567265569
2024-04-07T14:00:00Z,23408.79,36089064657
2024-04-07T15:00:00Z,23357.67,35501208138
2024-04-07T16:00:00Z,23211.99,34855264763
2024-04-07T17:00:00Z,23076.56,36479575394
2024-04-07T18:00:00Z,23217.05,35859753478
2024-04-07T19:00:00Z,23242.22,36592253348
2024-04-07T20:00:00Z,23436.81,33859767648
2024-04-07T21:00:00Z,23366.68,35521071265
2024-04-07T22:00:00Z,23545.02,34579009173
2024-04-07T23:00:00Z,23419.49,34856191979
2024-04-08T00:00:00Z,23504.98,33766228175
2024-04-08T01:00:00Z,23348.42,36055390200
2024-04-08T02:00:00Z,23278.51,33634382283
2024-04-08T03:00:00Z,23474.76,34626584460
2024-04-08T04:00:00Z,23438.97,35790646934
2024-04-08T05:00:00Z,23455.9,35599502837
2024-04-08T06:00:00Z,23299.0,33462806305
2024-04-08T07:00:00Z,23178.26,36596504928
2024-04-08T08:00:00Z,23324.1,36150965858
2024-04-08T09:00:00Z,23541.93,35931407723
2024-04-08T10:00:00Z,23616.27,33312076750
2024-04-08T11:00:00Z,23405.25,35677354782
2024-04-08T12:00:00Z,23602.57,35638312539
2024-04-08T13:00:00Z,23599.21,33611144179
2024-04-08T14:00:00Z,23482.82,33833772302
2024-04-08T15:00:00Z,23643.14,35461451054
2024-04-08T16:00:00Z,23644.92,33445417407
2024-04-08T17:00:00Z,23536.63,33422192613
2024-04-08T18:00:00Z,23411.01,34354164805
2024-04-08T19:00:00Z,23587.74,33297824256
2024-04-08T20:00:00Z,23624.63,33585239885
2024-04-08T21:00:00Z,23463.38,35517393196
2024-04-08T22:00:00Z,23369.46,35540170668
2024-04-08T23:00:00Z,23393.79,35841394258
2024-04-09T00:00:00Z,23606.89,35974520787
2024-04-09T01:00:00Z,23830.71,36553019175
2024-04-09T02:00:00Z,23658.62,36392945408
2024-04-09T03:00:00Z,23491.1,35009975697
2024-04-09T04:00:00Z,23477.47,34756547097
2024-04-09T05:00:00Z,23615.72,35365996905
2024-04-09T06:00:00Z,23413.77,36486829006
2024-04-09T07:00:00Z,23495.56,34035779248
2024-04-09T08:00:00Z,23586.24,35767410983
2024-04-09T09:00:00Z,23531.86,36457838116
2024-04-09T10:00:00Z,23665.6,34706924992
2024-04-09T11:00:00Z,23533.11,35880820037
2024-04-09T12:00:00Z,23553.98,35430470499
2024-04-09T13:00:00Z,23479.94,33273315298
2024-04-09T14:00:00Z,23397.1,36696059297
2024-04-09T15:00:00Z,23621.18,35914452355
2024-04-09T16:00:00Z,23441.88,36156956168
2024-04-09T17:00:00Z,23434.75,34855264677
2024-04-09T18:00:00Z,23544.57,33732300708
2024-04-09T19:00:00Z,23600.8,34968779973
2024-04-09T20:00:00Z,23749.16,34289438179
2024-04-09T21:00:00Z,23871.43,35412915284
2024-04-09T22:00:00Z,23686.4,36250091519
2024-04-09T23:00:00Z,23613.87,34729866309
2024-04-10T00:00:00Z,23745.88,33772098014
2024-04-10T01:00:00Z,23858.99,36572668216
2024-04-10T02:00:00Z,23860.54,35592970385
2024-04-10T03:00:00Z,23911.36,34154639133
2024-04-10T04:00:00Z,24126.39,34613437415
2024-04-10T05:00:00Z,24316.91,35427686611
2024-04-10T06:00:00Z,24264.06,36253496932
2024-04-10T07:00:00Z,24304.46,33292774471
2024-04-10T08:00:00Z,24074.64,36694292475
2024-04-10T09:00:00Z,24224.98,36677219666
2024-04-10T10:00:00Z,24399.59,34145621863
2024-04-10T11:00:00Z,24414.54,36216897816
2024-04-10T12:00:00Z,24435.16,35485293909
2024-04-10T13:00:00Z,24325.27,34327293601
2024-04-10T14:00:00Z,24318.08,34847151258
2024-04-10T15:00:00Z,24160.83,34124408928
2024-04-10T16:00:00Z,24064.3,36564021027
2024-04-10T17:00:00Z,24126.59,34533293336
2024-04-10T18:00:00Z,24098.28,33878215934
2024-04-10T19:00:00Z,24006.06,35800838226
2024-04-10T20:00:00Z,23920.4,35821703438
2024-04-10T21:00:00Z,23878.95,34913517565
2024-04-10T22:00:00Z,23710.02,35668149873
2024-04-10T23:00:00Z,23594.96,33767341948
2024-04-11T00:00:00Z,23485.56,36012793062
2024-04-11T01:00:00Z,23700.81,35001907457
2024-04-11T02:00:00Z,23840.51,33979810068
2024-04-11T03:00:00Z,23804.07,33960227665
2024-04-11T04:00:00Z,23884.02,33619149390
2024-04-11T05:00:00Z,23769.2,35481422528
2024-04-11T06:00:00Z,23572.84,34931633789
2024-04-11T07:00:00Z,23388.72,35722877082
2024-04-11T08:00:00Z,23621.98,33566374746
2024-04-11T09:00:00Z,23696.65,35404717485
2024-04-11T10:00:00Z,23679.6,35953633010
2024-04-11T11:00:00Z,23477.57,34444354011
2024-04-11T12:00:00Z,23654.83,33531565099
2024-04-11T13:00:00Z,23738.43,36669907367
2024-04-11T14:00:00Z,23875.34,36176711144
2024-04-11T15:00:00Z,24052.86,33364609007
2024-04-11T16:00:00Z,23819.15,33466718952
2024-04-11T17:00:00Z,23962.8,35719518926
2024-04-11T18:00:00Z,23989.0,34643801504
2024-04-11T19:00:00Z,23963.02,36105272556
2024-04-11T20:00:00Z,24194.79,34018491868
2024-04-11T21:00:00Z,24359.41,34572704825
2024-04-11T22:00:00Z,24351.33,35768584698
2024-04-11T23:00:00Z,24319.96,34775245115
2024-04-12T00:00:00Z,24493.28,35731920359
2024-04-12T01:00:00Z,24387.09,34733927196
2024-04-12T02:00:00Z,24454.9,34641368612
2024-04-12T03:00:00Z,24698.6,34152532648
2024-04-12T04:00:00Z,24789.87,34299797282
2024-04-12T05:00:00Z,24672.0,33382293579
2024-04-12T06:00:00Z,24656.83,34670601056
2024-04-12T07:00:00Z,24610.15,33759878719
2024-04-12T08:00:00Z,24435.28,34972742792
2024-04-12T09:00:00Z,24241.03,35187565689
2024-04-12T10:00:00Z,24072.14,34558252914
2024-04-12T11:00:00Z,23894.98,35232612384
2024-04-12T12:00:00Z,23662.41,36528348115
2024-04-12T13:00:00Z,23537.25,34306930740
2024-04-12T14:00:00Z,23483.2,35595155181
2024-04-12T15:00:00Z,23665.31,34625283379
2024-04-12T16:00:00Z,23894.03,35625829308
2024-04-12T17:00:00Z,23672.56,34049120720
2024-04-12T18:00:00Z,23809.28,36500496486
2024-04-12T19:00:00Z,23589.69,36162822163
2024-04-12T20:00:00Z,23629.54,36389236363
2024-04-12T21:00:00Z,23471.28,35732315698
2024-04-12T22:00:00Z,23646.88,33517688464
2024-04-12T23:00:00Z,23454.53,34434933242
2024-04-13T00:00:00Z,23509.1,34161986861
2024-04-13T01:00:00Z,23311.72,33902312164
2024-04-13T02:00:00Z,23225.18,35339597888
2024-04-13T03:00:00Z,23059.57,35790158379
2024-04-13T04:00:00Z,23055.84,34763819481
2024-04-13T05:00:00Z,23140.99,36175795661
2024-04-13T06:00:00Z,22975.69,34055064579
2024-04-13T07:00:00Z,22928.14,35989853519
2024-04-13T08:00:00Z,22977.29,34049011587
2024-04-13T09:00:00Z,23030.3,33714581890
2024-04-13T10:00:00Z,23236.24,35753901693
2024-04-13T11:00:00Z,23236.75,36441168233
2024-04-13T12:00:00Z,23225.99,34536271508
2024-04-13T13:00:00Z,23110.52,34247735009
2024-04-13T14:00:00Z,22914.06,35771265672
2024-04-13T15:00:00Z,23119.82,34694506790
2024-04-13T16:00:00Z,23228.42,36703236791
2024-04-13T17:00:00Z,23058.9,34257474790
2024-04-13T18:00:00Z,23252.81,34557695167
2024-04-13T19:00:00Z,23314.69,34492263634
2024-04-13T20:00:00Z,23328.56,35805554959
2024-04-13T21:00:00Z,23419.19,35564476090
2024-04-13T22:00:00Z,23415.3,34781390998
2024-04-13T23:00:00Z,23326.23,34615212480
2024-04-14T00:00:00Z,23189.36,33324448500
2024-04-14T01:00:00Z,23406.44,33676823667
2024-04-14T02:00:00Z,23183.08,35313431810
2024-04-14T03:00:00Z,23141.76,33607479386
2024-04-14T04:00:00Z,23181.37,36347724953
2024-04-14T05:00:00Z,23118.05,33930173317
2024-04-14T06:00:00Z,23179.04,35167455906
2024-04-14T07:00:00Z,23235.8,34117417418
2024-04-14T08:00:00Z,23282.59,33575579517
2024-04-14T09:00:00Z,23296.72,34377747456
2024-04-14T10:00:00Z,23341.03,35922502545
2024-04-14T11:00:00Z,23302.0,35313400981
2024-04-14T12:00:00Z,23341.09,35379868912
2024-04-14T13:00:00Z,23519.28,34401084064
2024-04-14T14:00:00Z,23575.18,35778262680
2024-04-14T15:00:00Z,23524.4,34963077695
2024-04-14T16:00:00Z,23595.38,36553474050
2024-04-14T17:00:00Z,23803.35,34111701463
2024-04-14T18:00:00Z,24016.58,34581331339
2024-04-14T19:00:00Z,24225.44,35926259442
2024-04-14T20:00:00Z,24381.64,33750276703
2024-04-14T21:00:00Z,24335.03,33546769687
2024-04-14T22:00:00Z,24289.56,35770471723
2024-04-14T23:00:00Z,24368.31,36439270638
2024-04-15T00:00:00Z,24538.38,34308440068
2024-04-15T01:00:00Z,24477.87,34780104855
2024-04-15T02:00:00Z,24286.43,36081073897
2024-04-15T03:00:00Z,24491.34,35560294016
2024-04-15T04:00:00Z,24250.16,35025160464
2024-04-15T05:00:00Z,24458.98,34894024885
2024-04-15T06:00:00Z,24330.51,35043295458
2024-04-15T07:00:00Z,24088.86,33314954882
2024-04-15T08:00:00Z,24023.43,35765445648
2024-04-15T09:00:00Z,23794.78,35334673664
2024-04-15T10:00:00Z,23767.21,36459491557
2024-04-15T11:00:00Z,23675.84,36091556401
2024-04-15T12:00:00Z,23634.57,35007201536
2024-04-15T13:00:00Z,23500.49,36254438809
2024-04-15T14:00:00Z,23604.55,34366609380
2024-04-15T15:00:00Z,23799.32,35340765121
2024-04-15T16:00:00Z,23768.19,35040420303
2024-04-15T17:00:00Z,23589.52,35874219949
2024-04-15T18:00:00Z,23418.22,34525028739
2024-04-15T19:00:00Z,23583.64,35580150387
2024-04-15T20:00:00Z,23627.23,35348073826
2024-04-15T21:00:00Z,23672.94,33486403278
2024-04-15T22:00:00Z,23778.39,33581239492
2024-04-15T23:00:00Z,23809.44,35255299248
2024-04-16T00:00:00Z,23583.9,36267698596
2024-04-16T01:00:00Z,23713.21,36044120537
2024-04-16T02:00:00Z,23882.8,35350838296
2024-04-16T03:00:00Z,23679.25,36720660856
2024-04-16T04:00:00Z,23832.94,33536359135
2024-04-16T05:00:00Z,23717.51,33582292029
2024-04-16T06:00:00Z,23868.65,35014893709
2024-04-16T07:00:00Z,23647.85,36575312814
2024-04-16T08:00:00Z,23818.87,34036740688
2024-04-16T09:00:00Z,23787.38,35929626276
2024-04-16T10:00:00Z,23848.91,35626735693
2024-04-16T11:00:00Z,23992.2,34953626826
2024-04-16T12:00:00Z,23836.25,35063068253
2024-04-16T13:00:00Z,23721.96,34525577287
2024-04-16T14:00:00Z,23737.36,34380495643
2024-04-16T15:00:00Z,23637.71,35343741830
2024-04-16T16:00:00Z,23857.02,36252873700
2024-04-16T17:00:00Z,23791.0,34921996739
2024-04-16T18:00:00Z,23631.38,36283945484
2024-04-16T19:00:00Z,23778.82,33669896760
2024-04-16T20:00:00Z,23595.73,36613758675
2024-04-16T21:00:00Z,23653.21,33649024822
2024-04-16T22:00:00Z,23642.83,34938789316
2024-04-16T23:00:00Z,23425.4,33446374432
2024-04-17T00:00:00Z,23641.61,33975654642
2024-04-17T01:00:00Z,23860.98,33344772224
2024-04-17T02:00:00Z,23628.95,35956620308
2024-04-17T03:00:00Z,23796.77,35129643422
2024-04-17T04:00:00Z,23899.23,34421653598
2024-04-17T05:00:00Z,23908.63,35062028858
2024-04-17T06:00:00Z,23927.09,36636894932
2024-04-17T07:00:00Z,24124.08,33625077225
2024-04-17T08:00:00Z,23912.93,36122810540
2024-04-17T09:00:00Z,23896.67,34914055152
2024-04-17T10:00:00Z,24102.25,35962894564
2024-04-17T11:00:00Z,23963.83,33372289745
2024-04-17T12:00:00Z,23987.25,35001684778
2024-04-17T13:00:00Z,23825.68,33748973189
2024-04-17T14:00:00Z,23935.74,36588733859
2024-04-17T15:00:00Z,23744.05,35125817181
2024-04-17T16:00:00Z,23560.23,34505280969
2024-04-17T17:00:00Z,23625.99,34834535139
2024-04-17T18:00:00Z,23537.97,33564210831
2024-04-17T19:00:00Z,23551.47,36261568922
2024-04-17T20:00:00Z,23552.45,33329747918
2024-04-17T21:00:00Z,23749.18,35369723619
2024-04-17T22:00:00Z,23870.93,35658102254
2024-04-17T23:00:00Z,24059.63,35782119554
2024-04-18T00:00:00Z,24084.9,36615278137
2024-04-18T01:00:00Z,23912.76,34886378173
2024-04-18T02:00:00Z,23945.71,34354104677
2024-04-18T03:00:00Z,23725.6,34785614799
2024-04-18T04:00:00Z,23956.65,35331352530
2024-04-18T05:00:00Z,24163.34,36208997652
2024-04-18T06:00:00Z,24125.58,36064685971
2024-04-18T07:00:00Z,24025.23,34974685001
2024-04-18T08:00:00Z,24115.44,35488413447
2024-04-18T09:00:00Z,24094.81,36277944657
2024-04-18T10:00:00Z,23945.79,33981130711
2024-04-18T11:00:00Z,23949.62,34078829428
2024-04-18T12:00:00Z,24096.86,36061641968
2024-04-18T13:00:00Z,23927.45,36700635383
2024-04-18T14:00:00Z,24070.12,35980363228
2024-04-18T15:00:00Z,23838.97,35796458449
2024-04-18T16:00:00Z,24036.99,34961705842
2024-04-18T17:00:00Z,23963.2,35541615771
2024-04-18T18:00:00Z,24115.79,35192111850
2024-04-18T19:00:00Z,24317.18,36488724914
2024-04-18T20:00:00Z,24371.46,33567701049
2024-04-18T21:00:00Z,24459.71,34102841596
2024-04-18T22:00:00Z,24566.1,36018285329
2024-04-18T23:00:00Z,24764.26,34931244383
2024-04-19T00:00:00Z,24567.85,35891544518
2024-04-19T01:00:00Z,24480.01,36457924271
2024-04-19T02:00:00Z,24494.43,35121891298
2024-04-19T03:00:00Z,24340.02,35058574871
2024-04-19T04:00:00Z,24371.58,34275184681
2024-04-19T05:00:00Z,24315.08,35459906043
2024-04-19T06:00:00Z,24331.45,35310364677
2024-04-19T07:00:00Z,24101.17,35429799592
2024-04-19T08:00:00Z,24056.47,34121299184
2024-04-19T09:00:00Z,24102.97,35237516212
2024-04-19T10:00:00Z,24192.55,33479784086
2024-04-19T11:00:00Z,24325.61,34882674366
2024-04-19T12:00:00Z,24251.27,33411120719
2024-04-19T13:00:00Z,24233.51,36448968963
2024-04-19T14:00:00Z,24097.13,35729053229
2024-04-19T15:00:00Z,23861.5,33523326395
2024-04-19T16:00:00Z,23699.3,34888844314
2024-04-19T17:00:00Z,23493.32,35165912572
2024-04-19T18:00:00Z,23647.61,34606279605
2024-04-19T19:00:00Z,23798.28,34499443489
2024-04-19T20:00:00Z,23717.23,36525240702
2024-04-19T21:00:00Z,23518.27,34177015192
2024-04-19T22:00:00Z,23722.51,34315633567
2024-04-19T23:00:00Z,23629.68,33697711255
2024-04-20T00:00:00Z,23544.59,36136228869
2024-04-20T01:00:00Z,23583.56,35140842244
2024-04-20T02:00:00Z,23456.27,35174379975
2024-04-20T03:00:00Z,23508.48,34587000163
2024-04-20T04:00:00Z,23587.77,35133565012
2024-04-20T05:00:00Z,23482.35,36409729168
2024-04-20T06:00:00Z,23463.18,33739254905
2024-04-20T07:00:00Z,23631.19,33729505261
2024-04-20T08:00:00Z,23467.02,34753925145
2024-04-20T09:00:00Z,23254.71,34298347486
2024-04-20T10:00:00Z,23228.05,36227732603
2024-04-20T11:00:00Z,23158.02,33279135889
2024-04-20T12:00:00Z,22997.46,36193642595
2024-04-20T13:00:00Z,23172.42,36631370855
2024-04-20T14:00:00Z,23029.93,34298490217
2024-04-20T15:00:00Z,22874.79,33904458725
2024-04-20T16:00:00Z,22651.15,36396333931
2024-04-20T17:00:00Z,22425.72,36102309650
2024-04-20T18:00:00Z,22481.61,33795586475
2024-04-20T19:00:00Z,22358.48,35992825639
2024-04-20T20:00:00Z,22211.48,36662349996
2024-04-20T21:00:00Z,22430.38,34407362094
2024-04-20T22:00:00Z,22305.2,33605945141
2024-04-20T23:00:00Z,22254.94,36078309402
2024-04-21T00:00:00Z,22334.63,34897502533
2024-04-21T01:00:00Z,22137.34,36157426440
2024-04-21T02:00:00Z,22184.28,34833516524
2024-04-21T03:00:00Z,22375.48,33542842399
2024-04-21T04:00:00Z,22359.74,34167501401
2024-04-21T05:00:00Z,22500.73,36560503979
2024-04-21T06:00:00Z,22696.6,34869494119
2024-04-21T07:00:00Z,22773.73,36500862557
2024-04-21T08:00:00Z,22629.0,36237015610
2024-04-21T09:00:00Z,22562.28,34364083306
2024-04-21T10:00:00Z,22502.85,34574734394
2024-04-21T11:00:00Z,22285.33,34927218263
2024-04-21T12:00:00Z,22370.51,33920854253
2024-04-21T13:00:00Z,22496.95,34005729142
2024-04-21T14:00:00Z,22611.4,35435825400
2024-04-21T15:00:00Z,22728.74,34989996783
2024-04-21T16:00:00Z,22733.8,34888106222
2024-04-21T17:00:00Z,22919.78,34048625089
2024-04-21T18:00:00Z,23058.65,36129033092
2024-04-21T19:00:00Z,22969.85,35869207780
2024-04-21T20:00:00Z,23071.76,34292352983
2024-04-21T21:00:00Z,23216.56,33883139603
2024-04-21T22:00:00Z,23344.04,33529049358
2024-04-21T23:00:00Z,23312.6,34490059139
2024-04-22T00:00:00Z,23272.76,33573293686
2024-04-22T01:00:00Z,23100.09,35023206027
2024-04-22T02:00:00Z,23095.37,35013447262
2024-04-22T03:00:00Z,23278.56,34246896090
2024-04-22T04:00:00Z,23354.96,34971089502
2024-04-22T05:00:00Z,23138.19,34924899221
2024-04-22T06:00:00Z,23352.66,34512669253
2024-04-22T07:00:00Z,23146.69,35821734765
2024-04-22T08:00:00Z,23168.14,34005262614
2024-04-22T09:00:00Z,23154.39,35831398858
2024-04-22T10:00:00Z,23379.64,35529785970
2024-04-22T11:00:00Z,23437.11,35782885918
2024-04-22T12:00:00Z,23383.01,34828374651
2024-04-22T13:00:00Z,23153.89,33799846261
2024-04-22T14:00:00Z,23149.31,36021328306
2024-04-22T15:00:00Z,23122.84,35701938802
2024-04-22T16:00:00Z,23047.96,36663375280
2024-04-22T17:00:00Z,22867.49,35582969705
2024-04-22T18:00:00Z,23081.79,33566629179
2024-04-22T19:00:00Z,22899.56,35950802489
2024-04-22T20:00:00Z,23015.51,36710650280
2024-04-22T21:00:00Z,23145.01,36361218951
2024-04-22T22:00:00Z,23179.68,33259850505
2024-04-22T23:00:00Z,23038.76,36678190978
2024-04-23T00:00:00Z,23092.16,33281116444
2024-04-23T01:00:00Z,22983.3,36392399172
2024-04-23T02:00:00Z,22768.23,35910970607
2024-04-23T03:00:00Z,22666.89,34059530258
2024-04-23T04:00:00Z,22446.05,35528023776
2024-04-23T05:00:00Z,22412.51,34691464431
2024-04-23T06:00:00Z,22565.87,33474036480
2024-04-23T07:00:00Z,22648.13,33583040268
2024-04-23T08:00:00Z,22844.95,35013062157
2024-04-23T09:00:00Z,22947.94,36416800049
2024-04-23T10:00:00Z,23140.66,35749297929
2024-04-23T11:00:00Z,23301.63,34060991121
2024-04-23T12:00:00Z,23451.62,36156940039
2024-04-23T13:00:00Z,23655.48,34511693270
2024-04-23T14:00:00Z,23665.94,35910802388
2024-04-23T15:00:00Z,23580.28,36247019520
2024-04-23T16:00:00Z,23766.51,34818939290
2024-04-23T17:00:00Z,23718.54,36583587447
2024-04-23T18:00:00Z,23556.86,35183002871
2024-04-23T19:00:00Z,23372.48,36389630970
2024-04-23T20:00:00Z,23549.68,34641484416
2024-04-23T21:00:00Z,23512.03,34214020368
2024-04-23T22:00:00Z,23314.26,34876152953
2024-04-23T23:00:00Z,23369.22,36055766307
2024-04-24T00:00:00Z,23521.58,36659285599
2024-04-24T01:00:00Z,23707.39,34348257782
2024-04-24T02:00:00Z,23580.63,34793018435
2024-04-24T03:00:00Z,23785.53,33881140626
2024-04-24T04:00:00Z,23842.83,34090058892
2024-04-24T05:00:00Z,23633.82,34158932034
2024-04-24T06:00:00Z,23738.54,35313280217
2024-04-24T07:00:00Z,23926.06,35395811725
2024-04-24T08:00:00Z,23723.2,33473911238
2024-04-24T09:00:00Z,23948.71,34959794972
2024-04-24T10:00:00Z,23843.84,33594943909
2024-04-24T11:00:00Z,23609.1,33379598148
2024-04-24T12:00:00Z,23613.66,35729636016
2024-04-24T13:00:00Z,23612.0,35334323641
2024-04-24T14:00:00Z,23396.91,35014855346
2024-04-24T15:00:00Z,23451.74,34540630807
2024-04-24T16:00:00Z,23440.2,34684409194
2024-04-24T17:00:00Z,23473.05,36655829761
2024-04-24T18:00:00Z,23460.79,33412202502
2024-04-24T19:00:00Z,23400.83,35430631197
2024-04-24T20:00:00Z,23554.69,33313611676
2024-04-24T21:00:00Z,23558.77,35791111134
2024-04-24T22:00:00Z,23647.39,33579959929
2024-04-24T23:00:00Z,23632.99,36627009380
2024-04-25T00:00:00Z,23536.09,34323442667
2024-04-25T01:00:00Z,23598.45,34271553930
2024-04-25T02:00:00Z,23672.82,35918702792
2024-04-25T03:00:00Z,23705.59,36688328998
2024-04-25T04:00:00Z,23544.75,34364165755
2024-04-25T05:00:00Z,23586.61,33521172258
2024-04-25T06:00:00Z,23577.44,34563568802
2024-04-25T07:00:00Z,23722.4,36056759997
2024-04-25T08:00:00Z,23915.23,34162009269
2024-04-25T09:00:00Z,24061.41,34938383299
2024-04-25T10:00:00Z,24126.09,35096547724
2024-04-25T11:00:00Z,24329.37,34377575550
2024-04-25T12:00:00Z,24545.3,34963298042
2024-04-25T13:00:00Z,24735.0,33605900471
2024-04-25T14:00:00Z,24845.67,33283223520
2024-04-25T15:00:00Z,24797.3,33607831618
2024-04-25T16:00:00Z,24701.14,36662641300
2024-04-25T17:00:00Z,24745.69,36737233140
2024-04-25T18:00:00Z,24940.03,33980662126
2024-04-25T19:00:00Z,24935.14,34514974803
2024-04-25T20:00:00Z,24767.1,35306895119
2024-04-25T21:00:00Z,25005.14,33574313386
2024-04-25T22:00:00Z,24865.22,35598670012
2024-04-25T23:00:00Z,24715.68,33886356411
2024-04-26T00:00:00Z,24493.98,36167977638
2024-04-26T01:00:00Z,24293.54,34180764212
2024-04-26T02:00:00Z,24360.32,33291410825
2024-04-26T03:00:00Z,24393.97,35981333410
2024-04-26T04:00:00Z,24595.82,36094698132
2024-04-26T05:00:00Z,24590.64,34093085186
2024-04-26T06:00:00Z,24416.36,35957998344
2024-04-26T07:00:00Z,24583.82,34716594959
2024-04-26T08:00:00Z,24383.9,36576226347
2024-04-26T09:00:00Z,24313.14,35341188540
2024-04-26T10:00:00Z,24379.24,36057528673
2024-04-26T11:00:00Z,24297.16,34020455633
2024-04-26T12:00:00Z,24461.32,33859851013
2024-04-26T13:00:00Z,24344.61,36079103099
2024-04-26T14:00:00Z,24423.54,35826955532
2024-04-26T15:00:00Z,24603.6,35085391563
2024-04-26T16:00:00Z,24712.76,34100772638
2024-04-26T17:00:00Z,24706.19,33637328582
2024-04-26T18:00:00Z,24927.25,36188654011
2024-04-26T19:00:00Z,25046.05,34589343338
2024-04-26T20:00:00Z,25278.91,34411555973
2024-04-26T21:00:00Z,25324.16,36540507141
2024-04-26T22:00:00Z,25296.47,33452710846
2024-04-26T23:00:00Z,25415.75,36337847684
2024-04-27T00:00:00Z,25218.13,35858195387
2024-04-27T01:00:00Z,25198.02,34505515455
2024-04-27T02:00:00Z,25336.02,33944653207
2024-04-27T03:00:00Z,25471.07,35088713977
2024-04-27T04:00:00Z,25315.5,33746369767
2024-04-27T05:00:00Z,25078.35,35241135566
2024-04-27T06:00:00Z,25301.83,33626703340
2024-04-27T07:00:00Z,25308.22,34702203251
2024-04-27T08:00:00Z,25533.67,34100067814
2024-04-27T09:00:00Z,25437.18,33606480233
2024-04-27T10:00:00Z,25578.5,35287503870
2024-04-27T11:00:00Z,25657.36,33433324607
2024-04-27T12:00:00Z,25704.79,35345563519
2024-04-27T13:00:00Z,25531.03,35360497615
2024-04-27T14:00:00Z,25741.81,36498472698
2024-04-27T15:00:00Z,25818.06,33638281081
2024-04-27T16:00:00Z,25615.77,34407877309
2024-04-27T17:00:00Z,25434.54,34066705364
2024-04-27T18:00:00Z,25553.13,35889976128
2024-04-27T19:00:00Z,25483.77,36413336481
2024-04-27T20:00:00Z,25708.74,36402658136
2024-04-27T21:00:00Z,25709.57,34928644489
2024-04-27T22:00:00Z,25849.72,36451482320
2024-04-27T23:00:00Z,25874.42,34450738651
2024-04-28T00:00:00Z,25651.34,35576848586
2024-04-28T01:00:00Z,25854.17,35485830703
2024-04-28T02:00:00Z,25891.74,35095070623
2024-04-28T03:00:00Z,26062.66,34068197112
2024-04-28T04:00:00Z,26155.96,34655005817
2024-04-28T05:00:00Z,26140.68,33487366194
2024-04-28T06:00:00Z,25897.48,35174888183
2024-04-28T07:00:00Z,25818.88,36408662405
2024-04-28T08:00:00Z,25940.04,34942991066
2024-04-28T09:00:00Z,25964.07,33979820255
2024-04-28T10:00:00Z,26062.45,34132306480
2024-04-28T11:00:00Z,26057.92,36086998685
2024-04-28T12:00:00Z,25945.25,35966570442
2024-04-28T13:00:00Z,25918.23,34742374245
2024-04-28T14:00:00Z,26177.1,34090791988
2024-04-28T15:00:00Z,26270.32,35397863788
2024-04-28T16:00:00Z,26246.85,33709066089
2024-04-28T17:00:00Z,26490.27,34945064365
2024-04-28T18:00:00Z,26326.08,35986856597
2024-04-28T19:00:00Z,26291.07,36604031770
2024-04-28T20:00:00Z,26293.0,33914925611
2024-04-28T21:00:00Z,26085.15,36351509176
2024-04-28T22:00:00Z,26133.16,33452337476
2024-04-28T23:00:00Z,26013.1,35425237636
2024-04-29T00:00:00Z,25861.27,34184687552
2024-04-29T01:00:00Z,25853.61,35879842959
2024-04-29T02:00:00Z,25917.15,35032114892
2024-04-29T03:00:00Z,25832.22,33369938772
2024-04-29T04:00:00Z,25821.03,34250215231
2024-04-29T05:00:00Z,25714.79,36000157342
2024-04-29T06:00:00Z,25864.46,36467804515
2024-04-29T07:00:00Z,25611.07,36290881890
2024-04-29T08:00:00Z,25496.62,33501162879
2024-04-29T09:00:00Z,25244.37,34039888060
2024-04-29T10:00:00Z,25238.68,35382369174
2024-04-29T11:00:00Z,25000.56,35747718740
2024-04-29T12:00:00Z,24892.6,34357066766
2024-04-29T13:00:00Z,25058.73,36181235300
2024-04-29T14:00:00Z,24887.61,34213721635
2024-04-29T15:00:00Z,25104.32,36007077312
2024-04-29T16:00:00Z,24856.11,33812155943
2024-04-29T17:00:00Z,25080.06,33976634446
2024-04-29T18:00:00Z,25107.53,35075949708
2024-04-29T19:00:00Z,25028.66,35137595808
2024-04-29T20:00:00Z,24849.33,34845580201
2024-04-29T21:00:00Z,24654.36,34786480490
2024-04-29T22:00:00Z,24450.98,36652559198
2024-04-29T23:00:00Z,24428.67,34517245020
2024-04-30T00:00:00Z,24522.96,35934156306
2024-04-30T01:00:00Z,24339.72,36004931477
2024-04-30T02:00:00Z,24405.98,34012748300
2024-04-30T03:00:00Z,24645.5,36579036979
2024-04-30T04:00:00Z,24510.85,35360177810
2024-04-30T05:00:00Z,24458.61,36534058851
2024-04-30T06:00:00Z,24361.97,33555880535
2024-04-30T07:00:00Z,24346.65,34544212488
2024-04-30T08:00:00Z,24315.63,34879503002
2024-04-30T09:00:00Z,24240.82,34363492530
2024-04-30T10:00:00Z,24025.61,35334455746
2024-04-30T11:00:00Z,23855.54,34927506448
2024-04-30T12:00:00Z,23915.86,34364220217
2024-04-30T13:00:00Z,24043.17,35671070248
2024-04-30T14:00:00Z,24229.91,34818077531
2024-04-30T15:00:00Z,24247.5,35510359884
2024-04-30T16:00:00Z,24106.51,35519315954
2024-04-30T17:00:00Z,24265.97,36492552215
2024-04-30T18:00:00Z,24025.96,36567387608
2024-04-30T19:00:00Z,24045.98,34898895800
2024-04-30T20:00:00Z,23993.41,36746838300
2024-04-30T21:00:00Z,23781.73,36085416402
2024-04-30T22:00:00Z,23603.02,36492859058
2024-04-30T23:00:00Z,23613.88,35762367921
2024-05-01T00:00:00Z,23489.53,34040021149
2024-05-01T01:00:00Z,23626.65,36411677257
2024-05-01T02:00:00Z,23518.77,34962019481
2024-05-01T03:00:00Z,23442.5,35924264446
2024-05-01T04:00:00Z,23260.04,34053345774
2024-05-01T05:00:00Z,23027.46,33258807371
2024-05-01T06:00:00Z,23090.21,34020023376
2024-05-01T07:00:00Z,23119.6,36473001337
2024-05-01T08:00:00Z,23003.62,34891047095
2024-05-01T09:00:00Z,23099.03,34981178390
2024-05-01T10:00:00Z,22955.47,35160435236
2024-05-01T11:00:00Z,22971.72,34018956696
2024-05-01T12:00:00Z,23106.33,34137240967
2024-05-01T13:00:00Z,23120.18,36076086185
2024-05-01T14:00:00Z,22960.05,36562383780
2024-05-01T15:00:00Z,22736.45,33814535954
2024-05-01T16:00:00Z,22959.85,36386558302
2024-05-01T17:00:00Z,23046.92,33546389364
2024-05-01T18:00:00Z,22884.54,36635295811
2024-05-01T19:00:00Z,22659.66,34967534160
2024-05-01T20:00:00Z,22463.05,35777328284
2024-05-01T21:00:00Z,22573.99,33840652588
2024-05-01T22:00:00Z,22665.04,33251580611
2024-05-01T23:00:00Z,22598.94,35245502720
2024-05-02T00:00:00Z,22721.76,33710919070
2024-05-02T01:00:00Z,22922.94,35071961113
2024-05-02T02:00:00Z,22937.28,34144168645
2024-05-02T03:00:00Z,23075.21,36643102641
2024-05-02T04:00:00Z,23068.16,33669569336
2024-05-02T05:00:00Z,23098.15,34697028705
2024-05-02T06:00:00Z,23076.39,35445103044
2024-05-02T07:00:00Z,23187.24,35740025488
2024-05-02T08:00:00Z,23064.08,35146350133
2024-05-02T09:00:00Z,23151.01,33395721197
2024-05-02T10:00:00Z,22985.96,33530024938
2024-05-02T11:00:00Z,22989.29,35623821610
2024-05-02T12:00:00Z,22900.04,34388549932
2024-05-02T13:00:00Z,23103.47,36072903141
2024-05-02T14:00:00Z,22894.91,36546631109
2024-05-02T15:00:00Z,23099.84,35103782663
2024-05-02T16:00:00Z,23322.43,33940467464
2024-05-02T17:00:00Z,23477.27,34714293630
2024-05-02T18:00:00Z,23659.02,35901531853
2024-05-02T19:00:00Z,23828.05,33337151859
2024-05-02T20:00:00Z,23679.69,35910361709
2024-05-02T21:00:00Z,23590.61,35174836186
2024-05-02T22:00:00Z,23505.67,36322565827
2024-05-02T23:00:00Z,23293.55,33562001384
2024-05-03T00:00:00Z,23334.17,36027186334
2024-05-03T01:00:00Z,23223.51,36293742911
2024-05-03T02:00:00Z,23045.68,33952676519
2024-05-03T03:00:00Z,22854.3,33647829407
2024-05-03T04:00:00Z,22906.07,34094917643
2024-05-03T05:00:00Z,22808.22,34417472310
2024-05-03T06:00:00Z,22946.31,33729137012
2024-05-03T07:00:00Z,22877.48,34356909468
2024-05-03T08:00:00Z,23009.37,35528149841
2024-05-03T09:00:00Z,22982.46,36711863063
2024-05-03T10:00:00Z,23105.38,35167892863
2024-05-03T11:00:00Z,23305.25,33999459924
2024-05-03T12:00:00Z,23095.97,35718976687
2024-05-03T13:00:00Z,23295.32,33813247952
2024-05-03T14:00:00Z,23505.35,33326027123
2024-05-03T15:00:00Z,23487.32,36221663871
2024-05-03T16:00:00Z,23460.82,33480466146
2024-05-03T17:00:00Z,23262.75,34924004410
2024-05-03T18:00:00Z,23455.12,34787510445
2024-05-03T19:00:00Z,23386.18,35229871875
2024-05-03T20:00:00Z,23368.17,33465832496
2024-05-03T21:00:00Z,23434.57,35195636948
2024-05-03T22:00:00Z,23524.19,35142382545
2024-05-03T23:00:00Z,23433.0,34718947307
2024-05-04T00:00:00Z,23561.11,36634676664
2024-05-04T01:00:00Z,23638.99,34827680601
2024-05-04T02:00:00Z,23585.01,36385993482
2024-05-04T03:00:00Z,23606.06,35896901659
2024-05-04T04:00:00Z,23507.12,34211911607
2024-05-04T05:00:00Z,23685.55,34538766669
2024-05-04T06:00:00Z,23586.09,35966978534
2024-05-04T07:00:00Z,23700.61,35125155417
2024-05-04T08:00:00Z,23826.04,35613238922
2024-05-04T09:00:00Z,23894.82,36561545398
2024-05-04T10:00:00Z,24009.5,35156069683
2024-05-04T11:00:00Z,24242.58,34687095872
2024-05-04T12:00:00Z,24232.69,34149155135
2024-05-04T13:00:00Z,24106.8,33898706797
2024-05-04T14:00:00Z,23905.96,33921857332
2024-05-04T15:00:00Z,24101.48,35627074551
2024-05-04T16:00:00Z,24076.68,33281340761
2024-05-04T17:00:00Z,24125.64,35092989671
2024-05-04T18:00:00Z,24268.68,35884603489
2024-05-04T19:00:00Z,24344.68,33854171214
2024-05-04T20:00:00Z,24243.63,34679622256
2024-05-04T21:00:00Z,24294.93,35115566535
2024-05-04T22:00:00Z,24187.99,36206004733
2024-05-04T23:00:00Z,24263.26,34429515046
2024-05-05T00:00:00Z,24201.74,34312632638
2024-05-05T01:00:00Z,24071.39,35111835526
2024-05-05T02:00:00Z,23925.25,35965372960
2024-05-05T03:00:00Z,24157.78,34686227326
2024-05-05T04:00:00Z,24205.95,34378521843
2024-05-05T05:00:00Z,24072.95,33849644603
2024-05-05T06:00:00Z,24142.21,35585546631
2024-05-05T07:00:00Z,24333.18,35649214323
2024-05-05T08:00:00Z,24303.35,36560653009
2024-05-05T09:00:00Z,24085.67,34517302681
2024-05-05T10:00:00Z,24063.82,33270900607
2024-05-05T11:00:00Z,24215.88,36039332096
2024-05-05T12:00:00Z,24376.11,33594210098
2024-05-05T13:00:00Z,24156.9,34471056124
2024-05-05T14:00:00Z,23992.33,34289443660
2024-05-05T15:00:00Z,24158.19,33452922568
2024-05-05T16:00:00Z,24032.28,34297066606
2024-05-05T17:00:00Z,23928.17,35473284414
2024-05-05T18:00:00Z,24002.88,36188036210
2024-05-05T19:00:00Z,23979.68,35208164685
2024-05-05T20:00:00Z,24168.35,34957743819
2024-05-05T21:00:00Z,24183.31,34144191835
2024-05-05T22:00:00Z,24207.7,36139092251
2024-05-05T23:00:00Z,24278.15,34948124967
2024-05-06T00:00:00Z,24071.45,34326188343
2024-05-06T01:00:00Z,24193.12,36253070969
2024-05-06T02:00:00Z,23969.18,33879147582
2024-05-06T03:00:00Z,23751.03,34730232255
2024-05-06T04:00:00Z,23985.34,33327625023
2024-05-06T05:00:00Z,24153.14,36517777719
2024-05-06T06:00:00Z,24011.18,35837866725
2024-05-06T07:00:00Z,23993.23,35683880152
2024-05-06T08:00:00Z,24090.57,33258990896
2024-05-06T09:00:00Z,23896.13,35772058721
2024-05-06T10:00:00Z,23732.57,35409460143
2024-05-06T11:00:00Z,23600.04,35555575478
2024-05-06T12:00:00Z,23447.28,36435472275
2024-05-06T13:00:00Z,23634.49,34999924494
2024-05-06T14:00:00Z,23422.34,33489920116
2024-05-06T15:00:00Z,23588.55,36357943050
2024-05-06T16:00:00Z,23429.37,35026417689
2024-05-06T17:00:00Z,23555.29,33506358026
2024-05-06T18:00:00Z,23693.39,34782484303
2024-05-06T19:00:00Z,23901.99,36150570582
2024-05-06T20:00:00Z,24059.0,35562914691
2024-05-06T21:00:00Z,24141.52,35229599335
2024-05-06T22:00:00Z,24201.73,35627191020
2024-05-06T23:00:00Z,24148.9,35376790450
2024-05-07T00:00:00Z,23966.61,36470033166
2024-05-07T01:00:00Z,23949.36,36016521266
2024-05-07T02:00:00Z,24090.89,34961675773
2024-05-07T03:00:00Z,24288.39,35440680190
2024-05-07T04:00:00Z,24377.79,36528545203
2024-05-07T05:00:00Z,24476.72,36577629468
2024-05-07T06:00:00Z,24698.65,33277578338
2024-05-07T07:00:00Z,24451.77,33282888963
2024-05-07T08:00:00Z,24679.68,34123067067
2024-05-07T09:00:00Z,24893.19,35619992068
2024-05-07T10:00:00Z,25106.84,34501000320
2024-05-07T11:00:00Z,25310.39,36013729794
2024-05-07T12:00:00Z,25548.14,34573624280
2024-05-07T13:00:00Z,25366.46,33440917085
2024-05-07T14:00:00Z,25540.24,33579206314
2024-05-07T15:00:00Z,25550.36,36405978963
2024-05-07T16:00:00Z,25677.77,33543034106
2024-05-07T17:00:00Z,25480.07,35047968355
2024-05-07T18:00:00Z,25671.33,36465638542
2024-05-07T19:00:00Z,25512.02,33484885231
2024-05-07T20:00:00Z,25483.14,34067066364
2024-05-07T21:00:00Z,25261.11,34067746009
2024-05-07T22:00:00Z,25065.01,33660517417
2024-05-07T23:00:00Z,25146.6,36632500523
2024-05-08T00:00:00Z,25333.42,34455621224
2024-05-08T01:00:00Z,25436.57,36490228959
2024-05-08T02:00:00Z,25287.79,33579040801
2024-05-08T03:00:00Z,25460.13,35005190574
2024-05-08T04:00:00Z,25330.35,34173434032
2024-05-08T05:00:00Z,25502.64,35611814166
2024-05-08T06:00:00Z,25558.41,36205865635
2024-05-08T07:00:00Z,25652.48,33283526760
2024-05-08T08:00:00Z,25517.12,34939652933
2024-05-08T09:00:00Z,25406.31,35532870754
2024-05-08T10:00:00Z,25299.46,33659228724
2024-05-08T11:00:00Z,25379.4,33691884222
2024-05-08T12:00:00Z,25201.81,33771912269
2024-05-08T13:00:00Z,25426.17,34359010927
2024-05-08T14:00:00Z,25438.77,36279667231
2024-05-08T15:00:00Z,25429.58,33715804174
2024-05-08T16:00:00Z,25532.92,36117244669
2024-05-08T17:00:00Z,25458.98,35374094660
2024-05-08T18:00:00Z,25573.79,36527627634
2024-05-08T19:00:00Z,25777.35,35883016109
2024-05-08T20:00:00Z,25656.58,36423115359
2024-05-08T21:00:00Z,25432.52,33633096303
2024-05-08T22:00:00Z,25613.76,34852360522
2024-05-08T23:00:00Z,25381.77,36720508082
2024-05-09T00:00:00Z,25160.9,36339380062
2024-05-09T01:00:00Z,25287.09,34685251351
2024-05-09T02:00:00Z,25479.3,34184601427
2024-05-09T03:00:00Z,25728.98,35183745022
2024-05-09T04:00:00Z,25732.73,33489547732
2024-05-09T05:00:00Z,25582.86,36613414678
2024-05-09T06:00:00Z,25735.51,34034485192
2024-05-09T07:00:00Z,25612.02,35946627467
2024-05-09T08:00:00Z,25697.11,36373322079
2024-05-09T09:00:00Z,25519.0,35697280382
2024-05-09T10:00:00Z,25422.03,35445249004
2024-05-09T11:00:00Z,25347.31,35707066813
2024-05-09T12:00:00Z,25229.77,36347297744
2024-05-09T13:00:00Z,25197.24,33638461748
2024-05-09T14:00:00Z,25277.22,35742305473
2024-05-09T15:00:00Z,25147.04,35310471973
2024-05-09T16:00:00Z,25361.25,34851945289
2024-05-09T17:00:00Z,25374.71,36691536140
2024-05-09T18:00:00Z,25350.99,35621681353
2024-05-09T19:00:00Z,25128.06,35718797960
2024-05-09T20:00:00Z,25122.45,33889777731
2024-05-09T21:00:00Z,25113.83,33530657529
2024-05-09T22:00:00Z,25306.6,35461699677
2024-05-09T23:00:00Z,25305.38,34769346374
2024-05-10T00:00:00Z,25472.18,34091259743
2024-05-10T01:00:00Z,25441.4,35549489419
2024-05-10T02:00:00Z,25431.29,34349044496
2024-05-10T03:00:00Z,25469.06,33617704217
2024-05-10T04:00:00Z,25231.33,34927727505
2024-05-10T05:00:00Z,25062.85,36052201930
2024-05-10T06:00:00Z,25028.66,36199239036
2024-05-10T07:00:00Z,25106.22,36125353462
2024-05-10T08:00:00Z,25225.78,36735936568
2024-05-10T09:00:00Z,25468.92,33634797783
2024-05-10T10:00:00Z,25240.06,35017314838
2024-05-10T11:00:00Z,25111.73,34318303117
2024-05-10T12:00:00Z,25099.68,35028777297
2024-05-10T13:00:00Z,24874.89,33701502679
2024-05-10T14:00:00Z,25120.68,36185923722
2024-05-10T15:00:00Z,25297.0,34657832261
2024-05-10T16:00:00Z,25259.03,34591672830
2024-05-10T17:00:00Z,25011.12,34866168704
2024-05-10T18:00:00Z,24882.37,33370026850
2024-05-10T19:00:00Z,24759.04,34833112251
2024-05-10T20:00:00Z,24835.55,34957275511
2024-05-10T21:00:00Z,24922.09,34196546261
2024-05-10T22:00:00Z,24876.64,34814633306
2024-05-10T23:00:00Z,24775.67,33897279308
2024-05-11T00:00:00Z,24604.92,35593656534
2024-05-11T01:00:00Z,24724.42,35504698965
2024-05-11T02:00:00Z,24658.18,35173627886
2024-05-11T03:00:00Z,24468.92,34443708698
2024-05-11T04:00:00Z,24577.42,35307643647
2024-05-11T05:00:00Z,24821.28,35537580613
2024-05-11T06:00:00Z,24894.81,34971704725
2024-05-11T07:00:00Z,24848.15,33770540935
2024-05-11T08:00:00Z,24705.13,33272486537
2024-05-11T09:00:00Z,24821.84,33299000975
2024-05-11T10:00:00Z,24741.92,35503717532
2024-05-11T11:00:00Z,24917.99,35639978849
2024-05-11T12:00:00Z,24802.32,33895780326
2024-05-11T13:00:00Z,24593.46,35572222269
2024-05-11T14:00:00Z,24517.03,35830176302
2024-05-11T15:00:00Z,24740.44,35945899257
2024-05-11T16:00:00Z,24698.2,34037903681
2024-05-11T17:00:00Z,24943.4,34085454538
2024-05-11T18:00:00Z,25067.24,34910084720
2024-05-11T19:00:00Z,24961.5,34923711938
2024-05-11T20:00:00Z,25034.34,36048575745
2024-05-11T21:00:00Z,25013.88,33425385993
2024-05-11T22:00:00Z,25162.21,36299603367
2024-05-11T23:00:00Z,25255.24,35346968464
2024-05-12T00:00:00Z,25182.96,35987808746
2024-05-12T01:00:00Z,25307.03,34397574256
2024-05-12T02:00:00Z,25173.96,35442642066
2024-05-12T03:00:00Z,25323.58,36595867322
2024-05-12T04:00:00Z,25375.27,33301515090
2024-05-12T05:00:00Z,25251.53,36095556750
2024-05-12T06:00:00Z,25157.66,34410290235
2024-05-12T07:00:00Z,25049.97,33579877177
2024-05-12T08:00:00Z,25187.05,33879572789
2024-05-12T09:00:00Z,25180.14,34393085140
2024-05-12T10:00:00Z,24996.28,35531750258
2024-05-12T11:00:00Z,25046.85,34313313460
2024-05-12T12:00:00Z,25282.28,34263619416
2024-05-12T13:00:00Z,25491.55,34482745275
2024-05-12T14:00:00Z,25731.9,34383765438
2024-05-12T15:00:00Z,25896.89,33682485893
2024-05-12T16:00:00Z,25717.16,35433576218
2024-05-12T17:00:00Z,25953.62,34917417412
2024-05-12T18:00:00Z,25876.13,35621055533
2024-05-12T19:00:00Z,25930.71,33962197540
2024-05-12T20:00:00Z,25905.79,35011713843
2024-05-12T21:00:00Z,25906.52,34291113086
2024-05-12T22:00:00Z,25919.42,36252316308
2024-05-12T23:00:00Z,25851.76,35865528289
2024-05-13T00:00:00Z,25639.78,36208872992
2024-05-13T01:00:00Z,25437.83,36334638298
2024-05-13T02:00:00Z,25491.5,36277536997
2024-05-13T03:00:00Z,25517.8,36083313646
2024-05-13T04:00:00Z,25485.73,36373795668
2024-05-13T05:00:00Z,25328.95,34454414141
2024-05-13T06:00:00Z,25400.53,36295354330
2024-05-13T07:00:00Z,25226.9,36701402712
2024-05-13T08:00:00Z,25405.3,36288781267
2024-05-13T09:00:00Z,25306.92,33991910425
2024-05-13T10:00:00Z,25207.87,35735478496
2024-05-13T11:00:00Z,25069.07,36486985954
2024-05-13T12:00:00Z,24925.86,34958949350
2024-05-13T13:00:00Z,24944.79,35171089102
2024-05-13T14:00:00Z,24942.91,36554395411
2024-05-13T15:00:00Z,24952.66,35710465376
2024-05-13T16:00:00Z,24706.66,35725097930
2024-05-13T17:00:00Z,24655.89,34650700514
2024-05-13T18:00:00Z,24644.8,35973942821
2024-05-13T19:00:00Z,24481.0,35896408416
2024-05-13T20:00:00Z,24274.94,33755810226
2024-05-13T21:00:00Z,24300.91,36649176248
2024-05-13T22:00:00Z,24324.68,35430741440
2024-05-13T23:00:00Z,24115.33,34918756134
2024-05-14T00:00:00Z,24193.44,34381195245
2024-05-14T01:00:00Z,24084.87,36453384909
2024-05-14T02:00:00Z,24043.65,35069195973
2024-05-14T03:00:00Z,23832.48,34772599386
2024-05-14T04:00:00Z,23841.86,34574280046
2024-05-14T05:00:00Z,23758.16,33373239673
2024-05-14T06:00:00Z,23531.41,35812634820
2024-05-14T07:00:00Z,23707.36,34066607638
2024-05-14T08:00:00Z,23630.66,34096068861
2024-05-14T09:00:00Z,23688.77,35712873356
2024-05-14T10:00:00Z,23747.91,33902157014
2024-05-14T11:00:00Z,23725.08,33564891155
2024-05-14T12:00:00Z,23505.1,35406093274
2024-05-14T13:00:00Z,23566.83,35063983646
2024-05-14T14:00:00Z,23471.75,34893235179
2024-05-14T15:00:00Z,23481.06,36254444811
2024-05-14T16:00:00Z,23622.56,36672469006
2024-05-14T17:00:00Z,23847.26,35731918771
2024-05-14T18:00:00Z,23793.54,35999335277
2024-05-14T19:00:00Z,23848.18,36600543514
2024-05-14T20:00:00Z,23734.9,34742352797
2024-05-14T21:00:00Z,23731.86,36414059948
2024-05-14T22:00:00Z,23502.95,36468305568
2024-05-14T23:00:00Z,23648.82,33580595269
2024-05-15T00:00:00Z,23614.35,36692325662
2024-05-15T01:00:00Z,23779.61,35917980713
2024-05-15T02:00:00Z,23780.42,35009056675
2024-05-15T03:00:00Z,23998.09,34628391358
2024-05-15T04:00:00Z,23904.5,33793252665
2024-05-15T05:00:00Z,23725.53,36700690445
2024-05-15T06:00:00Z,23755.73,34950653597
2024-05-15T07:00:00Z,23612.58,33738337925
2024-05-15T08:00:00Z,23579.2,34449194772
2024-05-15T09:00:00Z,23591.62,35112474828
2024-05-15T10:00:00Z,23563.52,36051647976
2024-05-15T11:00:00Z,23446.24,35239740384
2024-05-15T12:00:00Z,23578.23,33273522268
2024-05-15T13:00:00Z,23432.08,35045220000
2024-05-15T14:00:00Z,23219.02,34196619326
2024-05-15T15:00:00Z,23400.59,33279900041
2024-05-15T16:00:00Z,23622.44,36427236026
2024-05-15T17:00:00Z,23761.08,33578769872
2024-05-15T18:00:00Z,23662.74,36521793657
2024-05-15T19:00:00Z,23661.51,35155974802
2024-05-15T20:00:00Z,23589.78,34891259611
2024-05-15T21:00:00Z,23795.85,34219875748
2024-05-15T22:00:00Z,23680.77,36441330279
2024-05-15T23:00:00Z,23607.7,35053640366
2024-05-16T00:00:00Z,23511.1,34452783329
2024-05-16T01:00:00Z,23529.26,34641080086
2024-05-16T02:00:00Z,23339.95,35075256126
2024-05-16T03:00:00Z,23347.18,33436036016
2024-05-16T04:00:00Z,23239.43,34936219406
2024-05-16T05:00:00Z,23371.34,34457286996
2024-05-16T06:00:00Z,23236.62,34252188770
2024-05-16T07:00:00Z,23351.4,34695191878
2024-05-16T08:00:00Z,23257.24,34223544973
2024-05-16T09:00:00Z,23053.33,36722765027
2024-05-16T10:00:00Z,23004.83,36482416213
2024-05-16T11:00:00Z,22886.68,33287446227
2024-05-16T12:00:00Z,22832.84,35392936524
2024-05-16T13:00:00Z,22881.8,36583202252
2024-05-16T14:00:00Z,22790.35,33583556353
2024-05-16T15:00:00Z,22823.35,35678792960
2024-05-16T16:00:00Z,22622.33,35913186317
2024-05-16T17:00:00Z,22667.74,34265234494
2024-05-16T18:00:00Z,22808.01,35736639701
2024-05-16T19:00:00Z,22923.5,36397784655
2024-05-16T20:00:00Z,22951.21,35107070221
2024-05-16T21:00:00Z,22999.88,35254679833
2024-05-16T22:00:00Z,22854.27,36225550684
2024-05-16T23:00:00Z,22690.43,36057057199
2024-05-17T00:00:00Z,22584.98,36356221665
2024-05-17T01:00:00Z,22657.27,33395593553
2024-05-17T02:00:00Z,22512.71,36292929351
2024-05-17T03:00:00Z,22561.62,35828149958
2024-05-17T04:00:00Z,22509.95,35167080015
2024-05-17T05:00:00Z,22488.55,36374344245
2024-05-17T06:00:00Z,22565.29,36089020052
2024-05-17T07:00:00Z,22530.09,33960649858
2024-05-17T08:00:00Z,22661.98,35934973802
2024-05-17T09:00:00Z,22821.54,33395661233
2024-05-17T10:00:00Z,22841.74,35874387244
2024-05-17T11:00:00Z,22638.53,33900974358
2024-05-17T12:00:00Z,22667.63,36543154335
2024-05-17T13:00:00Z,22555.64,35914306089
2024-05-17T14:00:00Z,22699.93,34882687668
2024-05-17T15:00:00Z,22707.07,36140424171
2024-05-17T16:00:00Z,22608.09,35583829704
2024-05-17T17:00:00Z,22522.5,33618870514
2024-05-17T18:00:00Z,22542.36,34377937406
2024-05-17T19:00:00Z,22597.98,33689106412
2024-05-17T20:00:00Z,22748.85,36681107160
2024-05-17T21:00:00Z,22868.43,35553971798
2024-05-17T22:00:00Z,23028.78,36207378961
2024-05-17T23:00:00Z,23106.98,36238715448
2024-05-18T00:00:00Z,23108.36,35075363716
2024-05-18T01:00:00Z,23189.35,34441180169
2024-05-18T02:00:00Z,23137.88,33313372457
2024-05-18T03:00:00Z,23023.91,33500458284
2024-05-18T04:00:00Z,22862.34,34443244604
2024-05-18T05:00:00Z,22679.67,36160273823
2024-05-18T06:00:00Z,22782.47,34888785131
2024-05-18T07:00:00Z,22599.99,36325010239
2024-05-18T08:00:00Z,22646.46,35460557962
2024-05-18T09:00:00Z,22430.97,34523286982
2024-05-18T10:00:00Z,22352.63,34621880158
2024-05-18T11:00:00Z,22567.94,33892530472
2024-05-18T12:00:00Z,22412.08,33492477169
2024-05-18T13:00:00Z,22425.37,33736725257
2024-05-18T14:00:00Z,22241.75,36349122228
2024-05-18T15:00:00Z,22349.07,35764337599
2024-05-18T16:00:00Z,22529.49,35083540931
2024-05-18T17:00:00Z,22720.0,33608921307
2024-05-18T18:00:00Z,22829.0,33910568121
2024-05-18T19:00:00Z,22812.4,34378878537
2024-05-18T20:00:00Z,22657.64,34118019166
2024-05-18T21:00:00Z,22525.39,33610406921
2024-05-18T22:00:00Z,22676.72,35579132724
2024-05-18T23:00:00Z,22811.48,36270005328
2024-05-19T00:00:00Z,22969.86,34295241301
2024-05-19T01:00:00Z,23126.98,35450906538
2024-05-19T02:00:00Z,22937.98,33662729571
2024-05-19T03:00:00Z,22859.26,36351047248
2024-05-19T04:00:00Z,22910.35,33589098272
2024-05-19T05:00:00Z,23104.61,36635385911
2024-05-19T06:00:00Z,22990.17,34938449335
2024-05-19T07:00:00Z,22975.47,34516432852
2024-05-19T08:00:00Z,23184.19,35837554608
2024-05-19T09:00:00Z,23230.35,35131533920
2024-05-19T10:00:00Z,23150.3,34119297281
2024-05-19T11:00:00Z,23368.24,35621137243
2024-05-19T12:00:00Z,23548.0,33683378220
2024-05-19T13:00:00Z,23383.19,34265144455
2024-05-19T14:00:00Z,23598.45,36703629728
2024-05-19T15:00:00Z,23432.28,36034190465
2024-05-19T16:00:00Z,23237.52,35035958753
2024-05-19T17:00:00Z,23333.43,34855172081
2024-05-19T18:00:00Z,23414.06,35016704683
2024-05-19T19:00:00Z,23587.34,36352218193
2024-05-19T20:00:00Z,23566.58,34435793717
2024-05-19T21:00:00Z,23750.43,35329547781
2024-05-19T22:00:00Z,23886.56,34556479996
2024-05-19T23:00:00Z,23903.18,35647661575
2024-05-20T00:00:00Z,24007.35,35640617169
2024-05-20T01:00:00Z,24098.54,35710631883
2024-05-20T02:00:00Z,24192.32,35372080103
2024-05-20T03:00:00Z,24176.86,34309760204
2024-05-20T04:00:00Z,24186.6,33363339313
2024-05-20T05:00:00Z,24336.17,35678472897
2024-05-20T06:00:00Z,24545.18,34825955004
2024-05-20T07:00:00Z,24719.85,35765566526
2024-05-20T08:00:00Z,24637.1,35573634171
2024-05-20T09:00:00Z,24671.23,34367563807
2024-05-20T10:00:00Z,24487.15,35806450337
2024-05-20T11:00:00Z,24447.47,36084755306
2024-05-20T12:00:00Z,24218.92,35518755442
2024-05-20T13:00:00Z,24104.13,34859938097
2024-05-20T14:00:00Z,24199.84,34073633723
2024-05-20T15:00:00Z,24403.03,35847409044
2024-05-20T16:00:00Z,24167.07,33459057931
2024-05-20T17:00:00Z,24293.43,35807802969
2024-05-20T18:00:00Z,24482.85,35053157393
2024-05-20T19:00:00Z,24357.63,33759467193
2024-05-20T20:00:00Z,24161.9,33939899905
2024-05-20T21:00:00Z,24031.93,36508482996
2024-05-20T22:00:00Z,23962.61,33458133405
2024-05-20T23:00:00Z,23985.02,36361405311
2024-05-21T00:00:00Z,24086.91,36108283731
2024-05-21T01:00:00Z,23889.76,36420716137
2024-05-21T02:00:00Z,23762.02,34711245944
2024-05-21T03:00:00Z,23581.83,35999340321
2024-05-21T04:00:00Z,23552.23,34860822716
2024-05-21T05:00:00Z,23638.44,34590117622
2024-05-21T06:00:00Z,23690.52,35510363930
2024-05-21T07:00:00Z,23631.99,33371571072
2024-05-21T08:00:00Z,23544.61,33534303534
2024-05-21T09:00:00Z,23709.32,34063945555
2024-05-21T10:00:00Z,23887.17,34240286372
2024-05-21T11:00:00Z,24106.53,36197934120
2024-05-21T12:00:00Z,24158.63,35529547664
2024-05-21T13:00:00Z,23957.53,33549749610
2024-05-21T14:00:00Z,24033.43,36527112268
2024-05-21T15:00:00Z,23864.65,33536997748
2024-05-21T16:00:00Z,23635.46,34742024932
2024-05-21T17:00:00Z,23730.59,34437253613
2024-05-21T18:00:00Z,23508.24,36539472703
2024-05-21T19:00:00Z,23520.61,34025315343
2024-05-21T20:00:00Z,23687.44,35846280832
2024-05-21T21:00:00Z,23716.78,36747648032
2024-05-21T22:00:00Z,23926.57,35405673544
2024-05-21T23:00:00Z,23889.69,34797863685
2024-05-22T00:00:00Z,23656.67,33259483937
2024-05-22T01:00:00Z,23542.62,34891529803
2024-05-22T02:00:00Z,23352.88,35007868854
2024-05-22T03:00:00Z,23478.9,34337872983
2024-05-22T04:00:00Z,23619.18,34315782874
2024-05-22T05:00:00Z,23524.46,34206841229
2024-05-22T06:00:00Z,23564.99,35014447670
2024-05-22T07:00:00Z,23753.39,33290747498
2024-05-22T08:00:00Z,23517.18,35999941440
2024-05-22T09:00:00Z,23457.94,35411848422
2024-05-22T10:00:00Z,23410.93,33290857271
2024-05-22T11:00:00Z,23419.15,35779557332
2024-05-22T12:00:00Z,23334.69,33829893964
2024-05-22T13:00:00Z,23474.67,34231449668
2024-05-22T14:00:00Z,23350.44,34123296134
2024-05-22T15:00:00Z,23362.48,35238228499
2024-05-22T16:00:00Z,23508.41,35761073737
2024-05-22T17:00:00Z,23321.34,35362641017
2024-05-22T18:00:00Z,23250.1,35114128504
2024-05-22T19:00:00Z,23148.4,35170398834
2024-05-22T20:00:00Z,22975.62,35565192032
2024-05-22T21:00:00Z,22971.62,34703403076
2024-05-22T22:00:00Z,23124.59,34062154994
2024-05-22T23:00:00Z,23274.16,33819163337
2024-05-23T00:00:00Z,23288.26,33762528239
2024-05-23T01:00:00Z,23167.13,33779742461
2024-05-23T02:00:00Z,23382.55,36565104373
2024-05-23T03:00:00Z,23277.21,36548961714
2024-05-23T04:00:00Z,23237.39,35587779044
2024-05-23T05:00:00Z,23391.25,34341292052
2024-05-23T06:00:00Z,23227.35,35540337137
2024-05-23T07:00:00Z,23092.11,35482220980
2024-05-23T08:00:00Z,23151.99,35168873678
2024-05-23T09:00:00Z,23149.44,33714537503
2024-05-23T10:00:00Z,23162.76,34191105066
2024-05-23T11:00:00Z,23127.93,36459204598
2024-05-23T12:00:00Z,22929.37,35581137765
2024-05-23T13:00:00Z,22982.4,35397721691
2024-05-23T14:00:00Z,22831.99,36542133432
2024-05-23T15:00:00Z,22896.38,34099101705
2024-05-23T16:00:00Z,23120.06,33887329483
2024-05-23T17:00:00Z,23137.57,36073825153
2024-05-23T18:00:00Z,23340.76,36097798641
2024-05-23T19:00:00Z,23560.61,36094792955
2024-05-23T20:00:00Z,23494.16,36382925275
2024-05-23T21:00:00Z,23345.26,36556726534
2024-05-23T22:00:00Z,23540.39,33916455518
2024-05-23T23:00:00Z,23484.64,35124545459
2024-05-24T00:00:00Z,23695.82,36401870984
2024-05-24T01:00:00Z,23575.95,33551515167
2024-05-24T02:00:00Z,23408.49,36362170819
2024-05-24T03:00:00Z,23549.88,34482479717
2024-05-24T04:00:00Z,23549.96,35327066459
2024-05-24T05:00:00Z,23741.74,36450895793
2024-05-24T06:00:00Z,23852.43,35483068923
2024-05-24T07:00:00Z,23990.46,36468922695
2024-05-24T08:00:00Z,23931.53,33469206627
2024-05-24T09:00:00Z,23757.85,36175626558
2024-05-24T10:00:00Z,23569.54,35350548142
2024-05-24T11:00:00Z,23627.34,36099034308
2024-05-24T12:00:00Z,23750.82,34080565475
2024-05-24T13:00:00Z,23987.41,34748919377
2024-05-24T14:00:00Z,23908.51,36369134168
2024-05-24T15:00:00Z,23789.54,34940836187
2024-05-24T16:00:00Z,23706.87,36187773934
2024-05-24T17:00:00Z,23843.49,36151629442
2024-05-24T18:00:00Z,23963.35,33500398915
2024-05-24T19:00:00Z,23966.26,33756946656
2024-05-24T20:00:00Z,23930.21,35766504881
2024-05-24T21:00:00Z,23951.71,34425829903
2024-05-24T22:00:00Z,23747.0,34315595388
2024-05-24T23:00:00Z,23902.0,35476368777
2024-05-25T00:00:00Z,24043.16,35030048236
2024-05-25T01:00:00Z,24159.16,35636279938
2024-05-25T02:00:00Z,24356.16,35253957429
2024-05-25T03:00:00Z,24503.11,36080130081
2024-05-25T04:00:00Z,24350.02,34859202778
2024-05-25T05:00:00Z,24418.3,33357745391
2024-05-25T06:00:00Z,24380.46,36496176538
2024-05-25T07:00:00Z,24216.08,34118654897
2024-05-25T08:00:00Z,24273.58,36432851387
2024-05-25T09:00:00Z,24332.3,36314590229
2024-05-25T10:00:00Z,24302.94,36722497084
2024-05-25T11:00:00Z,24519.5,34106876888
2024-05-25T12:00:00Z,24394.23,33655941620
2024-05-25T13:00:00Z,24609.44,33639602696
2024-05-25T14:00:00Z,24761.68,35808962287
2024-05-25T15:00:00Z,24723.63,33999632131
2024-05-25T16:00:00Z,24717.07,34462126840
2024-05-25T17:00:00Z,24483.91,33346842631
2024-05-25T18:00:00Z,24278.15,35693052238
2024-05-25T19:00:00Z,24196.72,36060564125
2024-05-25T20:00:00Z,24276.61,34869714997
2024-05-25T21:00:00Z,24455.05,34031451275
2024-05-25T22:00:00Z,24344.43,35750974582
2024-05-25T23:00:00Z,24539.12,35384361967
2024-05-26T00:00:00Z,24668.76,33640987962
2024-05-26T01:00:00Z,24636.9,34068098385
2024-05-26T02:00:00Z,24654.92,34993265487
2024-05-26T03:00:00Z,24692.68,33960476704
2024-05-26T04:00:00Z,24572.69,34817001860
2024-05-26T05:00:00Z,24343.58,36680867623
2024-05-26T06:00:00Z,24188.21,35128073182
2024-05-26T07:00:00Z,24379.43,34615355207
2024-05-26T08:00:00Z,24209.96,33873835970
2024-05-26T09:00:00Z,24162.01,35205465628
2024-05-26T10:00:00Z,24256.91,34221998408
2024-05-26T11:00:00Z,24154.08,33572168392
2024-05-26T12:00:00Z,24332.58,33943537594
2024-05-26T13:00:00Z,24298.07,34438231753
2024-05-26T14:00:00Z,24229.93,33530534773
2024-05-26T15:00:00Z,24394.62,34789210717
2024-05-26T16:00:00Z,24329.49,36194668574
2024-05-26T17:00:00Z,24239.22,35812085359
2024-05-26T18:00:00Z,24401.08,33556783712
2024-05-26T19:00:00Z,24228.67,35148465419
2024-05-26T20:00:00Z,24277.3,36239516921
2024-05-26T21:00:00Z,24449.54,34261239606
2024-05-26T22:00:00Z,24531.58,34491190232
2024-05-26T23:00:00Z,24544.37,34323365367
2024-05-27T00:00:00Z,24493.8,33752430231
2024-05-27T01:00:00Z,24254.67,35423120216
2024-05-27T02:00:00Z,24152.11,35982289909
2024-05-27T03:00:00Z,24382.17,34649083332
2024-05-27T04:00:00Z,24296.72,35664184310
2024-05-27T05:00:00Z,24146.47,34872862141
2024-05-27T06:00:00Z,24232.75,33481764442
2024-05-27T07:00:00Z,24387.69,34243493461
2024-05-27T08:00:00Z,24246.5,33460506754
2024-05-27T09:00:00Z,24156.49,35176925696
2024-05-27T10:00:00Z,24259.96,34831117759
2024-05-27T11:00:00Z,24438.67,34113283021
2024-05-27T12:00:00Z,24451.15,36002943428
2024-05-27T13:00:00Z,24514.78,33929971061
2024-05-27T14:00:00Z,24461.1,33769501144
2024-05-27T15:00:00Z,24301.36,35549015857
2024-05-27T16:00:00Z,24481.67,36422303013
2024-05-27T17:00:00Z,24648.6,36589155983
2024-05-27T18:00:00Z,24797.88,33972280994
2024-05-27T19:00:00Z,24901.55,36209641117
2024-05-27T20:00:00Z,24831.45,35201171311
2024-05-27T21:00:00Z,24884.63,33352581422
2024-05-27T22:00:00Z,24801.27,34724461781
2024-05-27T23:00:00Z,24930.61,34076401649
2024-05-28T00:00:00Z,24995.34,35366522952
2024-05-28T01:00:00Z,25200.61,33481823818
2024-05-28T02:00:00Z,25276.43,36012107024
2024-05-28T03:00:00Z,25414.28,34318578185
2024-05-28T04:00:00Z,25301.63,34446754308
2024-05-28T05:00:00Z,25150.8,34422035839
2024-05-28T06:00:00Z,24980.5,34944191456
2024-05-28T07:00:00Z,25200.21,34974650757
2024-05-28T08:00:00Z,25411.98,36184037710
2024-05-28T09:00:00Z,25521.05,35872618275
2024-05-28T10:00:00Z,25396.55,36270982100
2024-05-28T11:00:00Z,25310.92,33760023138
2024-05-28T12:00:00Z,25363.76,34554605106
2024-05-28T13:00:00Z,25177.98,35708427340
2024-05-28T14:00:00Z,25157.87,35089178150
2024-05-28T15:00:00Z,25381.81,34468816225
2024-05-28T16:00:00Z,25493.06,33871219103
2024-05-28T17:00:00Z,25620.87,35733059291
2024-05-28T18:00:00Z,25596.09,35529160236
2024-05-28T19:00:00Z,25481.91,33638744563
2024-05-28T20:00:00Z,25372.46,36100374497
2024-05-28T21:00:00Z,25508.12,35175636996
2024-05-28T22:00:00Z,25590.85,33876615627
2024-05-28T23:00:00Z,25362.61,36748355229
2024-05-29T00:00:00Z,25180.56,33454895866
2024-05-29T01:00:00Z,25292.72,33521806733
2024-05-29T02:00:00Z,25148.54,34911409689
2024-05-29T03:00:00Z,25321.4,34950900087
2024-05-29T04:00:00Z,25552.44,33911020934
2024-05-29T05:00:00Z,25416.12,36056868975
2024-05-29T06:00:00Z,25314.01,34328301963
2024-05-29T07:00:00Z,25187.47,34100997864
2024-05-29T08:00:00Z,25091.45,33983661439
2024-05-29T09:00:00Z,25191.95,34767868985
2024-05-29T10:00:00Z,25114.08,33821916629
2024-05-29T11:00:00Z,24946.11,35549864116
2024-05-29T12:00:00Z,25047.15,33681711932
2024-05-29T13:00:00Z,25151.64,35348583009
2024-05-29T14:00:00Z,25188.33,35603729236
2024-05-29T15:00:00Z,25368.39,35831208105
2024-05-29T16:00:00Z,25145.1,34755563546
2024-05-29T17:00:00Z,25309.35,34562299058
2024-05-29T18:00:00Z,25219.46,36397625227
2024-05-29T19:00:00Z,25202.34,34871271384
2024-05-29T20:00:00Z,25076.15,36113060004
2024-05-29T21:00:00Z,24904.81,36158255231
2024-05-29T22:00:00Z,24948.27,36687524928
2024-05-29T23:00:00Z,25101.17,34210004677
2024-05-30T00:00:00Z,25215.14,36745493078
2024-05-30T01:00:00Z,25244.21,35923068972
2024-05-30T02:00:00Z,25245.65,34724725293
2024-05-30T03:00:00Z,25211.64,35902194682
2024-05-30T04:00:00Z,25344.17,35321187776
2024-05-30T05:00:00Z,25152.0,34826582811
2024-05-30T06:00:00Z,25297.36,35018791773
2024-05-30T07:00:00Z,25493.67,35637526245
2024-05-30T08:00:00Z,25290.57,34023685904
2024-05-30T09:00:00Z,25121.43,36507170838
2024-05-30T10:00:00Z,24897.69,34874250823
2024-05-30T11:00:00Z,24936.15,36676038424
2024-05-30T12:00:00Z,24833.32,36180400893
2024-05-30T13:00:00Z,24668.89,35188681774
2024-05-30T14:00:00Z,24547.29,34254092397
2024-05-30T15:00:00Z,24474.24,33556847962
2024-05-30T16:00:00Z,24246.02,36570550852
2024-05-30T17:00:00Z,24410.43,36335584937
2024-05-30T18:00:00Z,24354.24,33874748718
2024-05-30T19:00:00Z,24383.74,35356633195
2024-05-30T20:00:00Z,24376.03,36096690075
2024-05-30T21:00:00Z,24241.43,36059304105
2024-05-30T22:00:00Z,24101.93,36342105249
2024-05-30T23:00:00Z,24247.57,34170614089
2024-05-31T00:00:00Z,24418.02,35179135009
2024-05-31T01:00:00Z,24595.77,34170394613
2024-05-31T02:00:00Z,24614.56,34531717442
2024-05-31T03:00:00Z,24822.76,33310808624
2024-05-31T04:00:00Z,24786.7,34583689892
2024-05-31T05:00:00Z,24748.05,33340443989
2024-05-31T06:00:00Z,24656.95,36402141904
2024-05-31T07:00:00Z,24574.8,33376012782
2024-05-31T08:00:00Z,24684.09,35946743942
2024-05-31T09:00:00Z,24651.14,36154145857
2024-05-31T10:00:00Z,24704.64,35374887120
2024-05-31T11:00:00Z,24726.82,33614882852
2024-05-31T12:00:00Z,24671.46,34897302600
2024-05-31T13:00:00Z,24609.94,34388318999
2024-05-31T14:00:00Z,24579.53,34348987902
2024-05-31T15:00:00Z,24471.43,34906697594
2024-05-31T16:00:00Z,24620.14,34954189552
2024-05-31T17:00:00Z,24858.43,33809527835
2024-05-31T18:00:00Z,24785.33,35027240318
2024-05-31T19:00:00Z,24723.03,35892625110
2024-05-31T20:00:00Z,24621.8,35329041688
2024-05-31T21:00:00Z,24700.24,36683269200
2024-05-31T22:00:00Z,24742.78,35553866609
2024-05-31T23:00:00Z,24902.96,34298616814
2024-06-01T00:00:00Z,24858.72,36539173330
2024-06-01T01:00:00Z,24929.44,35003550504
2024-06-01T02:00:00Z,25121.22,33535357135
2024-06-01T03:00:00Z,25024.63,34969472492
2024-06-01T04:00:00Z,25112.84,35918271517
2024-06-01T05:00:00Z,24994.49,34347671419
2024-06-01T06:00:00Z,25170.35,35240347369
2024-06-01T07:00:00Z,24992.3,33803544205
2024-06-01T08:00:00Z,24752.19,33943604614
2024-06-01T09:00:00Z,24751.08,33589845060
2024-06-01T10:00:00Z,24662.89,34615125999
2024-06-01T11:00:00Z,24551.2,34178085506
2024-06-01T12:00:00Z,24393.72,34556372062
2024-06-01T13:00:00Z,24578.65,34292913713
2024-06-01T14:00:00Z,24608.05,35102863439
2024-06-01T15:00:00Z,24362.55,33881229014
2024-06-01T16:00:00Z,24394.7,33342034549
2024-06-01T17:00:00Z,24253.16,36008201785
2024-06-01T18:00:00Z,24031.96,35246118798
2024-06-01T19:00:00Z,24215.35,35483497111
2024-06-01T20:00:00Z,24451.64,33650273973
2024-06-01T21:00:00Z,24271.74,35838845025
2024-06-01T22:00:00Z,24033.08,33993252180
2024-06-01T23:00:00Z,24148.99,35075195108
2024-06-02T00:00:00Z,24191.53,36367978233
2024-06-02T01:00:00Z,24037.9,33585415016
2024-06-02T02:00:00Z,23865.31,36439465221
2024-06-02T03:00:00Z,23692.62,34312953045
2024-06-02T04:00:00Z,23564.36,36387276673
2024-06-02T05:00:00Z,23784.31,36037684669
2024-06-02T06:00:00Z,23828.21,34585652091
2024-06-02T07:00:00Z,23915.13,35867699083
2024-06-02T08:00:00Z,23766.28,36571612094
2024-06-02T09:00:00Z,23536.73,34238531476
2024-06-02T10:00:00Z,23400.86,35695129074
2024-06-02T11:00:00Z,23285.22,34759063445
2024-06-02T12:00:00Z,23314.02,35408001348
2024-06-02T13:00:00Z,23489.81,35044567484
2024-06-02T14:00:00Z,23388.56,34616282846
2024-06-02T15:00:00Z,23499.37,35208756841
2024-06-02T16:00:00Z,23677.46,36229658612
2024-06-02T17:00:00Z,23543.86,34844992196
2024-06-02T18:00:00Z,23564.48,35621585951
2024-06-02T19:00:00Z,23705.57,36641607611
2024-06-02T20:00:00Z,23841.68,36657135910
2024-06-02T21:00:00Z,23975.96,34093753801
2024-06-02T22:00:00Z,23971.77,34061502515
2024-06-02T23:00:00Z,23764.23,33548787821
2024-06-03T00:00:00Z,23721.76,33980318921
2024-06-03T01:00:00Z,23694.41,36580379582
2024-06-03T02:00:00Z,23816.32,34919159699
2024-06-03T03:00:00Z,23588.6,35935177392
2024-06-03T04:00:00Z,23821.14,35841803618
2024-06-03T05:00:00Z,23663.66,35593177688
2024-06-03T06:00:00Z,23674.25,36491032974
2024-06-03T07:00:00Z,23673.32,34777461800
2024-06-03T08:00:00Z,23724.99,34700944533
2024-06-03T09:00:00Z,23598.48,35305171517
2024-06-03T10:00:00Z,23418.17,34841065320
2024-06-03T11:00:00Z,23458.91,36312444346
2024-06-03T12:00:00Z,23533.06,33908447654
2024-06-03T13:00:00Z,23579.81,34965016365
2024-06-03T14:00:00Z,23428.57,36518488341
2024-06-03T15:00:00Z,23432.62,33769272335
2024-06-03T16:00:00Z,23581.18,34582199771
2024-06-03T17:00:00Z,23713.86,33773052714
2024-06-03T18:00:00Z,23498.89,34284166205
2024-06-03T19:00:00Z,23572.82,34988371723
2024-06-03T20:00:00Z,23339.15,33552284760
2024-06-03T21:00:00Z,23255.06,35095624822
2024-06-03T22:00:00Z,23447.91,34873239845
2024-06-03T23:00:00Z,23655.4,36193119935
2024-06-04T00:00:00Z,23869.0,34836882836
2024-06-04T01:00:00Z,23951.5,33523114819
2024-06-04T02:00:00Z,23889.68,34988344544
2024-06-04T03:00:00Z,24036.55,35844034980
2024-06-04T04:00:00Z,24182.53,35563463251
2024-06-04T05:00:00Z,24215.39,34666782744
2024-06-04T06:00:00Z,24014.3,34156988188
2024-06-04T07:00:00Z,24189.27,36081302164
2024-06-04T08:00:00Z,24142.74,34285856568
2024-06-04T09:00:00Z,24162.33,36474277678
2024-06-04T10:00:00Z,24385.22,34468267946
2024-06-04T11:00:00Z,24504.68,36154401799
2024-06-04T12:00:00Z,24429.37,35305477477
2024-06-04T13:00:00Z,24370.69,33373198078
2024-06-04T14:00:00Z,24265.25,36043745284
2024-06-04T15:00:00Z,24241.63,34325026077
2024-06-04T16:00:00Z,24222.14,34924236248
2024-06-04T17:00:00Z,24411.35,33621818531
2024-06-04T18:00:00Z,24588.17,34412997440
2024-06-04T19:00:00Z,24463.13,34776074536
2024-06-04T20:00:00Z,24403.07,35124126741
2024-06-04T21:00:00Z,24330.31,36374931346
2024-06-04T22:00:00Z,24572.46,35324330010
2024-06-04T23:00:00Z,24365.64,35843814233
2024-06-05T00:00:00Z,24394.3,35524714734
2024-06-05T01:00:00Z,24395.97,33453041401
2024-06-05T02:00:00Z,24626.08,35213958837
2024-06-05T03:00:00Z,24620.84,36381563404
2024-06-05T04:00:00Z,24854.78,33579564445
2024-06-05T05:00:00Z,24841.84,34651753176
2024-06-05T06:00:00Z,24906.04,35580554826
2024-06-05T07:00:00Z,25151.0,34622176308
2024-06-05T08:00:00Z,25257.46,36319949793
2024-06-05T09:00:00Z,25300.64,35161079906
2024-06-05T10:00:00Z,25330.09,35428468537
2024-06-05T11:00:00Z,25355.02,35854482583
2024-06-05T12:00:00Z,25593.43,33458287273
2024-06-05T13:00:00Z,25476.78,33310762025
2024-06-05T14:00:00Z,25245.25,34980616211
2024-06-05T15:00:00Z,25428.94,36370263819
2024-06-05T16:00:00Z,25588.23,34413442451
2024-06-05T17:00:00Z,25656.31,36520929001
2024-06-05T18:00:00Z,25876.39,34396326657
2024-06-05T19:00:00Z,25959.99,36042601140
2024-06-05T20:00:00Z,26101.46,36160443425
2024-06-05T21:00:00Z,25911.13,33446630143
2024-06-05T22:00:00Z,25926.05,34923233492
2024-06-05T23:00:00Z,25858.63,36489970859
2024-06-06T00:00:00Z,26072.71,36137217243
2024-06-06T01:00:00Z,26148.34,34670144399
2024-06-06T02:00:00Z,26017.27,36083873089
2024-06-06T03:00:00Z,25981.38,34371539955
2024-06-06T04:00:00Z,25777.48,34857959059
2024-06-06T05:00:00Z,26034.36,33761727638
2024-06-06T06:00:00Z,25817.52,35026304186
2024-06-06T07:00:00Z,25705.28,33973212767
2024-06-06T08:00:00Z,25821.9,34486130218
2024-06-06T09:00:00Z,25851.01,36588419226
2024-06-06T10:00:00Z,26003.05,34690768773
2024-06-06T11:00:00Z,26130.73,34938913725
2024-06-06T12:00:00Z,25982.4,36671944349
2024-06-06T13:00:00Z,26235.6,36034150456
2024-06-06T14:00:00Z,26094.68,35202261257
2024-06-06T15:00:00Z,25938.45,35326727920
2024-06-06T16:00:00Z,25681.28,36501822603
2024-06-06T17:00:00Z,25811.6,35996020304
2024-06-06T18:00:00Z,25681.69,35773585717
2024-06-06T19:00:00Z,25683.47,33903941074
2024-06-06T20:00:00Z,25434.5,33865232083
2024-06-06T21:00:00Z,25488.39,34702137195
2024-06-06T22:00:00Z,25345.08,35849722721
2024-06-06T23:00:00Z,25249.99,34602523230
2024-06-07T00:00:00Z,25423.88,33578111959
2024-06-07T01:00:00Z,25349.49,33533780106
2024-06-07T02:00:00Z,25432.3,34559521475
2024-06-07T03:00:00Z,25440.22,35488851993
2024-06-07T04:00:00Z,25367.58,33510433587
2024-06-07T05:00:00Z,25514.34,35552457886
2024-06-07T06:00:00Z,25636.53,36242693215
2024-06-07T07:00:00Z,25398.24,34441297013
2024-06-07T08:00:00Z,25600.38,34370744493
2024-06-07T09:00:00Z,25671.67,35805676470
2024-06-07T10:00:00Z,25750.1,35014777887
2024-06-07T11:00:00Z,25638.24,35667392228
2024-06-07T12:00:00Z,25778.53,33337359276
2024-06-07T13:00:00Z,25610.74,35244931628
2024-06-07T14:00:00Z,25455.57,33488713918
2024-06-07T15:00:00Z,25575.7,35913045502
2024-06-07T16:00:00Z,25366.75,35678693439
2024-06-07T17:00:00Z,25331.66,35708300826
2024-06-07T18:00:00Z,25350.73,36327536278
2024-06-07T19:00:00Z,25500.34,33969859839
2024-06-07T20:00:00Z,25405.91,35111845031
2024-06-07T21:00:00Z,25268.57,35184834538
2024-06-07T22:00:00Z,25351.74,34336459477
2024-06-07T23:00:00Z,25201.4,36375042315
2024-06-08T00:00:00Z,25337.18,34360509234
2024-06-08T01:00:00Z,25556.94,35993368884
2024-06-08T02:00:00Z,25711.17,36008070432
2024-06-08T03:00:00Z,25659.03,35209381569
2024-06-08T04:00:00Z,25506.62,33544362527
2024-06-08T05:00:00Z,25486.38,35419155702
2024-06-08T06:00:00Z,25610.76,33854600217
2024-06-08T07:00:00Z,25390.36,35856034354
2024-06-08T08:00:00Z,25449.21,35692652333
2024-06-08T09:00:00Z,25351.05,33852319087
2024-06-08T10:00:00Z,25338.53,35459674569
2024-06-08T11:00:00Z,25281.14,34128539043
2024-06-08T12:00:00Z,25471.85,33832535409
2024-06-08T13:00:00Z,25220.56,36018984991
2024-06-08T14:00:00Z,25432.65,34314233685
2024-06-08T15:00:00Z,25453.42,34728361471
2024-06-08T16:00:00Z,25638.37,36112565020
2024-06-08T17:00:00Z,25516.61,36697114492
2024-06-08T18:00:00Z,25620.95,36172122890
2024-06-08T19:00:00Z,25713.07,35022691415
2024-06-08T20:00:00Z,25681.16,35789536621
2024-06-08T21:00:00Z,25490.89,35844368974
2024-06-08T22:00:00Z,25722.47,35070104825
2024-06-08T23:00:00Z,25608.26,35711079525
2024-06-09T00:00:00Z,25722.49,36019125442
2024-06-09T01:00:00Z,25952.95,34831046175
2024-06-09T02:00:00Z,26161.43,36321197696
2024-06-09T03:00:00Z,26169.74,33610840677
2024-06-09T04:00:00Z,26229.1,34670104092
2024-06-09T05:00:00Z,26429.33,36004080749
2024-06-09T06:00:00Z,26661.52,34007502761
2024-06-09T07:00:00Z,26883.62,36705697889
2024-06-09T08:00:00Z,26770.71,33800220420
2024-06-09T09:00:00Z,26739.53,33629367353
2024-06-09T10:00:00Z,26860.02,34247180504
2024-06-09T11:00:00Z,26905.92,35793851560
2024-06-09T12:00:00Z,26637.61,33946210730
2024-06-09T13:00:00Z,26642.47,35514783115
2024-06-09T14:00:00Z,26747.73,33841475623
2024-06-09T15:00:00Z,26525.53,34172457517
2024-06-09T16:00:00Z,26569.62,34061326633
2024-06-09T17:00:00Z,26726.42,35336938786
2024-06-09T18:00:00Z,26573.68,34974213798
2024-06-09T19:00:00Z,26383.27,35664907517
2024-06-09T20:00:00Z,26638.44,33467884804
2024-06-09T21:00:00Z,26791.54,36240247129
2024-06-09T22:00:00Z,26780.88,36545365495
2024-06-09T23:00:00Z,27008.53,36016262507
2024-06-10T00:00:00Z,26969.92,33623933668
2024-06-10T01:00:00Z,26703.61,34906849344
2024-06-10T02:00:00Z,26472.16,36541916574
2024-06-10T03:00:00Z,26208.95,36514503933
2024-06-10T04:00:00Z,26235.04,36687366898
2024-06-10T05:00:00Z,26045.83,35320470350
2024-06-10T06:00:00Z,26055.45,34203065555
2024-06-10T07:00:00Z,25968.79,35728303591
2024-06-10T08:00:00Z,25785.71,34061107507
2024-06-10T09:00:00Z,25642.13,35073804972
2024-06-10T10:00:00Z,25821.27,36354111962
2024-06-10T11:00:00Z,25835.06,35727494945
2024-06-10T12:00:00Z,25991.08,33998376542
2024-06-10T13:00:00Z,26250.96,35103627240
2024-06-10T14:00:00Z,26176.86,35517197936
2024-06-10T15:00:00Z,25959.72,36574549449
2024-06-10T16:00:00Z,26052.25,35025940003
2024-06-10T17:00:00Z,26083.04,33509299946
2024-06-10T18:00:00Z,26193.0,34541301064
2024-06-10T19:00:00Z,26147.48,35985817777
2024-06-10T20:00:00Z,26376.43,34881107514
2024-06-10T21:00:00Z,26277.4,34514014540
2024-06-10T22:00:00Z,26323.86,36237537039
2024-06-10T23:00:00Z,26534.11,36644202223
2024-06-11T00:00:00Z,26637.5,33382287164
2024-06-11T01:00:00Z,26675.82,36697783481
2024-06-11T02:00:00Z,26808.39,33733052831
2024-06-11T03:00:00Z,26659.7,34674746620
2024-06-11T04:00:00Z,26914.26,33880799649
2024-06-11T05:00:00Z,26910.16,35460624576
2024-06-11T06:00:00Z,26647.25,33937068850
2024-06-11T07:00:00Z,26621.01,36045066020
2024-06-11T08:00:00Z,26522.51,36583165562
2024-06-11T09:00:00Z,26758.37,36202748788
2024-06-11T10:00:00Z,26614.92,33771704270
2024-06-11T11:00:00Z,26393.2,33980801778
2024-06-11T12:00:00Z,26638.9,34696322655
2024-06-11T13:00:00Z,26733.75,34744904827
2024-06-11T14:00:00Z,26585.0,35909541739
2024-06-11T15:00:00Z,26428.45,34191125619
2024-06-11T16:00:00Z,26629.0,33916990811
2024-06-11T17:00:00Z,26884.03,34172339766
2024-06-11T18:00:00Z,26924.99,34470116922
2024-06-11T19:00:00Z,27061.18,34710610030
2024-06-11T20:00:00Z,26896.49,33914845731
2024-06-11T21:00:00Z,26649.25,36391325247
2024-06-11T22:00:00Z,26735.76,33582328493
2024-06-11T23:00:00Z,26656.13,34140973148
2024-06-12T00:00:00Z,26538.03,34701768570
2024-06-12T01:00:00Z,26661.81,33261200661
2024-06-12T02:00:00Z,26542.93,33744754002
2024-06-12T03:00:00Z,26340.54,35996960396
2024-06-12T04:00:00Z,26182.04,36319207293
2024-06-12T05:00:00Z,26325.05,35942283895
2024-06-12T06:00:00Z,26134.15,36389368294
2024-06-12T07:00:00Z,26361.41,36682147786
2024-06-12T08:00:00Z,26174.08,33908522663
2024-06-12T09:00:00Z,26274.77,36542074739
2024-06-12T10:00:00Z,26133.51,33313215684
2024-06-12T11:00:00Z,25968.19,36058162451
2024-06-12T12:00:00Z,25856.62,35197929334
2024-06-12T13:00:00Z,26007.86,33840003427
2024-06-12T14:00:00Z,26011.41,36666409463
2024-06-12T15:00:00Z,25874.08,34191452364
2024-06-12T16:00:00Z,26098.73,34988104115
2024-06-12T17:00:00Z,26098.79,33371242074
2024-06-12T18:00:00Z,26270.58,35346068308
2024-06-12T19:00:00Z,26176.35,34261754910
2024-06-12T20:00:00Z,26272.68,35593384840
2024-06-12T21:00:00Z,26465.77,36486692384
2024-06-12T22:00:00Z,26461.73,36419810617
2024-06-12T23:00:00Z,26260.69,35651049656
2024-06-13T00:00:00Z,26459.48,33447335061
2024-06-13T01:00:00Z,26701.13,36361697194
2024-06-13T02:00:00Z,26727.96,34637816562
2024-06-13T03:00:00Z,26927.9,35165411933
2024-06-13T04:00:00Z,26992.53,34425441554
2024-06-13T05:00:00Z,26925.65,34356186024
2024-06-13T06:00:00Z,26830.12,33814189435
2024-06-13T07:00:00Z,26851.39,35685970453
2024-06-13T08:00:00Z,26668.5,35202063190
2024-06-13T09:00:00Z,26674.38,35644588495
2024-06-13T10:00:00Z,26819.83,35988151188
2024-06-13T11:00:00Z,26945.33,33657963254
2024-06-13T12:00:00Z,27122.8,34331235807
2024-06-13T13:00:00Z,27361.75,33683466472
2024-06-13T14:00:00Z,27140.21,35575880073
2024-06-13T15:00:00Z,27102.81,34710564023
2024-06-13T16:00:00Z,26887.69,36733432134
2024-06-13T17:00:00Z,26746.81,36288199547
2024-06-13T18:00:00Z,26903.85,34208911616
2024-06-13T19:00:00Z,27085.16,36080426314
2024-06-13T20:00:00Z,26953.79,35845334960
2024-06-13T21:00:00Z,26736.55,36168760028
2024-06-13T22:00:00Z,26821.06,33998298065
2024-06-13T23:00:00Z,27023.31,33959228717
2024-06-14T00:00:00Z,27038.85,35014499264
2024-06-14T01:00:00Z,27298.68,35439151588
2024-06-14T02:00:00Z,27124.74,36117624971
2024-06-14T03:00:00Z,26987.33,36604770887
2024-06-14T04:00:00Z,26826.81,35067978036
2024-06-14T05:00:00Z,26843.8,34682677109
2024-06-14T06:00:00Z,26729.91,36333153300
2024-06-14T07:00:00Z,26478.23,35464685986
2024-06-14T08:00:00Z,26370.02,34270478031
2024-06-14T09:00:00Z,26178.88,35750329522
2024-06-14T10:00:00Z,26006.58,36085415338
2024-06-14T11:00:00Z,26169.58,36084935566
2024-06-14T12:00:00Z,25967.84,35837717791
2024-06-14T13:00:00Z,25877.09,33302275629
2024-06-14T14:00:00Z,25779.1,33321901629
2024-06-14T15:00:00Z,25998.73,35394920628
2024-06-14T16:00:00Z,25850.77,36689599656
2024-06-14T17:00:00Z,25600.46,36138364404
2024-06-14T18:00:00Z,25516.81,35957638882
2024-06-14T19:00:00Z,25321.67,34208459623
2024-06-14T20:00:00Z,25287.03,34707671089
2024-06-14T21:00:00Z,25184.02,34910484107
2024-06-14T22:00:00Z,25111.42,36055107607
2024-06-14T23:00:00Z,25217.78,34279058894
2024-06-15T00:00:00Z,24971.1,34840552937
2024-06-15T01:00:00Z,25098.02,34584427078
2024-06-15T02:00:00Z,25231.99,33980883688
2024-06-15T03:00:00Z,25409.88,33542785099
2024-06-15T04:00:00Z,25315.24,34105736389
2024-06-15T05:00:00Z,25140.91,35779860012
2024-06-15T06:00:00Z,25324.0,34837139935
2024-06-15T07:00:00Z,25542.83,35328910150
2024-06-15T08:00:00Z,25776.33,36553320055
2024-06-15T09:00:00Z,25825.41,36360028402
2024-06-15T10:00:00Z,25739.86,35730731455
2024-06-15T11:00:00Z,25601.79,35343738430
2024-06-15T12:00:00Z,25659.2,34165006740
2024-06-15T13:00:00Z,25725.16,36609361412
2024-06-15T14:00:00Z,25548.19,36140813219
2024-06-15T15:00:00Z,25362.93,35591523299
2024-06-15T16:00:00Z,25320.93,35462130922
2024-06-15T17:00:00Z,25285.06,34102456735
2024-06-15T18:00:00Z,25331.74,33288370898
2024-06-15T19:00:00Z,25259.9,35141403747
2024-06-15T20:00:00Z,25297.9,34711928339
2024-06-15T21:00:00Z,25215.33,35469944943
2024-06-15T22:00:00Z,25260.98,35126571098
2024-06-15T23:00:00Z,25110.68,33661121925
2024-06-16T00:00:00Z,25049.75,36395655116
2024-06-16T01:00:00Z,25051.65,36438245612
2024-06-16T02:00:00Z,24843.58,36716291949
2024-06-16T03:00:00Z,24764.21,36222938504
2024-06-16T04:00:00Z,24755.82,34409460389
2024-06-16T05:00:00Z,24765.52,34774243781
2024-06-16T06:00:00Z,24852.08,36594157739
2024-06-16T07:00:00Z,24770.94,35965537197
2024-06-16T08:00:00Z,24764.67,35114061914
2024-06-16T09:00:00Z,25001.44,35353472655
2024-06-16T10:00:00Z,25084.73,35780248575
2024-06-16T11:00:00Z,25065.56,35962123951
2024-06-16T12:00:00Z,25034.36,33607570914
2024-06-16T13:00:00Z,24972.15,34934968649
2024-06-16T14:00:00Z,25098.95,34496877511
2024-06-16T15:00:00Z,24944.91,34213375860
2024-06-16T16:00:00Z,25085.92,35736119165
2024-06-16T17:00:00Z,24860.15,33599825068
2024-06-16T18:00:00Z,24728.9,36555028308
2024-06-16T19:00:00Z,24553.36,35480857258
2024-06-16T20:00:00Z,24718.31,34862571539
2024-06-16T21:00:00Z,24672.01,34221221358
2024-06-16T22:00:00Z,24883.45,34040306733
2024-06-16T23:00:00Z,24639.24,36031029336
2024-06-17T00:00:00Z,24474.07,34480396984
2024-06-17T01:00:00Z,24246.78,35740501504
2024-06-17T02:00:00Z,24255.3,33894764907
2024-06-17T03:00:00Z,24421.29,33323186420
2024-06-17T04:00:00Z,24369.63,34901667260
2024-06-17T05:00:00Z,24406.29,35271270667
2024-06-17T06:00:00Z,24522.96,36554112550
2024-06-17T07:00:00Z,24658.02,34615482683
2024-06-17T08:00:00Z,24801.37,35508791165
2024-06-17T09:00:00Z,24595.83,34810876820
2024-06-17T10:00:00Z,24415.38,35509076153
2024-06-17T11:00:00Z,24214.97,36006529739
2024-06-17T12:00:00Z,24187.29,33791933821
2024-06-17T13:00:00Z,24027.97,36242013496
2024-06-17T14:00:00Z,24259.13,36459616459
2024-06-17T15:00:00Z,24266.48,36191502684
2024-06-17T16:00:00Z,24416.48,35447949731
2024-06-17T17:00:00Z,24506.78,36488237759
2024-06-17T18:00:00Z,24345.54,33638638754
2024-06-17T19:00:00Z,24479.89,34854565454
2024-06-17T20:00:00Z,24604.28,35304195547
2024-06-17T21:00:00Z,24525.83,35425883150
2024-06-17T22:00:00Z,24757.05,33274235804
2024-06-17T23:00:00Z,24649.04,35254412184
2024-06-18T00:00:00Z,24635.46,34182996391
2024-06-18T01:00:00Z,24840.39,33974456971
2024-06-18T02:00:00Z,25082.05,35691237635
2024-06-18T03:00:00Z,25184.54,35027224601
2024-06-18T04:00:00Z,25365.16,34032353456
2024-06-18T05:00:00Z,25337.62,33404413270
2024-06-18T06:00:00Z,25560.03,33716049924
2024-06-18T07:00:00Z,25443.71,35867251851
2024-06-18T08:00:00Z,25288.06,35267271677
2024-06-18T09:00:00Z,25077.73,36290897883
2024-06-18T10:00:00Z,25022.09,34776544707
2024-06-18T11:00:00Z,24987.89,34477994031
2024-06-18T12:00:00Z,24835.47,35289647760
2024-06-18T13:00:00Z,24640.01,35408205102
2024-06-18T14:00:00Z,24617.6,33887063842
2024-06-18T15:00:00Z,24772.0,36303709722
2024-06-18T16:00:00Z,24771.33,36282537503
2024-06-18T17:00:00Z,24882.89,35982686873
2024-06-18T18:00:00Z,25003.6,35571965635
2024-06-18T19:00:00Z,25225.78,35192601746
2024-06-18T20:00:00Z,24981.36,36608185798
2024-06-18T21:00:00Z,25095.21,33697740667
2024-06-18T22:00:00Z,25128.11,35686032259
2024-06-18T23:00:00Z,25093.5,35967083730
2024-06-19T00:00:00Z,24872.14,34978681010
2024-06-19T01:00:00Z,25017.63,34399690227
2024-06-19T02:00:00Z,25254.45,33459500345
2024-06-19T03:00:00Z,25204.99,36718106057
2024-06-19T04:00:00Z,25048.23,33465011900
2024-06-19T05:00:00Z,25111.77,34207815236
2024-06-19T06:00:00Z,25232.95,35760738261
2024-06-19T07:00:00Z,25427.66,35490594907
2024-06-19T08:00:00Z,25380.4,36166766705
2024-06-19T09:00:00Z,25540.37,34848173586
2024-06-19T10:00:00Z,25501.72,34538717317
2024-06-19T11:00:00Z,25328.17,34026001121
2024-06-19T12:00:00Z,25221.61,35314221346
2024-06-19T13:00:00Z,25454.27,35920763816
2024-06-19T14:00:00Z,25322.77,34842317740
2024-06-19T15:00:00Z,25392.53,34900267124
2024-06-19T16:00:00Z,25281.6,34311608443
2024-06-19T17:00:00Z,25100.09,36676717273
2024-06-19T18:00:00Z,24953.08,34997725534
2024-06-19T19:00:00Z,24885.0,36573154483
2024-06-19T20:00:00Z,24967.3,36221220942
2024-06-19T21:00:00Z,24736.68,34388242137
2024-06-19T22:00:00Z,24924.84,34043237736
2024-06-19T23:00:00Z,24813.69,35218696596
2024-06-20T00:00:00Z,24913.72,33798092549
2024-06-20T01:00:00Z,24883.53,35589640988
2024-06-20T02:00:00Z,25001.0,33437750387
2024-06-20T03:00:00Z,24875.71,33363621409
2024-06-20T04:00:00Z,25104.29,33573188636
2024-06-20T05:00:00Z,25205.82,35608758812
2024-06-20T06:00:00Z,25312.48,34302314621
2024-06-20T07:00:00Z,25441.02,33701338485
2024-06-20T08:00:00Z,25576.82,35424348817
2024-06-20T09:00:00Z,25393.59,36578046405
2024-06-20T10:00:00Z,25614.21,33563412438
2024-06-20T11:00:00Z,25414.38,34210870373
2024-06-20T12:00:00Z,25593.2,34167550122
2024-06-20T13:00:00Z,25387.2,33948729196
2024-06-20T14:00:00Z,25337.09,35680201092
2024-06-20T15:00:00Z,25230.56,33935747441
2024-06-20T16:00:00Z,25145.63,34485082218
2024-06-20T17:00:00Z,25328.86,33679482228
2024-06-20T18:00:00Z,25292.74,34681006901
2024-06-20T19:00:00Z,25450.09,35378020883
2024-06-20T20:00:00Z,25385.05,33585984488
2024-06-20T21:00:00Z,25326.57,36395314897
2024-06-20T22:00:00Z,25572.65,35269237537
2024-06-20T23:00:00Z,25400.2,33486170732
2024-06-21T00:00:00Z,25478.32,34137164757
2024-06-21T01:00:00Z,25352.9,33933305643
2024-06-21T02:00:00Z,25490.84,36403806296
2024-06-21T03:00:00Z,25575.22,34948655203
2024-06-21T04:00:00Z,25617.99,33472173861
2024-06-21T05:00:00Z,25716.8,33707091392
2024-06-21T06:00:00Z,25709.64,35345548580
2024-06-21T07:00:00Z,25475.93,36442831017
2024-06-21T08:00:00Z,25412.02,36075391014
2024-06-21T09:00:00Z,25572.59,33381861551
2024-06-21T10:00:00Z,25737.54,34814128397
2024-06-21T11:00:00Z,25482.44,34032205360
2024-06-21T12:00:00Z,25335.68,33561799212
2024-06-21T13:00:00Z,25525.36,36693280622
2024-06-21T14:00:00Z,25676.71,36106796925
2024-06-21T15:00:00Z,25464.49,35656867761
2024-06-21T16:00:00Z,25288.07,35909952434
2024-06-21T17:00:00Z,25370.76,36098319836
2024-06-21T18:00:00Z,25470.18,34498436746
2024-06-21T19:00:00Z,25653.46,36459458925
2024-06-21T20:00:00Z,25725.16,36201647043
2024-06-21T21:00:00Z,25580.61,36199471790
2024-06-21T22:00:00Z,25549.05,33479789840
2024-06-21T23:00:00Z,25650.91,35527574171
2024-06-22T00:00:00Z,25483.8,36450830948
2024-06-22T01:00:00Z,25722.61,35742382984
2024-06-22T02:00:00Z,25480.29,34613968448
2024-06-22T03:00:00Z,25420.16,36480653678
2024-06-22T04:00:00Z,25547.86,35381292759
2024-06-22T05:00:00Z,25589.35,36499654005
2024-06-22T06:00:00Z,25565.52,36631004721
2024-06-22T07:00:00Z,25519.6,34044961467
2024-06-22T08:00:00Z,25353.51,35289741679
2024-06-22T09:00:00Z,25315.77,36480391213
2024-06-22T10:00:00Z,25410.1,34058190109
2024-06-22T11:00:00Z,25222.16,35391409398
2024-06-22T12:00:00Z,25062.49,35009159638
2024-06-22T13:00:00Z,24884.39,35467664433
2024-06-22T14:00:00Z,24842.73,34282590236
2024-06-22T15:00:00Z,24618.38,34410193167
2024-06-22T16:00:00Z,24685.18,34795822899
2024-06-22T17:00:00Z,24523.97,34399307142
2024-06-22T18:00:00Z,24339.73,34484328217
2024-06-22T19:00:00Z,24123.64,33922156660
2024-06-22T20:00:00Z,24166.05,34736089318
2024-06-22T21:00:00Z,24215.93,34183340083
2024-06-22T22:00:00Z,24455.1,36696891833
2024-06-22T23:00:00Z,24587.31,34223232963
2024-06-23T00:00:00Z,24456.74,34855678446
2024-06-23T01:00:00Z,24406.41,36157847681
2024-06-23T02:00:00Z,24604.47,35859497071
2024-06-23T03:00:00Z,24558.14,35395452012
2024-06-23T04:00:00Z,24317.63,36637666184
2024-06-23T05:00:00Z,24485.75,34782079518
2024-06-23T06:00:00Z,24625.84,36330537694
2024-06-23T07:00:00Z,24415.58,34744792625
2024-06-23T08:00:00Z,24497.88,35539220736
2024-06-23T09:00:00Z,24430.16,33447143723
2024-06-23T10:00:00Z,24247.93,34635962475
2024-06-23T11:00:00Z,24248.31,33909808204
2024-06-23T12:00:00Z,24467.95,35056694104
2024-06-23T13:00:00Z,24588.14,36283564053
2024-06-23T14:00:00Z,24786.21,36260834888
2024-06-23T15:00:00Z,24642.03,35839484486
2024-06-23T16:00:00Z,24539.18,34780812777
2024-06-23T17:00:00Z,24441.25,35038789204
2024-06-23T18:00:00Z,24472.09,35708510818
2024-06-23T19:00:00Z,24648.77,34454203574
2024-06-23T20:00:00Z,24728.04,34739623509
2024-06-23T21:00:00Z,24739.52,36125093397
2024-06-23T22:00:00Z,24745.18,33915088781
2024-06-23T23:00:00Z,24580.67,36593170842
2024-06-24T00:00:00Z,24676.0,34732763247
2024-06-24T01:00:00Z,24616.46,35471079926
2024-06-24T02:00:00Z,24423.07,36402466089
2024-06-24T03:00:00Z,24336.47,35413436851
2024-06-24T04:00:00Z,24133.56,36079917013
2024-06-24T05:00:00Z,24363.26,34728848483
2024-06-24T06:00:00Z,24594.92,35920111290
2024-06-24T07:00:00Z,24741.21,34388566725
2024-06-24T08:00:00Z,24587.85,33672435055
2024-06-24T09:00:00Z,24562.89,34017575079
2024-06-24T10:00:00Z,24538.95,35991296965
2024-06-24T11:00:00Z,24515.5,34759682540
2024-06-24T12:00:00Z,24297.96,34107011482
2024-06-24T13:00:00Z,24385.64,36651660749
2024-06-24T14:00:00Z,24172.85,33808812494
2024-06-24T15:00:00Z,24363.15,36231970569
2024-06-24T16:00:00Z,24448.08,35644947698
2024-06-24T17:00:00Z,24354.62,35600678431
2024-06-24T18:00:00Z,24327.37,34733738444
2024-06-24T19:00:00Z,24316.83,33313746703
2024-06-24T20:00:00Z,24128.05,35007269857
2024-06-24T21:00:00Z,24327.8,34069504852
2024-06-24T22:00:00Z,24091.7,33821715229
2024-06-24T23:00:00Z,24117.68,35399697875
2024-06-25T00:00:00Z,24110.18,36279329622
2024-06-25T01:00:00Z,23969.24,33919474242
2024-06-25T02:00:00Z,23951.07,36554127370
2024-06-25T03:00:00Z,23922.59,34750636369
2024-06-25T04:00:00Z,23804.04,35069454811
2024-06-25T05:00:00Z,23928.49,35601935154
2024-06-25T06:00:00Z,24073.08,34697809001
2024-06-25T07:00:00Z,24287.02,33678384902
2024-06-25T08:00:00Z,24496.69,36102819643
2024-06-25T09:00:00Z,24298.22,34197765199
2024-06-25T10:00:00Z,24083.92,34324504663
2024-06-25T11:00:00Z,23874.1,34029206984
2024-06-25T12:00:00Z,23801.6,36661979926
2024-06-25T13:00:00Z,23603.57,35166207359
2024-06-25T14:00:00Z,23705.11,34561405535
2024-06-25T15:00:00Z,23672.15,34470360635
2024-06-25T16:00:00Z,23609.4,36546000295
2024-06-25T17:00:00Z,23734.84,34745794462
2024-06-25T18:00:00Z,23577.4,33575755064
2024-06-25T19:00:00Z,23381.82,34243426605
2024-06-25T20:00:00Z,23568.81,34035446022
2024-06-25T21:00:00Z,23743.12,35790258405
2024-06-25T22:00:00Z,23538.96,36675548966
2024-06-25T23:00:00Z,23689.49,36156335079
2024-06-26T00:00:00Z,23527.09,36162802256
2024-06-26T01:00:00Z,23729.65,36714708145
2024-06-26T02:00:00Z,23496.76,34750134484
2024-06-26T03:00:00Z,23326.62,36045126110
2024-06-26T04:00:00Z,23260.25,34334250826
2024-06-26T05:00:00Z,23034.76,33636004720
2024-06-26T06:00:00Z,23078.04,33861393038
2024-06-26T07:00:00Z,22853.02,33427062996
2024-06-26T08:00:00Z,22691.88,34848847918
2024-06-26T09:00:00Z,22523.22,33996317286
2024-06-26T10:00:00Z,22648.69,33276911131
2024-06-26T11:00:00Z,22742.65,35542322091
2024-06-26T12:00:00Z,22605.9,34038041913
2024-06-26T13:00:00Z,22422.08,34903616015
2024-06-26T14:00:00Z,22226.09,35629412402
2024-06-26T15:00:00Z,22080.21,34044716915
2024-06-26T16:00:00Z,22188.07,33605955354
2024-06-26T17:00:00Z,21967.38,34400663000
2024-06-26T18:00:00Z,22022.35,34881325638
2024-06-26T19:00:00Z,22199.64,34459959079
2024-06-26T20:00:00Z,22081.49,36361048037
2024-06-26T21:00:00Z,21944.48,33873995211
2024-06-26T22:00:00Z,22036.69,36011872629
2024-06-26T23:00:00Z,21994.71,35531307153
2024-06-27T00:00:00Z,22034.07,35823714273
2024-06-27T01:00:00Z,22105.84,36292753883
2024-06-27T02:00:00Z,22310.89,35605135206
2024-06-27T03:00:00Z,22133.69,34657375909
2024-06-27T04:00:00Z,22078.67,33402196440
2024-06-27T05:00:00Z,21918.14,36408772760
2024-06-27T06:00:00Z,22123.38,35944091962
2024-06-27T07:00:00Z,22219.96,36532100007
2024-06-27T08:00:00Z,22286.36,34745263386
2024-06-27T09:00:00Z,22170.72,36594998098
2024-06-27T10:00:00Z,22117.78,35873686083
2024-06-27T11:00:00Z,22004.91,34455980128
2024-06-27T12:00:00Z,21890.36,35740559546
2024-06-27T13:00:00Z,21777.62,33840669795
2024-06-27T14:00:00Z,21907.5,34695273673
2024-06-27T15:00:00Z,21960.48,33666468804
2024-06-27T16:00:00Z,21860.97,36320258929
2024-06-27T17:00:00Z,21809.53,35113010676
2024-06-27T18:00:00Z,21892.16,33720115632
2024-06-27T19:00:00Z,22052.73,36447400801
2024-06-27T20:00:00Z,22100.12,33381141615
2024-06-27T21:00:00Z,21885.47,34122685086
2024-06-27T22:00:00Z,21911.75,33382438408
2024-06-27T23:00:00Z,21992.62,36574099662
2024-06-28T00:00:00Z,21888.46,35327307482
2024-06-28T01:00:00Z,21829.55,34883593012
2024-06-28T02:00:00Z,21644.16,36650228631
2024-06-28T03:00:00Z,21799.52,33618999846
2024-06-28T04:00:00Z,21809.57,34215662795
2024-06-28T05:00:00Z,21970.88,34867556355
2024-06-28T06:00:00Z,22085.81,35350809977
2024-06-28T07:00:00Z,21881.41,35458288779
2024-06-28T08:00:00Z,21945.0,34095393583
2024-06-28T09:00:00Z,21889.03,34865377769
2024-06-28T10:00:00Z,21975.09,35430228222
2024-06-28T11:00:00Z,21951.64,36593071081
2024-06-28T12:00:00Z,22024.38,35154828035
2024-06-28T13:00:00Z,21953.33,35455210444
2024-06-28T14:00:00Z,21818.49,34350664914
2024-06-28T15:00:00Z,22014.3,33699373709
2024-06-28T16:00:00Z,22233.17,33289745721
2024-06-28T17:00:00Z,22256.19,34468080593
2024-06-28T18:00:00Z,22331.36,33345072634
2024-06-28T19:00:00Z,22343.76,34405499786
2024-06-28T20:00:00Z,22526.59,35200377966
2024-06-28T21:00:00Z,22656.48,34449840863
2024-06-28T22:00:00Z,22881.4,33951835385
2024-06-28T23:00:00Z,22702.65,34852295045
