timestamp,price,volume
2023-06-30T00:00:00Z,2018.73,19076339944
2023-06-30T01:00:00Z,2017.73,20018566013
2023-06-30T02:00:00Z,2019.31,19083936049
2023-06-30T03:00:00Z,2013.7,20584088618
2023-06-30T04:00:00Z,1993.59,19822253453
2023-06-30T05:00:00Z,2005.84,20653531781
2023-06-30T06:00:00Z,2023.84,19761944249
2023-06-30T07:00:00Z,2040.96,20574340101
2023-06-30T08:00:00Z,2023.9,19414775633
2023-06-30T09:00:00Z,2012.44,20121244392
2023-06-30T10:00:00Z,2007.68,19386547436
2023-06-30T11:00:00Z,2019.11,20136420070
2023-06-30T12:00:00Z,2022.97,19036943129
2023-06-30T13:00:00Z,2052.79,19681266832
2023-06-30T14:00:00Z,2055.18,20722951831
2023-06-30T15:00:00Z,2055.15,20730015128
2023-06-30T16:00:00Z,2056.56,19884304598
2023-06-30T17:00:00Z,2027.41,19896696003
2023-06-30T18:00:00Z,2018.35,19162023550
2023-06-30T19:00:00Z,2039.14,19172952822
2023-06-30T20:00:00Z,2050.11,19749217673
2023-06-30T21:00:00Z,2068.17,20201726221
2023-06-30T22:00:00Z,2048.91,19864201677
2023-06-30T23:00:00Z,2071.55,19185323986
2023-07-01T00:00:00Z,2043.66,20864204122
2023-07-01T01:00:00Z,2023.87,20902916621
2023-07-01T02:00:00Z,2011.84,19965863118
2023-07-01T03:00:00Z,2035.73,19393491517
2023-07-01T04:00:00Z,2017.63,19948656793
2023-07-01T05:00:00Z,2031.57,19565395044
2023-07-01T06:00:00Z,2046.99,19956951612
2023-07-01T07:00:00Z,2033.09,19439515640
2023-07-01T08:00:00Z,2053.83,20785463817
2023-07-01T09:00:00Z,2061.93,19704494240
2023-07-01T10:00:00Z,2082.75,20039303788
2023-07-01T11:00:00Z,2087.9,19820661772
2023-07-01T12:00:00Z,2072.23,19393784814
2023-07-01T13:00:00Z,2077.54,20960610913
2023-07-01T14:00:00Z,2051.08,20048446673
2023-07-01T15:00:00Z,2037.47,19302641502
2023-07-01T16:00:00Z,2057.21,19084473670
2023-07-01T17:00:00Z,2071.64,19962784635
2023-07-01T18:00:00Z,2099.11,19120983358
2023-07-01T19:00:00Z,2073.85,19967306255
2023-07-01T20:00:00Z,2104.43,19735673971
2023-07-01T21:00:00Z,2095.33,19555262462
2023-07-01T22:00:00Z,2077.94,19662550519
2023-07-01T23:00:00Z,2073.3,19078996874
2023-07-02T00:00:00Z,2070.54,20690925698
2023-07-02T01:00:00Z,2071.74,19534252230
2023-07-02T02:00:00Z,2098.14,20080001438
2023-07-02T03:00:00Z,2111.1,20495730592
2023-07-02T04:00:00Z,2122.72,20219453527
2023-07-02T05:00:00Z,2101.25,19127561625
2023-07-02T06:00:00Z,2098.11,19216616260
2023-07-02T07:00:00Z,2083.07,19260028028
2023-07-02T08:00:00Z,2112.59,20005082846
2023-07-02T09:00:00Z,2083.05,19554975015
2023-07-02T10:00:00Z,2057.49,20286495156
2023-07-02T11:00:00Z,2080.03,19360747153
2023-07-02T12:00:00Z,2106.09,20429133557
2023-07-02T13:00:00Z,2090.03,19913526422
2023-07-02T14:00:00Z,2083.16,20626874342
2023-07-02T15:00:00Z,2111.93,20011407413
2023-07-02T16:00:00Z,2131.31,19869903036
2023-07-02T17:00:00Z,2127.01,19092165740
2023-07-02T18:00:00Z,2120.39,19710180582
2023-07-02T19:00:00Z,2122.91,20759653836
2023-07-02T20:00:00Z,2136.75,19060394931
2023-07-02T21:00:00Z,2130.1,19683643892
2023-07-02T22:00:00Z,2135.97,20509500835
2023-07-02T23:00:00Z,2161.76,19957496007
2023-07-03T00:00:00Z,2193.75,20546925177
2023-07-03T01:00:00Z,2202.43,19629973810
2023-07-03T02:00:00Z,2173.35,19848750827
2023-07-03T03:00:00Z,2169.94,20663370096
2023-07-03T04:00:00Z,2176.37,19362856802
2023-07-03T05:00:00Z,2161.49,19106665104
2023-07-03T06:00:00Z,2192.18,19536798371
2023-07-03T07:00:00Z,2163.62,19500723069
2023-07-03T08:00:00Z,2174.61,20198759688
2023-07-03T09:00:00Z,2148.0,19470605718
2023-07-03T10:00:00Z,2134.44,19494221868
2023-07-03T11:00:00Z,2116.73,20355488122
2023-07-03T12:00:00Z,2109.74,20757848467
2023-07-03T13:00:00Z,2105.4,20171252114
2023-07-03T14:00:00Z,2119.05,19818651463
2023-07-03T15:00:00Z,2140.52,20457000392
2023-07-03T16:00:00Z,2150.38,19278009253
2023-07-03T17:00:00Z,2128.11,19603689700
2023-07-03T18:00:00Z,2144.07,20264337749
2023-07-03T19:00:00Z,2151.12,19916915848
2023-07-03T20:00:00Z,2166.33,20756592278
2023-07-03T21:00:00Z,2183.38,19689840111
2023-07-03T22:00:00Z,2212.18,19550580295
2023-07-03T23:00:00Z,2226.45,19293404408
2023-07-04T00:00:00Z,2208.34,19169925914
2023-07-04T01:00:00Z,2178.55,19933053124
2023-07-04T02:00:00Z,2197.76,19233402281
2023-07-04T03:00:00Z,2179.5,19569835434
2023-07-04T04:00:00Z,2211.01,20188984317
2023-07-04T05:00:00Z,2194.11,20758074337
2023-07-04T06:00:00Z,2191.32,20050462357
2023-07-04T07:00:00Z,2183.36,19232077142
2023-07-04T08:00:00Z,2173.18,20159589271
2023-07-04T09:00:00Z,2190.15,20811674230
2023-07-04T10:00:00Z,2175.65,19218138818
2023-07-04T11:00:00Z,2191.7,20485179066
2023-07-04T12:00:00Z,2219.16,19453342522
2023-07-04T13:00:00Z,2198.83,20314718322
2023-07-04T14:00:00Z,2211.13,20728800737
2023-07-04T15:00:00Z,2223.12,19214774403
2023-07-04T16:00:00Z,2193.83,19552290382
2023-07-04T17:00:00Z,2192.75,19012204597
2023-07-04T18:00:00Z,2162.71,20522275050
2023-07-04T19:00:00Z,2183.56,20229437278
2023-07-04T20:00:00Z,2176.79,19217324019
2023-07-04T21:00:00Z,2167.21,19802872411
2023-07-04T22:00:00Z,2146.6,19653229738
2023-07-04T23:00:00Z,2162.7,20134708044
2023-07-05T00:00:00Z,2138.18,20178446221
2023-07-05T01:00:00Z,2130.92,20468467703
2023-07-05T02:00:00Z,2144.57,19187512754
2023-07-05T03:00:00Z,2122.27,20535212924
2023-07-05T04:00:00Z,2107.19,19894000012
2023-07-05T05:00:00Z,2134.66,19327121141
2023-07-05T06:00:00Z,2147.54,19595722652
2023-07-05T07:00:00Z,2165.39,20947233179
2023-07-05T08:00:00Z,2175.11,19998008204
2023-07-05T09:00:00Z,2190.2,19673654362
2023-07-05T10:00:00Z,2174.42,19365938571
2023-07-05T11:00:00Z,2175.28,20764713378
2023-07-05T12:00:00Z,2170.15,20465696106
2023-07-05T13:00:00Z,2165.93,19657078569
2023-07-05T14:00:00Z,2193.0,20255800087
2023-07-05T15:00:00Z,2179.52,20810214107
2023-07-05T16:00:00Z,2211.6,19237030843
2023-07-05T17:00:00Z,2188.99,19886774098
2023-07-05T18:00:00Z,2208.41,20646268470
2023-07-05T19:00:00Z,2224.26,19361888949
2023-07-05T20:00:00Z,2242.43,20983924759
2023-07-05T21:00:00Z,2232.02,20750977208
2023-07-05T22:00:00Z,2223.77,19947629088
2023-07-05T23:00:00Z,2225.53,20756369749
2023-07-06T00:00:00Z,2245.88,20964218574
2023-07-06T01:00:00Z,2277.14,19367043437
2023-07-06T02:00:00Z,2269.69,20820644590
2023-07-06T03:00:00Z,2260.28,20468356307
2023-07-06T04:00:00Z,2266.35,19844971434
2023-07-06T05:00:00Z,2248.42,20611532510
2023-07-06T06:00:00Z,2249.59,20537199933
2023-07-06T07:00:00Z,2217.61,20525462877
2023-07-06T08:00:00Z,2236.65,20600458836
2023-07-06T09:00:00Z,2221.55,19394523111
2023-07-06T10:00:00Z,2221.26,20138541416
2023-07-06T11:00:00Z,2227.96,19077358936
2023-07-06T12:00:00Z,2228.55,19248055246
2023-07-06T13:00:00Z,2228.67,20330226723
2023-07-06T14:00:00Z,2250.87,20363237809
2023-07-06T15:00:00Z,2255.48,19434656795
2023-07-06T16:00:00Z,2251.4,19681159888
2023-07-06T17:00:00Z,2225.83,20620008650
2023-07-06T18:00:00Z,2222.81,19431323139
2023-07-06T19:00:00Z,2230.1,19074865822
2023-07-06T20:00:00Z,2253.63,19662653211
2023-07-06T21:00:00Z,2253.87,19442661242
2023-07-06T22:00:00Z,2240.47,20315184447
2023-07-06T23:00:00Z,2219.79,19433126161
2023-07-07T00:00:00Z,2205.36,19852176468
2023-07-07T01:00:00Z,2233.97,19138877480
2023-07-07T02:00:00Z,2204.74,19438425623
2023-07-07T03:00:00Z,2224.47,19876247183
2023-07-07T04:00:00Z,2242.22,19993896111
2023-07-07T05:00:00Z,2234.54,20027118719
2023-07-07T06:00:00Z,2228.52,19013973196
2023-07-07T07:00:00Z,2214.26,20426220848
2023-07-07T08:00:00Z,2202.27,19122298412
2023-07-07T09:00:00Z,2170.39,20804030716
2023-07-07T10:00:00Z,2144.62,19671714863
2023-07-07T11:00:00Z,2168.88,19584689359
2023-07-07T12:00:00Z,2174.53,20463734736
2023-07-07T13:00:00Z,2156.51,19197422121
2023-07-07T14:00:00Z,2128.42,19531208110
2023-07-07T15:00:00Z,2150.72,19037528695
2023-07-07T16:00:00Z,2147.51,20747941908
2023-07-07T17:00:00Z,2152.88,20952375576
2023-07-07T18:00:00Z,2156.8,19406582734
2023-07-07T19:00:00Z,2163.72,20337118960
2023-07-07T20:00:00Z,2158.39,19571652448
2023-07-07T21:00:00Z,2146.45,20987334969
2023-07-07T22:00:00Z,2127.64,20735810832
2023-07-07T23:00:00Z,2134.96,19700995530
2023-07-08T00:00:00Z,2121.54,20347336500
2023-07-08T01:00:00Z,2126.95,20588583512
2023-07-08T02:00:00Z,2149.89,20297731059
2023-07-08T03:00:00Z,2175.03,20454180568
2023-07-08T04:00:00Z,2149.9,20982798662
2023-07-08T05:00:00Z,2122.16,19639386140
2023-07-08T06:00:00Z,2141.49,20866935517
2023-07-08T07:00:00Z,2151.64,20661201113
2023-07-08T08:00:00Z,2168.15,19298829245
2023-07-08T09:00:00Z,2137.63,20229212663
2023-07-08T10:00:00Z,2109.92,19619769958
2023-07-08T11:00:00Z,2120.33,19667307059
2023-07-08T12:00:00Z,2119.68,20920672528
2023-07-08T13:00:00Z,2120.09,19459507029
2023-07-08T14:00:00Z,2126.6,20310314269
2023-07-08T15:00:00Z,2107.21,20143815806
2023-07-08T16:00:00Z,2124.81,19762458199
2023-07-08T17:00:00Z,2133.04,19162622476
2023-07-08T18:00:00Z,2138.78,19307808895
2023-07-08T19:00:00Z,2144.75,20699839096
2023-07-08T20:00:00Z,2165.12,20555489533
2023-07-08T21:00:00Z,2185.94,19045117523
2023-07-08T22:00:00Z,2212.57,19816871284
2023-07-08T23:00:00Z,2184.51,20645080692
2023-07-09T00:00:00Z,2158.15,20246763098
2023-07-09T01:00:00Z,2148.61,20948535612
2023-07-09T02:00:00Z,2150.43,20913686845
2023-07-09T03:00:00Z,2127.14,19681871052
2023-07-09T04:00:00Z,2138.98,20429173705
2023-07-09T05:00:00Z,2167.2,19540678902
2023-07-09T06:00:00Z,2146.26,19250212861
2023-07-09T07:00:00Z,2127.55,20577636607
2023-07-09T08:00:00Z,2096.5,19738579920
2023-07-09T09:00:00Z,2127.54,19183357929
2023-07-09T10:00:00Z,2116.47,20472016040
2023-07-09T11:00:00Z,2100.78,20840465891
2023-07-09T12:00:00Z,2112.25,20651784142
2023-07-09T13:00:00Z,2088.62,20299557698
2023-07-09T14:00:00Z,2096.55,20129525075
2023-07-09T15:00:00Z,2112.63,19097268811
2023-07-09T16:00:00Z,2081.67,19251964801
2023-07-09T17:00:00Z,2075.84,20055238365
2023-07-09T18:00:00Z,2099.77,19049923922
2023-07-09T19:00:00Z,2080.37,19835441206
2023-07-09T20:00:00Z,2096.02,19101331819
2023-07-09T21:00:00Z,2091.05,20050652474
2023-07-09T22:00:00Z,2091.75,20286468768
2023-07-09T23:00:00Z,2090.0,19342419873
2023-07-10T00:00:00Z,2069.81,19044751334
2023-07-10T01:00:00Z,2075.53,20618467440
2023-07-10T02:00:00Z,2051.63,20941436317
2023-07-10T03:00:00Z,2025.27,19218547224
2023-07-10T04:00:00Z,2053.17,19636517563
2023-07-10T05:00:00Z,2076.79,20476646950
2023-07-10T06:00:00Z,2101.27,19098029421
2023-07-10T07:00:00Z,2101.12,19250015494
2023-07-10T08:00:00Z,2102.44,20119103691
2023-07-10T09:00:00Z,2084.31,20273696978
2023-07-10T10:00:00Z,2066.21,20459955441
2023-07-10T11:00:00Z,2049.15,20377544647
2023-07-10T12:00:00Z,2067.78,20392847668
2023-07-10T13:00:00Z,2087.1,20316849019
2023-07-10T14:00:00Z,2098.95,20421169310
2023-07-10T15:00:00Z,2094.71,20048166516
2023-07-10T16:00:00Z,2070.14,19323507004
2023-07-10T17:00:00Z,2099.18,19548051384
2023-07-10T18:00:00Z,2093.19,20222091992
2023-07-10T19:00:00Z,2063.89,19720507139
2023-07-10T20:00:00Z,2088.3,20999095041
2023-07-10T21:00:00Z,2113.41,19592164856
2023-07-10T22:00:00Z,2114.61,20139537587
2023-07-10T23:00:00Z,2107.46,19939512299
2023-07-11T00:00:00Z,2121.01,19567974656
2023-07-11T01:00:00Z,2092.55,20919277211
2023-07-11T02:00:00Z,2118.21,19190077463
2023-07-11T03:00:00Z,2129.9,19347604391
2023-07-11T04:00:00Z,2117.62,19598929335
2023-07-11T05:00:00Z,2138.51,20334202656
2023-07-11T06:00:00Z,2136.24,19133073951
2023-07-11T07:00:00Z,2107.81,19242840069
2023-07-11T08:00:00Z,2113.99,20996608564
2023-07-11T09:00:00Z,2128.02,19936975000
2023-07-11T10:00:00Z,2152.96,19242389473
2023-07-11T11:00:00Z,2145.97,19126490808
2023-07-11T12:00:00Z,2146.38,19697021795
2023-07-11T13:00:00Z,2126.05,20487659722
2023-07-11T14:00:00Z,2147.71,20830575159
2023-07-11T15:00:00Z,2149.43,20343118716
2023-07-11T16:00:00Z,2132.53,19666284547
2023-07-11T17:00:00Z,2115.39,19998575619
2023-07-11T18:00:00Z,2123.93,19699822214
2023-07-11T19:00:00Z,2098.42,20941741557
2023-07-11T20:00:00Z,2067.62,20912365997
2023-07-11T21:00:00Z,2066.15,20402863941
2023-07-11T22:00:00Z,2091.18,19664872033
2023-07-11T23:00:00Z,2120.7,20968753361
2023-07-12T00:00:00Z,2103.17,19870455627
2023-07-12T01:00:00Z,2112.83,19196985233
2023-07-12T02:00:00Z,2122.02,19917543577
2023-07-12T03:00:00Z,2092.03,20355502928
2023-07-12T04:00:00Z,2086.31,20685003973
2023-07-12T05:00:00Z,2080.57,20896132336
2023-07-12T06:00:00Z,2057.94,19144481997
2023-07-12T07:00:00Z,2029.33,20822142182
2023-07-12T08:00:00Z,2041.98,20243598710
2023-07-12T09:00:00Z,2017.43,19838324529
2023-07-12T10:00:00Z,2013.06,19574019725
2023-07-12T11:00:00Z,2041.47,20959928881
2023-07-12T12:00:00Z,2062.55,19265710935
2023-07-12T13:00:00Z,2081.18,20396260403
2023-07-12T14:00:00Z,2064.57,20579271470
2023-07-12T15:00:00Z,2055.79,20855455059
2023-07-12T16:00:00Z,2080.81,20403767169
2023-07-12T17:00:00Z,2065.95,19517107620
2023-07-12T18:00:00Z,2052.8,19632906329
2023-07-12T19:00:00Z,2047.58,19126236636
2023-07-12T20:00:00Z,2024.9,20684724604
2023-07-12T21:00:00Z,2001.36,19372063033
2023-07-12T22:00:00Z,1998.44,20844419499
2023-07-12T23:00:00Z,1989.16,20841652333
2023-07-13T00:00:00Z,2012.42,19226855615
2023-07-13T01:00:00Z,2012.3,19458379468
2023-07-13T02:00:00Z,2030.69,20194312621
2023-07-13T03:00:00Z,2014.21,19462418796
2023-07-13T04:00:00Z,2021.82,20043757772
2023-07-13T05:00:00Z,2041.02,19545170572
2023-07-13T06:00:00Z,2025.65,20856431497
2023-07-13T07:00:00Z,2007.05,19188591627
2023-07-13T08:00:00Z,1993.48,19876582542
2023-07-13T09:00:00Z,1981.2,19058196035
2023-07-13T10:00:00Z,1983.57,20014841270
2023-07-13T11:00:00Z,1953.84,19286038806
2023-07-13T12:00:00Z,1961.15,20917784948
2023-07-13T13:00:00Z,1974.25,20440456204
2023-07-13T14:00:00Z,1995.59,20596476094
2023-07-13T15:00:00Z,1995.75,19343026895
2023-07-13T16:00:00Z,2022.88,20175128076
2023-07-13T17:00:00Z,2044.62,20187543422
2023-07-13T18:00:00Z,2059.29,19663702782
2023-07-13T19:00:00Z,2086.34,20603242756
2023-07-13T20:00:00Z,2059.56,19137318084
2023-07-13T21:00:00Z,2033.77,19840702551
2023-07-13T22:00:00Z,2016.39,19941892478
2023-07-13T23:00:00Z,2023.76,20659463877
2023-07-14T00:00:00Z,2035.65,20482163889
2023-07-14T01:00:00Z,2012.18,20681288296
2023-07-14T02:00:00Z,2007.78,20480799126
2023-07-14T03:00:00Z,1983.02,20914072815
2023-07-14T04:00:00Z,1967.29,20019658025
2023-07-14T05:00:00Z,1942.37,19853501749
2023-07-14T06:00:00Z,1946.62,19136841734
2023-07-14T07:00:00Z,1925.64,19395756399
2023-07-14T08:00:00Z,1901.02,20971054269
2023-07-14T09:00:00Z,1901.78,20442989032
2023-07-14T10:00:00Z,1917.3,20373687927
2023-07-14T11:00:00Z,1888.74,20373715939
2023-07-14T12:00:00Z,1866.36,20139941887
2023-07-14T13:00:00Z,1853.71,20895724202
2023-07-14T14:00:00Z,1839.17,19036062103
2023-07-14T15:00:00Z,1817.88,20649993667
2023-07-14T16:00:00Z,1812.61,19995378055
2023-07-14T17:00:00Z,1812.03,20335852481
2023-07-14T18:00:00Z,1834.23,19016558838
2023-07-14T19:00:00Z,1854.98,19565091865
2023-07-14T20:00:00Z,1858.33,19756607059
2023-07-14T21:00:00Z,1847.71,19881614264
2023-07-14T22:00:00Z,1840.86,20017469907
2023-07-14T23:00:00Z,1819.64,20672045020
2023-07-15T00:00:00Z,1833.86,19278057018
2023-07-15T01:00:00Z,1840.93,20286650010
2023-07-15T02:00:00Z,1852.27,19007540678
2023-07-15T03:00:00Z,1879.27,20541587606
2023-07-15T04:00:00Z,1882.27,19068884597
2023-07-15T05:00:00Z,1856.44,20972765731
2023-07-15T06:00:00Z,1854.75,20655202214
2023-07-15T07:00:00Z,1866.72,19489814384
2023-07-15T08:00:00Z,1877.41,19937026637
2023-07-15T09:00:00Z,1903.68,20830245911
2023-07-15T10:00:00Z,1892.35,20350684106
2023-07-15T11:00:00Z,1879.15,20946639906
2023-07-15T12:00:00Z,1881.51,19902039756
2023-07-15T13:00:00Z,1887.06,20149188651
2023-07-15T14:00:00Z,1913.69,19931089241
2023-07-15T15:00:00Z,1917.26,20398013236
2023-07-15T16:00:00Z,1892.03,19342190092
2023-07-15T17:00:00Z,1888.87,20568998519
2023-07-15T18:00:00Z,1894.62,20478129700
2023-07-15T19:00:00Z,1869.73,20023762267
2023-07-15T20:00:00Z,1885.32,19140324209
2023-07-15T21:00:00Z,1909.26,19399133005
2023-07-15T22:00:00Z,1935.82,19991273285
2023-07-15T23:00:00Z,1942.9,20173153361
2023-07-16T00:00:00Z,1942.5,19065604306
2023-07-16T01:00:00Z,1958.04,20485393472
2023-07-16T02:00:00Z,1960.14,20581682002
2023-07-16T03:00:00Z,1980.3,20442225148
2023-07-16T04:00:00Z,1984.65,19736207048
2023-07-16T05:00:00Z,2010.81,20753773962
2023-07-16T06:00:00Z,2014.8,19029037957
2023-07-16T07:00:00Z,2037.85,19887247921
2023-07-16T08:00:00Z,2059.34,20999481645
2023-07-16T09:00:00Z,2069.89,20292935828
2023-07-16T10:00:00Z,2087.05,20126299121
2023-07-16T11:00:00Z,2059.11,19351263156
2023-07-16T12:00:00Z,2088.37,19143913675
2023-07-16T13:00:00Z,2075.9,19289725133
2023-07-16T14:00:00Z,2106.37,19272424423
2023-07-16T15:00:00Z,2113.8,20391320925
2023-07-16T16:00:00Z,2090.34,20583427980
2023-07-16T17:00:00Z,2089.61,19247639508
2023-07-16T18:00:00Z,2087.11,19607880277
2023-07-16T19:00:00Z,2093.99,19589130812
2023-07-16T20:00:00Z,2097.02,20984349843
2023-07-16T21:00:00Z,2087.35,20622023025
2023-07-16T22:00:00Z,2114.73,20316296799
2023-07-16T23:00:00Z,2125.04,19741688781
2023-07-17T00:00:00Z,2140.3,19397484577
2023-07-17T01:00:00Z,2151.34,20760107684
2023-07-17T02:00:00Z,2179.82,20354348308
2023-07-17T03:00:00Z,2202.66,20908772337
2023-07-17T04:00:00Z,2174.59,19484580661
2023-07-17T05:00:00Z,2169.53,19240317979
2023-07-17T06:00:00Z,2172.03,20371478426
2023-07-17T07:00:00Z,2171.24,20446740190
2023-07-17T08:00:00Z,2199.66,20198847755
2023-07-17T09:00:00Z,2212.96,19291560155
2023-07-17T10:00:00Z,2236.75,19646064117
2023-07-17T11:00:00Z,2261.48,20372276346
2023-07-17T12:00:00Z,2285.6,20084458827
2023-07-17T13:00:00Z,2315.96,19602313278
2023-07-17T14:00:00Z,2324.72,19611205682
2023-07-17T15:00:00Z,2340.82,20068348251
2023-07-17T16:00:00Z,2362.94,19360417277
2023-07-17T17:00:00Z,2384.39,20108391071
2023-07-17T18:00:00Z,2367.54,20898498367
2023-07-17T19:00:00Z,2378.79,19194654651
2023-07-17T20:00:00Z,2410.76,20295053045
2023-07-17T21:00:00Z,2405.72,20752441310
2023-07-17T22:00:00Z,2419.49,20946341874
2023-07-17T23:00:00Z,2443.32,20497975944
2023-07-18T00:00:00Z,2414.17,19034675659
2023-07-18T01:00:00Z,2426.76,20837259773
2023-07-18T02:00:00Z,2462.96,20747191905
2023-07-18T03:00:00Z,2474.59,20123854493
2023-07-18T04:00:00Z,2479.2,19403570131
2023-07-18T05:00:00Z,2505.78,19262619141
2023-07-18T06:00:00Z,2536.4,19949748249
2023-07-18T07:00:00Z,2552.64,19117776543
2023-07-18T08:00:00Z,2578.28,19628851296
2023-07-18T09:00:00Z,2607.04,20967482243
2023-07-18T10:00:00Z,2591.12,19686883786
2023-07-18T11:00:00Z,2615.25,20173811519
2023-07-18T12:00:00Z,2629.87,19600484272
2023-07-18T13:00:00Z,2610.85,20903569340
2023-07-18T14:00:00Z,2580.43,20520657638
2023-07-18T15:00:00Z,2564.29,19589682865
2023-07-18T16:00:00Z,2554.11,20777708540
2023-07-18T17:00:00Z,2580.44,20127766714
2023-07-18T18:00:00Z,2596.4,19899387512
2023-07-18T19:00:00Z,2584.72,20473456704
2023-07-18T20:00:00Z,2603.11,19750409679
2023-07-18T21:00:00Z,2630.31,20158122772
2023-07-18T22:00:00Z,2662.68,20115791971
2023-07-18T23:00:00Z,2678.0,20745552500
2023-07-19T00:00:00Z,2716.02,20623119058
2023-07-19T01:00:00Z,2708.26,19139224690
2023-07-19T02:00:00Z,2742.01,19820804297
2023-07-19T03:00:00Z,2717.98,20428131532
2023-07-19T04:00:00Z,2687.17,20077486795
2023-07-19T05:00:00Z,2691.73,19005743004
2023-07-19T06:00:00Z,2671.15,20891075458
2023-07-19T07:00:00Z,2653.23,19214423132
2023-07-19T08:00:00Z,2636.52,19943191270
2023-07-19T09:00:00Z,2652.79,19856470446
2023-07-19T10:00:00Z,2692.19,19074355685
2023-07-19T11:00:00Z,2724.66,20109377151
2023-07-19T12:00:00Z,2694.36,19972214512
2023-07-19T13:00:00Z,2702.67,20660787090
2023-07-19T14:00:00Z,2678.96,19973400146
2023-07-19T15:00:00Z,2712.81,20652556017
2023-07-19T16:00:00Z,2713.56,20539001192
2023-07-19T17:00:00Z,2740.72,20065154076
2023-07-19T18:00:00Z,2713.85,19136821562
2023-07-19T19:00:00Z,2676.58,19785489470
2023-07-19T20:00:00Z,2640.09,20153814683
2023-07-19T21:00:00Z,2660.91,20746869791
2023-07-19T22:00:00Z,2644.24,19033319212
2023-07-19T23:00:00Z,2677.27,20313994239
2023-07-20T00:00:00Z,2655.73,20804328807
2023-07-20T01:00:00Z,2655.73,20254145870
2023-07-20T02:00:00Z,2638.92,20069059689
2023-07-20T03:00:00Z,2647.61,19034432082
2023-07-20T04:00:00Z,2624.2,19026425585
2023-07-20T05:00:00Z,2619.14,19733692350
2023-07-20T06:00:00Z,2611.58,19100995474
2023-07-20T07:00:00Z,2606.74,19767138751
2023-07-20T08:00:00Z,2633.17,19792731316
2023-07-20T09:00:00Z,2619.88,19049220920
2023-07-20T10:00:00Z,2643.8,20495705153
2023-07-20T11:00:00Z,2660.04,20153434507
2023-07-20T12:00:00Z,2657.38,20770814702
2023-07-20T13:00:00Z,2627.93,20108148642
2023-07-20T14:00:00Z,2593.86,19840478086
2023-07-20T15:00:00Z,2600.91,19698907511
2023-07-20T16:00:00Z,2589.15,20772669985
2023-07-20T17:00:00Z,2559.57,20045088672
2023-07-20T18:00:00Z,2524.77,20329643768
2023-07-20T19:00:00Z,2504.43,20811670940
2023-07-20T20:00:00Z,2501.65,20760023379
2023-07-20T21:00:00Z,2471.27,19457077712
2023-07-20T22:00:00Z,2473.56,20252824364
2023-07-20T23:00:00Z,2451.05,19156336673
2023-07-21T00:00:00Z,2469.32,20771275360
2023-07-21T01:00:00Z,2493.95,19101469732
2023-07-21T02:00:00Z,2457.27,20407097153
2023-07-21T03:00:00Z,2466.47,20192485580
2023-07-21T04:00:00Z,2433.81,20059208597
2023-07-21T05:00:00Z,2451.52,19902250974
2023-07-21T06:00:00Z,2425.58,19567023228
2023-07-21T07:00:00Z,2427.42,20899225948
2023-07-21T08:00:00Z,2432.19,20947227330
2023-07-21T09:00:00Z,2417.23,19303824299
2023-07-21T10:00:00Z,2421.69,20036574440
2023-07-21T11:00:00Z,2401.81,20685425574
2023-07-21T12:00:00Z,2377.02,20054213765
2023-07-21T13:00:00Z,2370.7,19620975124
2023-07-21T14:00:00Z,2391.96,19586760896
2023-07-21T15:00:00Z,2400.94,19869990033
2023-07-21T16:00:00Z,2378.53,20243313029
2023-07-21T17:00:00Z,2404.78,19354848187
2023-07-21T18:00:00Z,2400.54,19823519817
2023-07-21T19:00:00Z,2408.72,19846076332
2023-07-21T20:00:00Z,2383.11,20519374981
2023-07-21T21:00:00Z,2349.84,19948556208
2023-07-21T22:00:00Z,2316.63,19629721868
2023-07-21T23:00:00Z,2316.8,19301892949
2023-07-22T00:00:00Z,2341.28,19852728908
2023-07-22T01:00:00Z,2336.61,19711046035
2023-07-22T02:00:00Z,2359.43,20204777785
2023-07-22T03:00:00Z,2340.88,19082272206
2023-07-22T04:00:00Z,2347.53,20174773803
2023-07-22T05:00:00Z,2327.2,20981944966
2023-07-22T06:00:00Z,2314.23,20768803097
2023-07-22T07:00:00Z,2297.56,19639994887
2023-07-22T08:00:00Z,2328.17,19848894588
2023-07-22T09:00:00Z,2328.77,20256893728
2023-07-22T10:00:00Z,2347.54,19225500860
2023-07-22T11:00:00Z,2321.39,19642989614
2023-07-22T12:00:00Z,2292.05,20425211953
2023-07-22T13:00:00Z,2271.18,19665807978
2023-07-22T14:00:00Z,2271.86,19628882617
2023-07-22T15:00:00Z,2271.51,20467945117
2023-07-22T16:00:00Z,2261.52,20699580421
2023-07-22T17:00:00Z,2255.62,19934307188
2023-07-22T18:00:00Z,2271.05,20726974720
2023-07-22T19:00:00Z,2264.31,19959090762
2023-07-22T20:00:00Z,2238.71,19224203890
2023-07-22T21:00:00Z,2261.09,19252559601
2023-07-22T22:00:00Z,2261.17,19067454283
2023-07-22T23:00:00Z,2234.76,20578802914
2023-07-23T00:00:00Z,2265.24,19198862645
2023-07-23T01:00:00Z,2288.86,19562233790
2023-07-23T02:00:00Z,2285.71,20340235615
2023-07-23T03:00:00Z,2292.2,20063027534
2023-07-23T04:00:00Z,2264.21,20742565854
2023-07-23T05:00:00Z,2270.6,20397999018
2023-07-23T06:00:00Z,2256.46,20821399150
2023-07-23T07:00:00Z,2242.08,19399733470
2023-07-23T08:00:00Z,2255.78,19878934318
2023-07-23T09:00:00Z,2244.1,20505291086
2023-07-23T10:00:00Z,2233.14,19776826831
2023-07-23T11:00:00Z,2227.08,20918088554
2023-07-23T12:00:00Z,2251.7,19862147495
2023-07-23T13:00:00Z,2266.17,19918657178
2023-07-23T14:00:00Z,2277.79,20161459941
2023-07-23T15:00:00Z,2283.75,19698284097
2023-07-23T16:00:00Z,2315.52,19769616511
2023-07-23T17:00:00Z,2298.76,20838518838
2023-07-23T18:00:00Z,2329.67,19165913287
2023-07-23T19:00:00Z,2356.94,19648269270
2023-07-23T20:00:00Z,2349.24,19834581532
2023-07-23T21:00:00Z,2367.7,19219220618
2023-07-23T22:00:00Z,2388.94,19209244448
2023-07-23T23:00:00Z,2399.83,20832290202
2023-07-24T00:00:00Z,2399.29,20774750345
2023-07-24T01:00:00Z,2386.52,20447183120
2023-07-24T02:00:00Z,2359.93,19976624103
2023-07-24T03:00:00Z,2328.67,19263366735
2023-07-24T04:00:00Z,2327.21,20380223873
2023-07-24T05:00:00Z,2309.51,19572819391
2023-07-24T06:00:00Z,2281.89,20994617307
2023-07-24T07:00:00Z,2295.48,20097611838
2023-07-24T08:00:00Z,2325.77,19159723229
2023-07-24T09:00:00Z,2353.7,20483132779
2023-07-24T10:00:00Z,2348.84,19854950871
2023-07-24T11:00:00Z,2365.62,19785505051
2023-07-24T12:00:00Z,2371.79,20928197121
2023-07-24T13:00:00Z,2356.96,20172573406
2023-07-24T14:00:00Z,2349.76,19548242008
2023-07-24T15:00:00Z,2359.81,19307871194
2023-07-24T16:00:00Z,2342.46,20362630368
2023-07-24T17:00:00Z,2342.76,20555426630
2023-07-24T18:00:00Z,2345.35,19125227600
2023-07-24T19:00:00Z,2350.54,19029549192
2023-07-24T20:00:00Z,2321.33,20433547414
2023-07-24T21:00:00Z,2343.43,20580157636
2023-07-24T22:00:00Z,2315.38,19730006019
2023-07-24T23:00:00Z,2329.32,20284573402
2023-07-25T00:00:00Z,2343.49,20001872333
2023-07-25T01:00:00Z,2311.47,20306531614
2023-07-25T02:00:00Z,2281.78,19376365613
2023-07-25T03:00:00Z,2291.66,20109252480
2023-07-25T04:00:00Z,2274.32,19074582203
2023-07-25T05:00:00Z,2264.8,19892076971
2023-07-25T06:00:00Z,2245.56,20051883350
2023-07-25T07:00:00Z,2279.22,20583516602
2023-07-25T08:00:00Z,2248.79,20091123482
2023-07-25T09:00:00Z,2265.2,20003161727
2023-07-25T10:00:00Z,2258.04,20085669145
2023-07-25T11:00:00Z,2288.4,19268921061
2023-07-25T12:00:00Z,2310.61,20016799972
2023-07-25T13:00:00Z,2297.71,19481834371
2023-07-25T14:00:00Z,2298.09,20347949222
2023-07-25T15:00:00Z,2324.16,20214922068
2023-07-25T16:00:00Z,2320.52,20227706344
2023-07-25T17:00:00Z,2316.35,20497997368
2023-07-25T18:00:00Z,2340.66,19258837572
2023-07-25T19:00:00Z,2313.22,20068677091
2023-07-25T20:00:00Z,2342.63,19658626993
2023-07-25T21:00:00Z,2344.15,20712631522
2023-07-25T22:00:00Z,2326.18,19485030718
2023-07-25T23:00:00Z,2335.46,19991701020
2023-07-26T00:00:00Z,2359.7,19885182217
2023-07-26T01:00:00Z,2352.9,19996998195
2023-07-26T02:00:00Z,2335.36,20876149337
2023-07-26T03:00:00Z,2340.49,20725116739
2023-07-26T04:00:00Z,2333.2,20212694966
2023-07-26T05:00:00Z,2337.91,20917923505
2023-07-26T06:00:00Z,2368.68,20882381230
2023-07-26T07:00:00Z,2347.21,19868290725
2023-07-26T08:00:00Z,2343.19,20449058239
2023-07-26T09:00:00Z,2373.66,20697734278
2023-07-26T10:00:00Z,2408.03,19341125645
2023-07-26T11:00:00Z,2405.94,20937919978
2023-07-26T12:00:00Z,2404.49,20061282133
2023-07-26T13:00:00Z,2431.53,20624547519
2023-07-26T14:00:00Z,2435.99,20859541085
2023-07-26T15:00:00Z,2437.1,19950652948
2023-07-26T16:00:00Z,2434.96,19277999614
2023-07-26T17:00:00Z,2407.55,20098459132
2023-07-26T18:00:00Z,2414.0,20716183814
2023-07-26T19:00:00Z,2400.6,20114468109
2023-07-26T20:00:00Z,2390.22,20483880740
2023-07-26T21:00:00Z,2369.47,20420636596
2023-07-26T22:00:00Z,2342.96,19048571870
2023-07-26T23:00:00Z,2362.96,19313476650
2023-07-27T00:00:00Z,2372.88,19864805875
2023-07-27T01:00:00Z,2382.1,20454240342
2023-07-27T02:00:00Z,2353.2,20277718550
2023-07-27T03:00:00Z,2371.25,19303533060
2023-07-27T04:00:00Z,2391.95,20878864608
2023-07-27T05:00:00Z,2359.44,19948780370
2023-07-27T06:00:00Z,2334.39,19884462069
2023-07-27T07:00:00Z,2338.59,20981965800
2023-07-27T08:00:00Z,2363.63,20638839609
2023-07-27T09:00:00Z,2336.24,19110071404
2023-07-27T10:00:00Z,2341.42,19466385289
2023-07-27T11:00:00Z,2322.97,20107814828
2023-07-27T12:00:00Z,2352.75,20749983955
2023-07-27T13:00:00Z,2365.8,19405451957
2023-07-27T14:00:00Z,2367.58,19388885260
2023-07-27T15:00:00Z,2396.99,20328118479
2023-07-27T16:00:00Z,2363.77,19798366122
2023-07-27T17:00:00Z,2399.2,19115680736
2023-07-27T18:00:00Z,2416.8,20813901290
2023-07-27T19:00:00Z,2430.09,19202654963
2023-07-27T20:00:00Z,2400.68,20291245979
2023-07-27T21:00:00Z,2373.47,20022068034
2023-07-27T22:00:00Z,2377.62,19771561660
2023-07-27T23:00:00Z,2407.58,19600116279
2023-07-28T00:00:00Z,2438.93,19135197020
2023-07-28T01:00:00Z,2413.17,19394123629
2023-07-28T02:00:00Z,2383.19,20163151292
2023-07-28T03:00:00Z,2372.71,20607465860
2023-07-28T04:00:00Z,2344.06,20072811439
2023-07-28T05:00:00Z,2378.71,19807489533
2023-07-28T06:00:00Z,2363.82,19028468020
2023-07-28T07:00:00Z,2329.38,19961712138
2023-07-28T08:00:00Z,2354.48,20992058243
2023-07-28T09:00:00Z,2358.15,19330552706
2023-07-28T10:00:00Z,2371.82,20438962942
2023-07-28T11:00:00Z,2370.23,20286700786
2023-07-28T12:00:00Z,2384.36,20568822631
2023-07-28T13:00:00Z,2410.56,19872751990
2023-07-28T14:00:00Z,2425.07,20065356411
2023-07-28T15:00:00Z,2400.3,19010515162
2023-07-28T16:00:00Z,2434.39,19799365023
2023-07-28T17:00:00Z,2457.41,19634113605
2023-07-28T18:00:00Z,2472.12,19669553186
2023-07-28T19:00:00Z,2498.22,20799095596
2023-07-28T20:00:00Z,2511.89,19444677159
2023-07-28T21:00:00Z,2489.38,19206673569
2023-07-28T22:00:00Z,2516.09,20869981735
2023-07-28T23:00:00Z,2524.52,19319684403
2023-07-29T00:00:00Z,2549.99,19623514298
2023-07-29T01:00:00Z,2522.23,20947487619
2023-07-29T02:00:00Z,2553.9,20913868384
2023-07-29T03:00:00Z,2555.34,19292592137
2023-07-29T04:00:00Z,2527.06,19608787170
2023-07-29T05:00:00Z,2548.1,20918149920
2023-07-29T06:00:00Z,2512.24,20110281327
2023-07-29T07:00:00Z,2536.87,20430816078
2023-07-29T08:00:00Z,2573.48,19807964986
2023-07-29T09:00:00Z,2585.27,20256125123
2023-07-29T10:00:00Z,2622.05,19552579511
2023-07-29T11:00:00Z,2587.06,19828827097
2023-07-29T12:00:00Z,2609.57,19850877744
2023-07-29T13:00:00Z,2599.56,20999636887
2023-07-29T14:00:00Z,2571.97,20130552947
2023-07-29T15:00:00Z,2592.51,20397314085
2023-07-29T16:00:00Z,2608.43,20036738718
2023-07-29T17:00:00Z,2601.73,19490365158
2023-07-29T18:00:00Z,2566.15,19914804831
2023-07-29T19:00:00Z,2570.41,20512998854
2023-07-29T20:00:00Z,2558.09,20649188503
2023-07-29T21:00:00Z,2575.58,20277011003
2023-07-29T22:00:00Z,2610.61,20963721982
2023-07-29T23:00:00Z,2625.72,19288817187
2023-07-30T00:00:00Z,2612.21,19662310549
2023-07-30T01:00:00Z,2646.36,19552704892
2023-07-30T02:00:00Z,2660.89,20113297296
2023-07-30T03:00:00Z,2669.48,20424893399
2023-07-30T04:00:00Z,2698.39,19140677828
2023-07-30T05:00:00Z,2728.92,20502516819
2023-07-30T06:00:00Z,2688.97,19529405810
2023-07-30T07:00:00Z,2701.07,20854549619
2023-07-30T08:00:00Z,2707.11,20188807717
2023-07-30T09:00:00Z,2719.03,19186591397
2023-07-30T10:00:00Z,2678.52,20449746063
2023-07-30T11:00:00Z,2714.53,19331245908
2023-07-30T12:00:00Z,2746.75,20369546610
2023-07-30T13:00:00Z,2768.7,19460735542
2023-07-30T14:00:00Z,2748.51,20878651081
2023-07-30T15:00:00Z,2776.33,19531674125
2023-07-30T16:00:00Z,2817.17,20434859659
2023-07-30T17:00:00Z,2828.98,20662246905
2023-07-30T18:00:00Z,2810.32,19790905902
2023-07-30T19:00:00Z,2768.83,19667800200
2023-07-30T20:00:00Z,2765.08,20433845621
2023-07-30T21:00:00Z,2799.16,20625939688
2023-07-30T22:00:00Z,2808.02,20842077162
2023-07-30T23:00:00Z,2833.15,19631846637
2023-07-31T00:00:00Z,2852.08,20770461524
2023-07-31T01:00:00Z,2817.73,19462563049
2023-07-31T02:00:00Z,2833.32,20982438375
2023-07-31T03:00:00Z,2837.26,20643510371
2023-07-31T04:00:00Z,2845.36,19412134801
2023-07-31T05:00:00Z,2855.03,20460305312
2023-07-31T06:00:00Z,2891.57,19388344713
2023-07-31T07:00:00Z,2883.14,19679315913
2023-07-31T08:00:00Z,2840.09,20824767508
2023-07-31T09:00:00Z,2870.29,20393183955
2023-07-31T10:00:00Z,2876.22,20675071008
2023-07-31T11:00:00Z,2834.55,20744856505
2023-07-31T12:00:00Z,2853.38,20815468141
2023-07-31T13:00:00Z,2854.19,20645968160
2023-07-31T14:00:00Z,2825.15,19582662544
2023-07-31T15:00:00Z,2828.84,20060623485
2023-07-31T16:00:00Z,2825.69,19588445158
2023-07-31T17:00:00Z,2803.84,19753144101
2023-07-31T18:00:00Z,2797.85,19458525040
2023-07-31T19:00:00Z,2766.46,20774231600
2023-07-31T20:00:00Z,2739.6,20290028914
2023-07-31T21:00:00Z,2706.05,19399303399
2023-07-31T22:00:00Z,2736.88,20565962341
2023-07-31T23:00:00Z,2769.84,19879544450
2023-08-01T00:00:00Z,2769.48,19033802134
2023-08-01T01:00:00Z,2773.97,20823392054
2023-08-01T02:00:00Z,2765.79,20279063718
2023-08-01T03:00:00Z,2785.89,19340470209
2023-08-01T04:00:00Z,2773.6,20211722370
2023-08-01T05:00:00Z,2750.46,19719367949
2023-08-01T06:00:00Z,2734.27,20836656598
2023-08-01T07:00:00Z,2758.13,19940932055
2023-08-01T08:00:00Z,2770.12,20645008557
2023-08-01T09:00:00Z,2766.29,20225834762
2023-08-01T10:00:00Z,2734.01,19522789630
2023-08-01T11:00:00Z,2770.13,20592173784
2023-08-01T12:00:00Z,2793.4,19381814829
2023-08-01T13:00:00Z,2784.17,19435081757
2023-08-01T14:00:00Z,2743.08,19725125147
2023-08-01T15:00:00Z,2749.51,19192471931
2023-08-01T16:00:00Z,2715.12,20915872702
2023-08-01T17:00:00Z,2700.38,20938584657
2023-08-01T18:00:00Z,2712.14,20442870161
2023-08-01T19:00:00Z,2708.66,20567151841
2023-08-01T20:00:00Z,2676.79,20991941805
2023-08-01T21:00:00Z,2692.78,20168333674
2023-08-01T22:00:00Z,2671.71,20324717323
2023-08-01T23:00:00Z,2687.77,20397311922
2023-08-02T00:00:00Z,2680.5,19805702556
2023-08-02T01:00:00Z,2683.03,19939536586
2023-08-02T02:00:00Z,2703.32,19970279056
2023-08-02T03:00:00Z,2694.31,20686786809
2023-08-02T04:00:00Z,2697.98,19844720751
2023-08-02T05:00:00Z,2663.54,19477769891
2023-08-02T06:00:00Z,2699.51,20961690064
2023-08-02T07:00:00Z,2674.91,19297509155
2023-08-02T08:00:00Z,2688.17,20386031843
2023-08-02T09:00:00Z,2694.85,20008906062
2023-08-02T10:00:00Z,2706.34,20632032920
2023-08-02T11:00:00Z,2697.54,19969551406
2023-08-02T12:00:00Z,2734.34,20490456556
2023-08-02T13:00:00Z,2709.64,19562937461
2023-08-02T14:00:00Z,2720.91,19002953075
2023-08-02T15:00:00Z,2738.88,20618293574
2023-08-02T16:00:00Z,2731.9,19826779571
2023-08-02T17:00:00Z,2726.51,20994405757
2023-08-02T18:00:00Z,2726.72,20413355806
2023-08-02T19:00:00Z,2697.58,19096579624
2023-08-02T20:00:00Z,2697.33,20615273222
2023-08-02T21:00:00Z,2665.19,19351753377
2023-08-02T22:00:00Z,2696.91,20678864719
2023-08-02T23:00:00Z,2686.84,19966036407
2023-08-03T00:00:00Z,2656.04,19521490698
2023-08-03T01:00:00Z,2619.07,20175388530
2023-08-03T02:00:00Z,2602.38,19948284143
2023-08-03T03:00:00Z,2605.12,20474894851
2023-08-03T04:00:00Z,2621.18,19970713437
2023-08-03T05:00:00Z,2609.29,19659788328
2023-08-03T06:00:00Z,2643.69,19263657019
2023-08-03T07:00:00Z,2663.3,20946213462
2023-08-03T08:00:00Z,2678.23,19268618384
2023-08-03T09:00:00Z,2669.1,20452986079
2023-08-03T10:00:00Z,2703.49,19536907761
2023-08-03T11:00:00Z,2673.22,20523910139
2023-08-03T12:00:00Z,2676.2,19817146023
2023-08-03T13:00:00Z,2672.06,19373284010
2023-08-03T14:00:00Z,2677.38,20191888645
2023-08-03T15:00:00Z,2672.8,20305201205
2023-08-03T16:00:00Z,2646.59,20638968798
2023-08-03T17:00:00Z,2655.39,20309990611
2023-08-03T18:00:00Z,2642.23,20839245224
2023-08-03T19:00:00Z,2615.24,20475858664
2023-08-03T20:00:00Z,2604.76,20400359781
2023-08-03T21:00:00Z,2606.54,20394324283
2023-08-03T22:00:00Z,2638.0,20295062054
2023-08-03T23:00:00Z,2630.55,20708293928
2023-08-04T00:00:00Z,2648.79,20138506041
2023-08-04T01:00:00Z,2649.67,20860766480
2023-08-04T02:00:00Z,2627.91,20470084249
2023-08-04T03:00:00Z,2634.88,19754635771
2023-08-04T04:00:00Z,2661.98,20033651066
2023-08-04T05:00:00Z,2680.85,20471491498
2023-08-04T06:00:00Z,2707.73,20873171576
2023-08-04T07:00:00Z,2671.0,19123129499
2023-08-04T08:00:00Z,2692.06,19704728660
2023-08-04T09:00:00Z,2725.27,19634433725
2023-08-04T10:00:00Z,2745.43,19332485297
2023-08-04T11:00:00Z,2776.97,20835167854
2023-08-04T12:00:00Z,2800.26,20696497000
2023-08-04T13:00:00Z,2765.79,20153305462
2023-08-04T14:00:00Z,2727.65,20606153219
2023-08-04T15:00:00Z,2736.12,20496483732
2023-08-04T16:00:00Z,2706.84,19676530429
2023-08-04T17:00:00Z,2722.37,20974464005
2023-08-04T18:00:00Z,2740.03,20621130713
2023-08-04T19:00:00Z,2744.97,20700721348
2023-08-04T20:00:00Z,2755.69,20798707403
2023-08-04T21:00:00Z,2792.0,19295908465
2023-08-04T22:00:00Z,2800.57,20327065832
2023-08-04T23:00:00Z,2815.84,20286061349
2023-08-05T00:00:00Z,2812.46,20182120794
2023-08-05T01:00:00Z,2798.68,20557038088
2023-08-05T02:00:00Z,2788.21,19709932175
2023-08-05T03:00:00Z,2796.42,19720115458
2023-08-05T04:00:00Z,2817.57,20436950556
2023-08-05T05:00:00Z,2834.31,20740240565
2023-08-05T06:00:00Z,2805.5,20103082311
2023-08-05T07:00:00Z,2804.56,20642832630
2023-08-05T08:00:00Z,2803.67,19621395118
2023-08-05T09:00:00Z,2809.48,20502283208
2023-08-05T10:00:00Z,2836.38,19553922412
2023-08-05T11:00:00Z,2827.14,20421712221
2023-08-05T12:00:00Z,2823.15,20310400985
2023-08-05T13:00:00Z,2832.03,19519008578
2023-08-05T14:00:00Z,2828.46,19312568543
2023-08-05T15:00:00Z,2863.84,19860142996
2023-08-05T16:00:00Z,2846.95,20767042132
2023-08-05T17:00:00Z,2836.27,19952922385
2023-08-05T18:00:00Z,2816.65,20471730219
2023-08-05T19:00:00Z,2828.08,19239016322
2023-08-05T20:00:00Z,2863.87,20176668075
2023-08-05T21:00:00Z,2831.47,20010958753
2023-08-05T22:00:00Z,2853.08,19206053356
2023-08-05T23:00:00Z,2872.99,20202993406
2023-08-06T00:00:00Z,2869.91,20541449457
2023-08-06T01:00:00Z,2862.06,19355028216
2023-08-06T02:00:00Z,2866.97,20705322343
2023-08-06T03:00:00Z,2864.65,20903456574
2023-08-06T04:00:00Z,2837.67,20655456053
2023-08-06T05:00:00Z,2828.3,19171994780
2023-08-06T06:00:00Z,2816.78,19047575112
2023-08-06T07:00:00Z,2821.49,20227162716
2023-08-06T08:00:00Z,2849.49,19428102485
2023-08-06T09:00:00Z,2884.58,20156244485
2023-08-06T10:00:00Z,2891.57,20242236718
2023-08-06T11:00:00Z,2892.76,20948118147
2023-08-06T12:00:00Z,2870.12,19759855162
2023-08-06T13:00:00Z,2841.22,20941777749
2023-08-06T14:00:00Z,2855.9,20459959818
2023-08-06T15:00:00Z,2825.55,20456591552
2023-08-06T16:00:00Z,2785.8,20216378406
2023-08-06T17:00:00Z,2776.65,20255431597
2023-08-06T18:00:00Z,2792.94,19557527058
2023-08-06T19:00:00Z,2751.36,19865897549
2023-08-06T20:00:00Z,2786.56,19122197279
2023-08-06T21:00:00Z,2799.6,19761326468
2023-08-06T22:00:00Z,2827.17,20160495104
2023-08-06T23:00:00Z,2811.31,19664173374
2023-08-07T00:00:00Z,2789.35,19773132874
2023-08-07T01:00:00Z,2816.78,19607448181
2023-08-07T02:00:00Z,2834.19,20832682231
2023-08-07T03:00:00Z,2874.29,20493165599
2023-08-07T04:00:00Z,2885.24,20798262042
2023-08-07T05:00:00Z,2844.18,19204210468
2023-08-07T06:00:00Z,2831.02,20953171751
2023-08-07T07:00:00Z,2867.94,19897587818
2023-08-07T08:00:00Z,2880.35,19657788869
2023-08-07T09:00:00Z,2888.31,19607362250
2023-08-07T10:00:00Z,2881.52,20019541280
2023-08-07T11:00:00Z,2878.89,20003367691
2023-08-07T12:00:00Z,2906.95,19586683134
2023-08-07T13:00:00Z,2868.91,20028770590
2023-08-07T14:00:00Z,2864.47,20627631429
2023-08-07T15:00:00Z,2891.94,20323368780
2023-08-07T16:00:00Z,2886.74,20775027469
2023-08-07T17:00:00Z,2850.12,20440748271
2023-08-07T18:00:00Z,2835.29,19250232734
2023-08-07T19:00:00Z,2805.51,20230344058
2023-08-07T20:00:00Z,2783.74,19529516381
2023-08-07T21:00:00Z,2757.0,20994728154
2023-08-07T22:00:00Z,2748.4,20961766842
2023-08-07T23:00:00Z,2707.82,19938631980
2023-08-08T00:00:00Z,2671.51,19117002581
2023-08-08T01:00:00Z,2688.84,19578052524
2023-08-08T02:00:00Z,2720.89,20883237851
2023-08-08T03:00:00Z,2685.38,20591672220
2023-08-08T04:00:00Z,2682.21,19062721759
2023-08-08T05:00:00Z,2658.43,19568910513
2023-08-08T06:00:00Z,2676.9,20028837764
2023-08-08T07:00:00Z,2646.43,20224293503
2023-08-08T08:00:00Z,2621.67,19849712373
2023-08-08T09:00:00Z,2608.14,20124269821
2023-08-08T10:00:00Z,2612.12,20072739908
2023-08-08T11:00:00Z,2630.85,20517738529
2023-08-08T12:00:00Z,2634.14,20389905922
2023-08-08T13:00:00Z,2638.05,20494170900
2023-08-08T14:00:00Z,2617.92,19711262467
2023-08-08T15:00:00Z,2635.75,19189688861
2023-08-08T16:00:00Z,2632.38,20126446023
2023-08-08T17:00:00Z,2627.3,20654818682
2023-08-08T18:00:00Z,2645.67,20964102753
2023-08-08T19:00:00Z,2642.12,20380838980
2023-08-08T20:00:00Z,2675.64,20107505024
2023-08-08T21:00:00Z,2655.94,20123534045
2023-08-08T22:00:00Z,2690.55,19846350229
2023-08-08T23:00:00Z,2672.02,20963352281
2023-08-09T00:00:00Z,2641.47,19399982298
2023-08-09T01:00:00Z,2642.57,20705713073
2023-08-09T02:00:00Z,2629.4,20213916846
2023-08-09T03:00:00Z,2621.7,20015781013
2023-08-09T04:00:00Z,2649.68,19688068154
2023-08-09T05:00:00Z,2647.68,20183372736
2023-08-09T06:00:00Z,2685.56,20482509141
2023-08-09T07:00:00Z,2711.23,20099481490
2023-08-09T08:00:00Z,2685.28,20710908921
2023-08-09T09:00:00Z,2658.62,20795824737
2023-08-09T10:00:00Z,2619.52,20834530664
2023-08-09T11:00:00Z,2649.8,19309915957
2023-08-09T12:00:00Z,2616.41,20179199039
2023-08-09T13:00:00Z,2602.64,19964990029
2023-08-09T14:00:00Z,2593.53,20347673764
2023-08-09T15:00:00Z,2627.13,19893709159
2023-08-09T16:00:00Z,2627.11,20887945745
2023-08-09T17:00:00Z,2633.99,19087781851
2023-08-09T18:00:00Z,2607.91,20542235369
2023-08-09T19:00:00Z,2635.74,20810102561
2023-08-09T20:00:00Z,2627.58,20632428678
2023-08-09T21:00:00Z,2622.36,20423307964
2023-08-09T22:00:00Z,2648.54,19442189958
2023-08-09T23:00:00Z,2626.1,20593997965
2023-08-10T00:00:00Z,2649.51,20231338071
2023-08-10T01:00:00Z,2669.83,19327605798
2023-08-10T02:00:00Z,2648.6,20656635086
2023-08-10T03:00:00Z,2684.19,20548413673
2023-08-10T04:00:00Z,2688.39,19278423158
2023-08-10T05:00:00Z,2710.37,19982904726
2023-08-10T06:00:00Z,2669.78,20063244806
2023-08-10T07:00:00Z,2682.57,20922774194
2023-08-10T08:00:00Z,2650.27,20821635762
2023-08-10T09:00:00Z,2668.34,19167036520
2023-08-10T10:00:00Z,2670.8,19896467372
2023-08-10T11:00:00Z,2707.69,19784445024
2023-08-10T12:00:00Z,2723.63,20399301946
2023-08-10T13:00:00Z,2696.72,20807494968
2023-08-10T14:00:00Z,2726.78,20352559352
2023-08-10T15:00:00Z,2718.52,19221919445
2023-08-10T16:00:00Z,2707.49,19636256376
2023-08-10T17:00:00Z,2747.23,19240901414
2023-08-10T18:00:00Z,2781.18,19438665009
2023-08-10T19:00:00Z,2808.31,20327829513
2023-08-10T20:00:00Z,2826.67,19037902649
2023-08-10T21:00:00Z,2791.03,20812162822
2023-08-10T22:00:00Z,2774.53,19423532224
2023-08-10T23:00:00Z,2809.09,20247617128
2023-08-11T00:00:00Z,2819.06,19638722214
2023-08-11T01:00:00Z,2804.89,19142308891
2023-08-11T02:00:00Z,2798.46,20505145932
2023-08-11T03:00:00Z,2806.65,19162706472
2023-08-11T04:00:00Z,2773.8,20296914356
2023-08-11T05:00:00Z,2781.42,19451835812
2023-08-11T06:00:00Z,2739.87,19931048407
2023-08-11T07:00:00Z,2713.4,20865345722
2023-08-11T08:00:00Z,2686.18,20491944776
2023-08-11T09:00:00Z,2680.64,20043362472
2023-08-11T10:00:00Z,2651.56,19927662238
2023-08-11T11:00:00Z,2617.86,20647478448
2023-08-11T12:00:00Z,2607.22,20564705895
2023-08-11T13:00:00Z,2584.14,20211704937
2023-08-11T14:00:00Z,2563.81,20310555022
2023-08-11T15:00:00Z,2572.22,20681536293
2023-08-11T16:00:00Z,2586.65,19229598421
2023-08-11T17:00:00Z,2551.27,19857135548
2023-08-11T18:00:00Z,2529.93,19800065902
2023-08-11T19:00:00Z,2508.74,20474685536
2023-08-11T20:00:00Z,2479.48,19780256669
2023-08-11T21:00:00Z,2444.48,19240319177
2023-08-11T22:00:00Z,2464.99,19295056728
2023-08-11T23:00:00Z,2434.85,20760329686
2023-08-12T00:00:00Z,2420.59,20254364866
2023-08-12T01:00:00Z,2392.0,20581402153
2023-08-12T02:00:00Z,2392.97,19023395856
2023-08-12T03:00:00Z,2419.58,20556001955
2023-08-12T04:00:00Z,2398.57,19872443075
2023-08-12T05:00:00Z,2387.01,19288322394
2023-08-12T06:00:00Z,2404.07,20003257793
2023-08-12T07:00:00Z,2398.83,19978362036
2023-08-12T08:00:00Z,2389.96,19648908535
2023-08-12T09:00:00Z,2378.4,19820982930
2023-08-12T10:00:00Z,2409.98,20371380548
2023-08-12T11:00:00Z,2385.41,20165138684
2023-08-12T12:00:00Z,2365.43,19954584058
2023-08-12T13:00:00Z,2364.32,20360404168
2023-08-12T14:00:00Z,2369.26,20207058443
2023-08-12T15:00:00Z,2398.24,19915849862
2023-08-12T16:00:00Z,2395.39,19337321971
2023-08-12T17:00:00Z,2399.09,19380232175
2023-08-12T18:00:00Z,2418.83,19314598466
2023-08-12T19:00:00Z,2417.93,20055700009
2023-08-12T20:00:00Z,2388.61,19591825387
2023-08-12T21:00:00Z,2388.43,19156912704
2023-08-12T22:00:00Z,2420.34,20259517196
2023-08-12T23:00:00Z,2394.08,19420209918
2023-08-13T00:00:00Z,2384.43,19861828809
2023-08-13T01:00:00Z,2350.69,20871560354
2023-08-13T02:00:00Z,2353.75,19915807980
2023-08-13T03:00:00Z,2382.54,20233759480
2023-08-13T04:00:00Z,2403.96,19764384730
2023-08-13T05:00:00Z,2407.21,19906728627
2023-08-13T06:00:00Z,2374.54,20893803982
2023-08-13T07:00:00Z,2378.73,19116768655
2023-08-13T08:00:00Z,2384.04,19204797013
2023-08-13T09:00:00Z,2359.22,20673753108
2023-08-13T10:00:00Z,2376.84,19995468781
2023-08-13T11:00:00Z,2411.56,19034600083
2023-08-13T12:00:00Z,2391.88,20809306225
2023-08-13T13:00:00Z,2409.95,19405265432
2023-08-13T14:00:00Z,2413.63,20297214560
2023-08-13T15:00:00Z,2400.76,20142337261
2023-08-13T16:00:00Z,2417.64,19409362183
2023-08-13T17:00:00Z,2410.61,19028195993
2023-08-13T18:00:00Z,2383.44,19148177900
2023-08-13T19:00:00Z,2367.73,20305061856
2023-08-13T20:00:00Z,2334.23,20396814658
2023-08-13T21:00:00Z,2368.33,19529803395
2023-08-13T22:00:00Z,2360.77,19221858660
2023-08-13T23:00:00Z,2363.74,19486456590
2023-08-14T00:00:00Z,2346.21,20916412032
2023-08-14T01:00:00Z,2380.89,19768166289
2023-08-14T02:00:00Z,2403.9,20028537522
2023-08-14T03:00:00Z,2427.61,19043356805
2023-08-14T04:00:00Z,2395.28,19780904971
2023-08-14T05:00:00Z,2422.22,19894515295
2023-08-14T06:00:00Z,2389.8,19298809273
2023-08-14T07:00:00Z,2368.8,19342895856
2023-08-14T08:00:00Z,2356.41,19626217586
2023-08-14T09:00:00Z,2333.39,19969077806
2023-08-14T10:00:00Z,2312.89,20079868251
2023-08-14T11:00:00Z,2334.92,20313896204
2023-08-14T12:00:00Z,2361.59,19695501857
2023-08-14T13:00:00Z,2331.02,20032812128
2023-08-14T14:00:00Z,2298.94,19279917978
2023-08-14T15:00:00Z,2321.44,20788624272
2023-08-14T16:00:00Z,2323.13,19847739659
2023-08-14T17:00:00Z,2327.66,20054583714
2023-08-14T18:00:00Z,2313.89,20985214314
2023-08-14T19:00:00Z,2300.3,19349119606
2023-08-14T20:00:00Z,2269.6,20780024881
2023-08-14T21:00:00Z,2302.75,20480610224
2023-08-14T22:00:00Z,2301.38,20313902556
2023-08-14T23:00:00Z,2266.94,19867871298
2023-08-15T00:00:00Z,2275.21,19736752440
2023-08-15T01:00:00Z,2263.89,20603069127
2023-08-15T02:00:00Z,2235.14,20928206622
2023-08-15T03:00:00Z,2242.0,19510301905
2023-08-15T04:00:00Z,2267.39,19264362821
2023-08-15T05:00:00Z,2256.19,19839506849
2023-08-15T06:00:00Z,2232.1,19776792314
2023-08-15T07:00:00Z,2250.51,20586851478
2023-08-15T08:00:00Z,2263.28,19147577558
2023-08-15T09:00:00Z,2236.0,20858384870
2023-08-15T10:00:00Z,2259.06,20643455366
2023-08-15T11:00:00Z,2250.57,20221720043
2023-08-15T12:00:00Z,2228.21,20245735850
2023-08-15T13:00:00Z,2229.82,19508365151
2023-08-15T14:00:00Z,2219.74,20830190364
2023-08-15T15:00:00Z,2200.57,19283427473
2023-08-15T16:00:00Z,2209.89,20977498374
2023-08-15T17:00:00Z,2209.57,20921405650
2023-08-15T18:00:00Z,2207.74,19701667527
2023-08-15T19:00:00Z,2188.87,19486011647
2023-08-15T20:00:00Z,2199.82,20532519084
2023-08-15T21:00:00Z,2191.43,19137084792
2023-08-15T22:00:00Z,2194.95,19357196289
2023-08-15T23:00:00Z,2213.74,20267689580
2023-08-16T00:00:00Z,2229.47,19501418696
2023-08-16T01:00:00Z,2202.96,19621335184
2023-08-16T02:00:00Z,2190.45,20755613408
2023-08-16T03:00:00Z,2168.86,19405023085
2023-08-16T04:00:00Z,2137.86,19161300925
2023-08-16T05:00:00Z,2110.87,20826322186
2023-08-16T06:00:00Z,2081.27,19661200563
2023-08-16T07:00:00Z,2101.2,19706865783
2023-08-16T08:00:00Z,2129.94,20248149051
2023-08-16T09:00:00Z,2149.69,20341072017
2023-08-16T10:00:00Z,2140.82,19286309684
2023-08-16T11:00:00Z,2114.82,19653584576
2023-08-16T12:00:00Z,2128.56,19410216998
2023-08-16T13:00:00Z,2099.12,19575134320
2023-08-16T14:00:00Z,2110.38,19975674708
2023-08-16T15:00:00Z,2084.26,19867050107
2023-08-16T16:00:00Z,2110.23,19354167704
2023-08-16T17:00:00Z,2113.53,19358599025
2023-08-16T18:00:00Z,2117.86,20376859869
2023-08-16T19:00:00Z,2124.55,19861627178
2023-08-16T20:00:00Z,2156.29,20245402016
2023-08-16T21:00:00Z,2169.62,20290595796
2023-08-16T22:00:00Z,2195.02,19008601702
2023-08-16T23:00:00Z,2167.41,19259562770
2023-08-17T00:00:00Z,2138.71,19710260328
2023-08-17T01:00:00Z,2153.91,20425888843
2023-08-17T02:00:00Z,2177.51,19671464911
2023-08-17T03:00:00Z,2189.47,19119738903
2023-08-17T04:00:00Z,2212.57,20024167354
2023-08-17T05:00:00Z,2244.33,20344033843
2023-08-17T06:00:00Z,2210.77,20091868431
2023-08-17T07:00:00Z,2188.46,19148055405
2023-08-17T08:00:00Z,2207.1,20982908170
2023-08-17T09:00:00Z,2238.75,19513148875
2023-08-17T10:00:00Z,2247.07,20420074326
2023-08-17T11:00:00Z,2236.09,20316778791
2023-08-17T12:00:00Z,2224.75,19092332618
2023-08-17T13:00:00Z,2200.28,20239368497
2023-08-17T14:00:00Z,2202.27,19245072870
2023-08-17T15:00:00Z,2172.68,20930395197
2023-08-17T16:00:00Z,2188.38,20640531881
2023-08-17T17:00:00Z,2162.3,20586039082
2023-08-17T18:00:00Z,2151.28,20769055562
2023-08-17T19:00:00Z,2127.63,20812402420
2023-08-17T20:00:00Z,2136.21,20246713813
2023-08-17T21:00:00Z,2136.81,19378016305
2023-08-17T22:00:00Z,2129.83,20018780442
2023-08-17T23:00:00Z,2152.28,20942217908
2023-08-18T00:00:00Z,2124.0,19648274755
2023-08-18T01:00:00Z,2153.13,20562104196
2023-08-18T02:00:00Z,2134.71,19185912335
2023-08-18T03:00:00Z,2165.46,20722218520
2023-08-18T04:00:00Z,2178.69,20992912521
2023-08-18T05:00:00Z,2167.56,19915638450
2023-08-18T06:00:00Z,2153.53,19744643600
2023-08-18T07:00:00Z,2158.77,19925026437
2023-08-18T08:00:00Z,2132.25,19462909673
2023-08-18T09:00:00Z,2162.11,19230455946
2023-08-18T10:00:00Z,2175.01,20682250972
2023-08-18T11:00:00Z,2200.44,19288723493
2023-08-18T12:00:00Z,2180.24,19109499381
2023-08-18T13:00:00Z,2181.4,19451395310
2023-08-18T14:00:00Z,2167.93,19871758190
2023-08-18T15:00:00Z,2169.84,19243749915
2023-08-18T16:00:00Z,2180.93,20427938601
2023-08-18T17:00:00Z,2196.99,20378685706
2023-08-18T18:00:00Z,2210.72,19171075396
2023-08-18T19:00:00Z,2206.85,20380902958
2023-08-18T20:00:00Z,2182.56,20610864728
2023-08-18T21:00:00Z,2159.3,19454898428
2023-08-18T22:00:00Z,2128.39,19312647129
2023-08-18T23:00:00Z,2103.37,20511032073
2023-08-19T00:00:00Z,2079.56,20465888182
2023-08-19T01:00:00Z,2070.93,20606822365
2023-08-19T02:00:00Z,2096.83,20612740777
2023-08-19T03:00:00Z,2068.81,19163085824
2023-08-19T04:00:00Z,2043.74,20926282781
2023-08-19T05:00:00Z,2040.83,19583393779
2023-08-19T06:00:00Z,2011.41,20414064929
2023-08-19T07:00:00Z,1991.08,20113468964
2023-08-19T08:00:00Z,2008.19,20085298387
2023-08-19T09:00:00Z,2008.36,20386269800
2023-08-19T10:00:00Z,2027.59,19337554757
2023-08-19T11:00:00Z,2025.34,19959689765
2023-08-19T12:00:00Z,2043.33,20240761451
2023-08-19T13:00:00Z,2037.5,19923162945
2023-08-19T14:00:00Z,2038.97,20264737512
2023-08-19T15:00:00Z,2055.14,20189469451
2023-08-19T16:00:00Z,2028.98,19310129808
2023-08-19T17:00:00Z,2005.54,20458570967
2023-08-19T18:00:00Z,2035.54,20538177793
2023-08-19T19:00:00Z,2054.48,20477695113
2023-08-19T20:00:00Z,2035.77,19399943366
2023-08-19T21:00:00Z,2036.49,20344565544
2023-08-19T22:00:00Z,2026.69,19759343910
2023-08-19T23:00:00Z,2003.44,19361467122
2023-08-20T00:00:00Z,1973.41,20272881064
2023-08-20T01:00:00Z,1978.94,19227781783
2023-08-20T02:00:00Z,2000.26,19415272780
2023-08-20T03:00:00Z,2004.5,19997885978
2023-08-20T04:00:00Z,1981.2,19977606212
2023-08-20T05:00:00Z,2004.53,20375214151
2023-08-20T06:00:00Z,1975.18,20950564130
2023-08-20T07:00:00Z,1985.76,20169168027
2023-08-20T08:00:00Z,1969.7,20965987051
2023-08-20T09:00:00Z,1966.6,19853645112
2023-08-20T10:00:00Z,1945.78,20207844226
2023-08-20T11:00:00Z,1922.34,19882641942
2023-08-20T12:00:00Z,1932.69,19175327650
2023-08-20T13:00:00Z,1941.56,19562539719
2023-08-20T14:00:00Z,1940.25,19249891091
2023-08-20T15:00:00Z,1915.24,20092209144
2023-08-20T16:00:00Z,1928.02,19957313660
2023-08-20T17:00:00Z,1919.72,20939002876
2023-08-20T18:00:00Z,1925.35,20517899975
2023-08-20T19:00:00Z,1953.56,19648643273
2023-08-20T20:00:00Z,1964.33,19755117104
2023-08-20T21:00:00Z,1944.1,19373212108
2023-08-20T22:00:00Z,1968.37,20193965707
2023-08-20T23:00:00Z,1957.57,19014672898
2023-08-21T00:00:00Z,1967.82,19615919507
2023-08-21T01:00:00Z,1962.06,20177737258
2023-08-21T02:00:00Z,1949.52,19004937031
2023-08-21T03:00:00Z,1930.59,19884253057
2023-08-21T04:00:00Z,1936.46,20687733984
2023-08-21T05:00:00Z,1941.27,20204013307
2023-08-21T06:00:00Z,1939.38,19137071993
2023-08-21T07:00:00Z,1939.95,19122020306
2023-08-21T08:00:00Z,1943.94,19813009453
2023-08-21T09:00:00Z,1928.07,20176145835
2023-08-21T10:00:00Z,1899.16,20317725416
2023-08-21T11:00:00Z,1893.26,19371501359
2023-08-21T12:00:00Z,1894.04,20044140890
2023-08-21T13:00:00Z,1902.85,20086275603
2023-08-21T14:00:00Z,1907.45,19773727920
2023-08-21T15:00:00Z,1883.33,20452483093
2023-08-21T16:00:00Z,1910.62,20810312025
2023-08-21T17:00:00Z,1900.46,19312654575
2023-08-21T18:00:00Z,1876.83,20922279527
2023-08-21T19:00:00Z,1889.9,19640685466
2023-08-21T20:00:00Z,1872.68,20279094088
2023-08-21T21:00:00Z,1847.82,20135058448
2023-08-21T22:00:00Z,1826.3,19093999057
2023-08-21T23:00:00Z,1798.96,20378951734
2023-08-22T00:00:00Z,1815.85,20519468606
2023-08-22T01:00:00Z,1790.41,19812576179
2023-08-22T02:00:00Z,1791.11,20552990750
2023-08-22T03:00:00Z,1764.56,20515749460
2023-08-22T04:00:00Z,1768.81,19485283676
2023-08-22T05:00:00Z,1744.53,19186590108
2023-08-22T06:00:00Z,1743.15,20176086359
2023-08-22T07:00:00Z,1761.92,19504337038
2023-08-22T08:00:00Z,1743.22,20127911747
2023-08-22T09:00:00Z,1758.2,20054511605
2023-08-22T10:00:00Z,1765.04,19819917027
2023-08-22T11:00:00Z,1784.73,20604262569
2023-08-22T12:00:00Z,1779.93,20315597728
2023-08-22T13:00:00Z,1793.63,20143493102
2023-08-22T14:00:00Z,1790.97,20782911158
2023-08-22T15:00:00Z,1786.52,20685263842
2023-08-22T16:00:00Z,1773.66,20769340099
2023-08-22T17:00:00Z,1755.78,19428520595
2023-08-22T18:00:00Z,1766.44,20506888669
2023-08-22T19:00:00Z,1741.37,19696446329
2023-08-22T20:00:00Z,1735.39,20922129281
2023-08-22T21:00:00Z,1724.46,19291092093
2023-08-22T22:00:00Z,1727.07,20782066351
2023-08-22T23:00:00Z,1715.89,20799717734
2023-08-23T00:00:00Z,1740.56,19438534963
2023-08-23T01:00:00Z,1741.91,19687300321
2023-08-23T02:00:00Z,1730.99,20281693369
2023-08-23T03:00:00Z,1731.61,20248928012
2023-08-23T04:00:00Z,1735.95,20070850147
2023-08-23T05:00:00Z,1761.29,19903721585
2023-08-23T06:00:00Z,1771.81,19484579299
2023-08-23T07:00:00Z,1756.53,19760441475
2023-08-23T08:00:00Z,1772.72,20584971139
2023-08-23T09:00:00Z,1754.0,19848483065
2023-08-23T10:00:00Z,1767.14,19508592948
2023-08-23T11:00:00Z,1792.09,19451832336
2023-08-23T12:00:00Z,1808.93,19739889946
2023-08-23T13:00:00Z,1788.0,19980970516
2023-08-23T14:00:00Z,1813.6,19611645491
2023-08-23T15:00:00Z,1805.57,19474928638
2023-08-23T16:00:00Z,1823.12,20716388018
2023-08-23T17:00:00Z,1828.17,19332746257
2023-08-23T18:00:00Z,1849.46,20294216380
2023-08-23T19:00:00Z,1846.6,19544520834
2023-08-23T20:00:00Z,1856.01,19758985077
2023-08-23T21:00:00Z,1835.76,20128918326
2023-08-23T22:00:00Z,1850.91,20696109454
2023-08-23T23:00:00Z,1878.22,20221730089
2023-08-24T00:00:00Z,1861.39,19157975830
2023-08-24T01:00:00Z,1864.98,19091822874
2023-08-24T02:00:00Z,1854.91,20172839728
2023-08-24T03:00:00Z,1849.28,20187880761
2023-08-24T04:00:00Z,1870.1,19821944761
2023-08-24T05:00:00Z,1885.49,20889259005
2023-08-24T06:00:00Z,1880.72,20769223957
2023-08-24T07:00:00Z,1866.02,19164925692
2023-08-24T08:00:00Z,1882.42,20264373096
2023-08-24T09:00:00Z,1854.31,19395722033
2023-08-24T10:00:00Z,1879.31,19636698329
2023-08-24T11:00:00Z,1899.85,19571517048
2023-08-24T12:00:00Z,1884.39,20076852336
2023-08-24T13:00:00Z,1887.19,19251891443
2023-08-24T14:00:00Z,1859.22,20783674802
2023-08-24T15:00:00Z,1858.32,20248745817
2023-08-24T16:00:00Z,1855.26,19875343424
2023-08-24T17:00:00Z,1863.53,19030463398
2023-08-24T18:00:00Z,1859.77,20346105839
2023-08-24T19:00:00Z,1840.61,20335357233
2023-08-24T20:00:00Z,1829.18,19577582900
2023-08-24T21:00:00Z,1810.11,19890913537
2023-08-24T22:00:00Z,1793.81,20163669935
2023-08-24T23:00:00Z,1800.47,19482848809
2023-08-25T00:00:00Z,1789.97,19472604482
2023-08-25T01:00:00Z,1801.01,20520195775
2023-08-25T02:00:00Z,1777.11,19077799117
2023-08-25T03:00:00Z,1790.16,20892292541
2023-08-25T04:00:00Z,1811.29,20211231016
2023-08-25T05:00:00Z,1785.54,20932385005
2023-08-25T06:00:00Z,1761.82,20970178663
2023-08-25T07:00:00Z,1766.76,19216012896
2023-08-25T08:00:00Z,1775.89,19518343114
2023-08-25T09:00:00Z,1781.71,20068126668
2023-08-25T10:00:00Z,1760.56,19949126505
2023-08-25T11:00:00Z,1777.92,20926242363
2023-08-25T12:00:00Z,1754.38,20002126650
2023-08-25T13:00:00Z,1774.14,20164776117
2023-08-25T14:00:00Z,1777.14,19078327222
2023-08-25T15:00:00Z,1770.56,20773852228
2023-08-25T16:00:00Z,1751.31,20018951217
2023-08-25T17:00:00Z,1766.5,19057664602
2023-08-25T18:00:00Z,1756.13,19889277267
2023-08-25T19:00:00Z,1777.87,20884108220
2023-08-25T20:00:00Z,1757.45,20839589283
2023-08-25T21:00:00Z,1743.67,19856581907
2023-08-25T22:00:00Z,1731.31,19425654024
2023-08-25T23:00:00Z,1757.13,20439056765
2023-08-26T00:00:00Z,1755.69,19114098310
2023-08-26T01:00:00Z,1774.11,19015042510
2023-08-26T02:00:00Z,1760.14,19978834744
2023-08-26T03:00:00Z,1733.85,19808630272
2023-08-26T04:00:00Z,1755.99,20741310077
2023-08-26T05:00:00Z,1750.8,19893795517
2023-08-26T06:00:00Z,1740.37,20715459472
2023-08-26T07:00:00Z,1748.94,19293510502
2023-08-26T08:00:00Z,1749.67,20714457150
2023-08-26T09:00:00Z,1727.54,20857247243
2023-08-26T10:00:00Z,1738.55,20858376744
2023-08-26T11:00:00Z,1736.64,20520267381
2023-08-26T12:00:00Z,1748.01,20012546616
2023-08-26T13:00:00Z,1724.81,20345972126
2023-08-26T14:00:00Z,1741.54,19617133895
2023-08-26T15:00:00Z,1732.92,19474732388
2023-08-26T16:00:00Z,1713.49,19134638777
2023-08-26T17:00:00Z,1702.72,20015874073
2023-08-26T18:00:00Z,1681.37,20430408564
2023-08-26T19:00:00Z,1675.69,19122192854
2023-08-26T20:00:00Z,1674.33,20187105092
2023-08-26T21:00:00Z,1694.47,20708429705
2023-08-26T22:00:00Z,1669.38,19353005846
2023-08-26T23:00:00Z,1672.3,19308292321
2023-08-27T00:00:00Z,1657.91,19992002471
2023-08-27T01:00:00Z,1678.11,20255041703
2023-08-27T02:00:00Z,1693.13,19099420961
2023-08-27T03:00:00Z,1693.87,20609246148
2023-08-27T04:00:00Z,1703.65,19329895704
2023-08-27T05:00:00Z,1681.86,19970849218
2023-08-27T06:00:00Z,1664.48,19534991082
2023-08-27T07:00:00Z,1670.61,19789869674
2023-08-27T08:00:00Z,1659.39,19940115867
2023-08-27T09:00:00Z,1642.71,20375250364
2023-08-27T10:00:00Z,1623.95,20511080314
2023-08-27T11:00:00Z,1602.08,20743916051
2023-08-27T12:00:00Z,1594.25,20561636348
2023-08-27T13:00:00Z,1603.56,20427973723
2023-08-27T14:00:00Z,1589.69,19060309277
2023-08-27T15:00:00Z,1608.61,19582041643
2023-08-27T16:00:00Z,1592.98,20224629978
2023-08-27T17:00:00Z,1593.3,19460686318
2023-08-27T18:00:00Z,1582.22,19946322661
2023-08-27T19:00:00Z,1591.4,20938723209
2023-08-27T20:00:00Z,1593.84,20589237844
2023-08-27T21:00:00Z,1578.5,20990346210
2023-08-27T22:00:00Z,1589.66,20945301727
2023-08-27T23:00:00Z,1574.11,20180548529
2023-08-28T00:00:00Z,1591.4,19252115402
2023-08-28T01:00:00Z,1605.79,19599888362
2023-08-28T02:00:00Z,1624.52,19243126269
2023-08-28T03:00:00Z,1604.17,20325111697
2023-08-28T04:00:00Z,1617.67,20515063989
2023-08-28T05:00:00Z,1597.17,20035187714
2023-08-28T06:00:00Z,1588.84,20796479313
2023-08-28T07:00:00Z,1577.72,20453936526
2023-08-28T08:00:00Z,1586.28,20974347641
2023-08-28T09:00:00Z,1590.95,19828214121
2023-08-28T10:00:00Z,1612.58,20297253668
2023-08-28T11:00:00Z,1631.36,19392251444
2023-08-28T12:00:00Z,1623.53,20058689617
2023-08-28T13:00:00Z,1608.37,19673528326
2023-08-28T14:00:00Z,1600.54,19734420447
2023-08-28T15:00:00Z,1613.27,20743553084
2023-08-28T16:00:00Z,1616.86,19035377771
2023-08-28T17:00:00Z,1631.51,20563515060
2023-08-28T18:00:00Z,1650.12,20092727215
2023-08-28T19:00:00Z,1637.68,19259787276
2023-08-28T20:00:00Z,1655.95,19519312446
2023-08-28T21:00:00Z,1676.81,20256451256
2023-08-28T22:00:00Z,1662.66,20509638479
2023-08-28T23:00:00Z,1655.54,19198212922
2023-08-29T00:00:00Z,1674.31,19459470536
2023-08-29T01:00:00Z,1684.56,19737654899
2023-08-29T02:00:00Z,1680.78,20953893350
2023-08-29T03:00:00Z,1655.69,19672209600
2023-08-29T04:00:00Z,1644.33,20749836321
2023-08-29T05:00:00Z,1639.99,19703022206
2023-08-29T06:00:00Z,1616.77,20988374547
2023-08-29T07:00:00Z,1612.01,19471131623
2023-08-29T08:00:00Z,1632.43,19646674815
2023-08-29T09:00:00Z,1631.0,20087131806
2023-08-29T10:00:00Z,1646.27,19963817217
2023-08-29T11:00:00Z,1625.15,20392868980
2023-08-29T12:00:00Z,1602.34,20767757169
2023-08-29T13:00:00Z,1605.14,20782648499
2023-08-29T14:00:00Z,1585.9,19497692355
2023-08-29T15:00:00Z,1603.39,19593253668
2023-08-29T16:00:00Z,1615.45,19007364418
2023-08-29T17:00:00Z,1602.62,20990795867
2023-08-29T18:00:00Z,1589.54,19335893418
2023-08-29T19:00:00Z,1605.24,19675942333
2023-08-29T20:00:00Z,1597.25,19089500245
2023-08-29T21:00:00Z,1577.49,19670207657
2023-08-29T22:00:00Z,1569.91,19443885255
2023-08-29T23:00:00Z,1588.17,19666674869
2023-08-30T00:00:00Z,1588.35,19181236040
2023-08-30T01:00:00Z,1600.99,19762959896
2023-08-30T02:00:00Z,1580.19,20775069353
2023-08-30T03:00:00Z,1587.16,20820028616
2023-08-30T04:00:00Z,1582.67,20010607617
2023-08-30T05:00:00Z,1583.4,20122094739
2023-08-30T06:00:00Z,1563.76,19156677042
2023-08-30T07:00:00Z,1565.94,19704722040
2023-08-30T08:00:00Z,1584.85,19629604421
2023-08-30T09:00:00Z,1573.23,20202621258
2023-08-30T10:00:00Z,1590.8,19761547474
2023-08-30T11:00:00Z,1576.3,20836149962
2023-08-30T12:00:00Z,1574.15,20086947394
2023-08-30T13:00:00Z,1581.92,20009238614
2023-08-30T14:00:00Z,1584.85,19229456745
2023-08-30T15:00:00Z,1601.56,20019464466
2023-08-30T16:00:00Z,1588.71,20418514664
2023-08-30T17:00:00Z,1572.12,20394315127
2023-08-30T18:00:00Z,1558.53,19454030878
2023-08-30T19:00:00Z,1557.63,20210713922
2023-08-30T20:00:00Z,1544.88,19708521675
2023-08-30T21:00:00Z,1556.59,20975705671
2023-08-30T22:00:00Z,1579.56,20855359586
2023-08-30T23:00:00Z,1560.41,19963346528
2023-08-31T00:00:00Z,1543.59,20794376629
2023-08-31T01:00:00Z,1535.99,19225596632
2023-08-31T02:00:00Z,1532.54,19004100071
2023-08-31T03:00:00Z,1530.44,19149934118
2023-08-31T04:00:00Z,1536.07,19337986683
2023-08-31T05:00:00Z,1517.38,19947494929
2023-08-31T06:00:00Z,1514.25,19844998154
2023-08-31T07:00:00Z,1531.38,19847349665
2023-08-31T08:00:00Z,1527.17,19168779947
2023-08-31T09:00:00Z,1538.15,20001875539
2023-08-31T10:00:00Z,1560.89,19874083237
2023-08-31T11:00:00Z,1574.45,20066289874
2023-08-31T12:00:00Z,1555.52,19003175161
2023-08-31T13:00:00Z,1554.1,19302672091
2023-08-31T14:00:00Z,1539.36,19059800412
2023-08-31T15:00:00Z,1551.41,20389243636
2023-08-31T16:00:00Z,1568.63,20185964502
2023-08-31T17:00:00Z,1558.6,20680145650
2023-08-31T18:00:00Z,1541.75,20030659621
2023-08-31T19:00:00Z,1545.08,20140925952
2023-08-31T20:00:00Z,1556.12,20776581235
2023-08-31T21:00:00Z,1533.87,20473132001
2023-08-31T22:00:00Z,1519.6,19509585700
2023-08-31T23:00:00Z,1501.87,19334523889
2023-09-01T00:00:00Z,1519.12,19207859739
2023-09-01T01:00:00Z,1508.72,19210787565
2023-09-01T02:00:00Z,1490.74,20244938514
2023-09-01T03:00:00Z,1473.85,19591850862
2023-09-01T04:00:00Z,1472.65,19031137572
2023-09-01T05:00:00Z,1477.52,20652348647
2023-09-01T06:00:00Z,1482.12,19873587932
2023-09-01T07:00:00Z,1473.74,20475057310
2023-09-01T08:00:00Z,1483.61,20803445992
2023-09-01T09:00:00Z,1474.94,19645568329
2023-09-01T10:00:00Z,1462.94,20854069329
2023-09-01T11:00:00Z,1473.45,20468338995
2023-09-01T12:00:00Z,1469.33,19112440484
2023-09-01T13:00:00Z,1485.32,20164694310
2023-09-01T14:00:00Z,1496.47,20446661644
2023-09-01T15:00:00Z,1515.66,19313669232
2023-09-01T16:00:00Z,1508.19,19721055395
2023-09-01T17:00:00Z,1530.21,20683880538
2023-09-01T18:00:00Z,1515.08,19792905673
2023-09-01T19:00:00Z,1532.62,20992508105
2023-09-01T20:00:00Z,1514.17,20809972299
2023-09-01T21:00:00Z,1516.13,19662161049
2023-09-01T22:00:00Z,1517.01,20146219035
2023-09-01T23:00:00Z,1514.74,20946415625
2023-09-02T00:00:00Z,1500.9,19166430405
2023-09-02T01:00:00Z,1512.62,20839145589
2023-09-02T02:00:00Z,1502.6,19592679804
2023-09-02T03:00:00Z,1499.62,20552969801
2023-09-02T04:00:00Z,1510.49,19123339107
2023-09-02T05:00:00Z,1511.53,20524709295
2023-09-02T06:00:00Z,1508.61,20960576854
2023-09-02T07:00:00Z,1494.05,20240081797
2023-09-02T08:00:00Z,1490.28,20497025703
2023-09-02T09:00:00Z,1485.95,19849126527
2023-09-02T10:00:00Z,1472.86,19366957097
2023-09-02T11:00:00Z,1462.55,19956992217
2023-09-02T12:00:00Z,1482.66,19617522843
2023-09-02T13:00:00Z,1493.36,20978273866
2023-09-02T14:00:00Z,1509.05,19248310668
2023-09-02T15:00:00Z,1497.23,20014700011
2023-09-02T16:00:00Z,1499.57,19702741012
2023-09-02T17:00:00Z,1490.3,19122475646
2023-09-02T18:00:00Z,1485.12,19608262787
2023-09-02T19:00:00Z,1478.11,20781911441
2023-09-02T20:00:00Z,1474.08,19251273469
2023-09-02T21:00:00Z,1478.34,20085852831
2023-09-02T22:00:00Z,1457.79,20607103298
2023-09-02T23:00:00Z,1442.19,19139287274
2023-09-03T00:00:00Z,1425.83,19629920036
2023-09-03T01:00:00Z,1419.93,20548840369
2023-09-03T02:00:00Z,1424.54,19372935472
2023-09-03T03:00:00Z,1439.13,19829478214
2023-09-03T04:00:00Z,1421.09,20430052068
2023-09-03T05:00:00Z,1427.5,19145345400
2023-09-03T06:00:00Z,1407.54,19356672494
2023-09-03T07:00:00Z,1386.72,20315376658
2023-09-03T08:00:00Z,1398.81,20386734130
2023-09-03T09:00:00Z,1386.26,19484282494
2023-09-03T10:00:00Z,1374.7,19690602531
2023-09-03T11:00:00Z,1367.51,20017124717
2023-09-03T12:00:00Z,1368.09,19097939929
2023-09-03T13:00:00Z,1374.39,19095592121
2023-09-03T14:00:00Z,1391.6,19877020035
2023-09-03T15:00:00Z,1379.91,20334843697
2023-09-03T16:00:00Z,1388.21,19958569438
2023-09-03T17:00:00Z,1386.02,20409093362
2023-09-03T18:00:00Z,1371.42,20571774966
2023-09-03T19:00:00Z,1372.55,20548169697
2023-09-03T20:00:00Z,1361.79,20831755123
2023-09-03T21:00:00Z,1379.58,19844299836
2023-09-03T22:00:00Z,1375.58,19843117250
2023-09-03T23:00:00Z,1356.73,20461845125
2023-09-04T00:00:00Z,1361.53,19876774151
2023-09-04T01:00:00Z,1378.58,20576994308
2023-09-04T02:00:00Z,1375.48,20850121520
2023-09-04T03:00:00Z,1395.29,20405830479
2023-09-04T04:00:00Z,1377.35,20870207061
2023-09-04T05:00:00Z,1397.19,19347241480
2023-09-04T06:00:00Z,1411.62,19895820407
2023-09-04T07:00:00Z,1396.86,20808365344
2023-09-04T08:00:00Z,1409.76,20781733233
2023-09-04T09:00:00Z,1415.12,20112030435
2023-09-04T10:00:00Z,1405.01,19888171086
2023-09-04T11:00:00Z,1424.81,20988066785
2023-09-04T12:00:00Z,1433.07,19972678107
2023-09-04T13:00:00Z,1444.22,19123753196
2023-09-04T14:00:00Z,1432.25,19541038667
2023-09-04T15:00:00Z,1430.32,19961215102
2023-09-04T16:00:00Z,1412.48,19888998698
2023-09-04T17:00:00Z,1430.15,20335121962
2023-09-04T18:00:00Z,1440.43,20454444176
2023-09-04T19:00:00Z,1441.31,19843860972
2023-09-04T20:00:00Z,1449.23,19585869736
2023-09-04T21:00:00Z,1437.88,19944500981
2023-09-04T22:00:00Z,1440.3,20637820717
2023-09-04T23:00:00Z,1450.1,20122693915
2023-09-05T00:00:00Z,1462.74,19063188325
2023-09-05T01:00:00Z,1477.66,19453186876
2023-09-05T02:00:00Z,1464.16,19546612079
2023-09-05T03:00:00Z,1472.97,20904790989
2023-09-05T04:00:00Z,1468.21,19779576169
2023-09-05T05:00:00Z,1486.26,19070897734
2023-09-05T06:00:00Z,1464.88,19577309086
2023-09-05T07:00:00Z,1475.0,19737804447
2023-09-05T08:00:00Z,1463.41,19091509988
2023-09-05T09:00:00Z,1478.04,19499188065
2023-09-05T10:00:00Z,1488.56,20870145177
2023-09-05T11:00:00Z,1475.95,20794239626
2023-09-05T12:00:00Z,1475.42,20802299276
2023-09-05T13:00:00Z,1464.12,20995465835
2023-09-05T14:00:00Z,1464.83,20564840625
2023-09-05T15:00:00Z,1481.03,20120452232
2023-09-05T16:00:00Z,1486.05,20003836180
2023-09-05T17:00:00Z,1495.83,20071470756
2023-09-05T18:00:00Z,1501.1,20020681217
2023-09-05T19:00:00Z,1489.84,20914910250
2023-09-05T20:00:00Z,1499.62,19818709386
2023-09-05T21:00:00Z,1480.83,19339216347
2023-09-05T22:00:00Z,1487.57,20917665514
2023-09-05T23:00:00Z,1467.11,20610214134
2023-09-06T00:00:00Z,1446.46,19807727636
2023-09-06T01:00:00Z,1430.96,19004710061
2023-09-06T02:00:00Z,1425.48,19324347741
2023-09-06T03:00:00Z,1437.98,20954340038
2023-09-06T04:00:00Z,1429.88,19239672544
2023-09-06T05:00:00Z,1447.42,19095510691
2023-09-06T06:00:00Z,1464.67,19653316201
2023-09-06T07:00:00Z,1483.8,20522887072
2023-09-06T08:00:00Z,1472.87,20664013905
2023-09-06T09:00:00Z,1487.78,20929939377
2023-09-06T10:00:00Z,1502.68,19368854799
2023-09-06T11:00:00Z,1492.3,19839195129
2023-09-06T12:00:00Z,1479.96,19184900801
2023-09-06T13:00:00Z,1472.75,19074396406
2023-09-06T14:00:00Z,1476.54,20557000493
2023-09-06T15:00:00Z,1457.23,19623690558
2023-09-06T16:00:00Z,1439.52,19295139434
2023-09-06T17:00:00Z,1426.97,20192414802
2023-09-06T18:00:00Z,1432.69,19445681676
2023-09-06T19:00:00Z,1448.93,20634356229
2023-09-06T20:00:00Z,1461.49,19763216939
2023-09-06T21:00:00Z,1464.81,20512883850
2023-09-06T22:00:00Z,1457.68,19265110311
2023-09-06T23:00:00Z,1473.1,20778145193
2023-09-07T00:00:00Z,1475.46,20778716568
2023-09-07T01:00:00Z,1486.26,20605179130
2023-09-07T02:00:00Z,1492.21,20404024731
2023-09-07T03:00:00Z,1505.98,19677350086
2023-09-07T04:00:00Z,1525.63,19030416345
2023-09-07T05:00:00Z,1505.32,20814067560
2023-09-07T06:00:00Z,1495.87,20346486068
2023-09-07T07:00:00Z,1483.61,19644016974
2023-09-07T08:00:00Z,1489.83,19261320517
2023-09-07T09:00:00Z,1488.09,19619877045
2023-09-07T10:00:00Z,1478.21,20784884994
2023-09-07T11:00:00Z,1461.63,19829533300
2023-09-07T12:00:00Z,1475.7,20838725672
2023-09-07T13:00:00Z,1483.38,20764504146
2023-09-07T14:00:00Z,1483.54,20266875711
2023-09-07T15:00:00Z,1467.93,19924364628
2023-09-07T16:00:00Z,1483.86,19047208063
2023-09-07T17:00:00Z,1496.52,20797792529
2023-09-07T18:00:00Z,1511.98,19012037267
2023-09-07T19:00:00Z,1520.24,20386053560
2023-09-07T20:00:00Z,1533.97,19696705719
2023-09-07T21:00:00Z,1537.94,20787164807
2023-09-07T22:00:00Z,1522.54,20843919054
2023-09-07T23:00:00Z,1543.24,19527228826
2023-09-08T00:00:00Z,1539.85,19833856974
2023-09-08T01:00:00Z,1532.74,20181714115
2023-09-08T02:00:00Z,1527.12,20083379405
2023-09-08T03:00:00Z,1530.47,19703236830
2023-09-08T04:00:00Z,1543.48,20953973680
2023-09-08T05:00:00Z,1523.52,20563421329
2023-09-08T06:00:00Z,1515.81,20234610763
2023-09-08T07:00:00Z,1498.45,20810280705
2023-09-08T08:00:00Z,1491.3,19755372131
2023-09-08T09:00:00Z,1498.24,19577005677
2023-09-08T10:00:00Z,1501.37,19596821424
2023-09-08T11:00:00Z,1516.3,19636652377
2023-09-08T12:00:00Z,1507.27,19958765470
2023-09-08T13:00:00Z,1515.16,19070042565
2023-09-08T14:00:00Z,1515.3,19476462019
2023-09-08T15:00:00Z,1513.61,20885105454
2023-09-08T16:00:00Z,1501.4,20444841237
2023-09-08T17:00:00Z,1490.74,20307061402
2023-09-08T18:00:00Z,1484.88,19732080152
2023-09-08T19:00:00Z,1484.87,20189376979
2023-09-08T20:00:00Z,1462.89,19458558948
2023-09-08T21:00:00Z,1456.06,19489798141
2023-09-08T22:00:00Z,1469.22,20737764649
2023-09-08T23:00:00Z,1479.55,20829795454
2023-09-09T00:00:00Z,1490.04,20139558101
2023-09-09T01:00:00Z,1481.2,20095622887
2023-09-09T02:00:00Z,1463.51,20109787458
2023-09-09T03:00:00Z,1461.27,19373218918
2023-09-09T04:00:00Z,1475.42,20122205818
2023-09-09T05:00:00Z,1488.37,19641926400
2023-09-09T06:00:00Z,1504.5,19105348319
2023-09-09T07:00:00Z,1513.15,19475089306
2023-09-09T08:00:00Z,1515.08,19785564810
2023-09-09T09:00:00Z,1502.28,20919826134
2023-09-09T10:00:00Z,1523.26,19268722607
2023-09-09T11:00:00Z,1520.03,20247675672
2023-09-09T12:00:00Z,1500.43,20617811357
2023-09-09T13:00:00Z,1498.28,20158481604
2023-09-09T14:00:00Z,1507.81,20954335562
2023-09-09T15:00:00Z,1490.38,19338906384
2023-09-09T16:00:00Z,1501.21,20346598335
2023-09-09T17:00:00Z,1504.13,20736321741
2023-09-09T18:00:00Z,1484.61,20429433846
2023-09-09T19:00:00Z,1464.36,19971446487
2023-09-09T20:00:00Z,1452.12,19820082360
2023-09-09T21:00:00Z,1469.7,20086466272
2023-09-09T22:00:00Z,1472.22,20811757989
2023-09-09T23:00:00Z,1482.25,20322291740
2023-09-10T00:00:00Z,1460.48,19671223275
2023-09-10T01:00:00Z,1449.24,20316559046
2023-09-10T02:00:00Z,1461.96,19717362240
2023-09-10T03:00:00Z,1464.97,19837487558
2023-09-10T04:00:00Z,1461.46,20348664736
2023-09-10T05:00:00Z,1450.08,20280689291
2023-09-10T06:00:00Z,1448.78,19722091459
2023-09-10T07:00:00Z,1445.44,19846028697
2023-09-10T08:00:00Z,1458.09,19146900418
2023-09-10T09:00:00Z,1465.32,20576140032
2023-09-10T10:00:00Z,1478.88,19248763936
2023-09-10T11:00:00Z,1460.78,19721107035
2023-09-10T12:00:00Z,1463.85,19654249364
2023-09-10T13:00:00Z,1477.65,20007440021
2023-09-10T14:00:00Z,1456.87,19075549471
2023-09-10T15:00:00Z,1467.92,19558506068
2023-09-10T16:00:00Z,1454.0,20082625578
2023-09-10T17:00:00Z,1457.59,19381438884
2023-09-10T18:00:00Z,1448.98,19555790960
2023-09-10T19:00:00Z,1450.52,19766584743
2023-09-10T20:00:00Z,1433.85,19020024898
2023-09-10T21:00:00Z,1422.0,19534504963
2023-09-10T22:00:00Z,1412.78,20681303422
2023-09-10T23:00:00Z,1403.55,20818438125
2023-09-11T00:00:00Z,1420.64,20528410960
2023-09-11T01:00:00Z,1405.27,19739531106
2023-09-11T02:00:00Z,1392.01,19244870563
2023-09-11T03:00:00Z,1412.33,20979949710
2023-09-11T04:00:00Z,1429.5,19509712147
2023-09-11T05:00:00Z,1438.41,19546467505
2023-09-11T06:00:00Z,1431.41,19447722775
2023-09-11T07:00:00Z,1438.89,20324998860
2023-09-11T08:00:00Z,1417.53,20772438954
2023-09-11T09:00:00Z,1420.69,20784220613
2023-09-11T10:00:00Z,1407.38,20138609599
2023-09-11T11:00:00Z,1398.0,19991568252
2023-09-11T12:00:00Z,1391.41,20970677566
2023-09-11T13:00:00Z,1375.25,20186921002
2023-09-11T14:00:00Z,1386.37,19343050109
2023-09-11T15:00:00Z,1377.37,19990641486
2023-09-11T16:00:00Z,1369.65,19538321133
2023-09-11T17:00:00Z,1370.33,19616015263
2023-09-11T18:00:00Z,1378.87,20894833610
2023-09-11T19:00:00Z,1364.21,19830789506
2023-09-11T20:00:00Z,1354.37,19918755156
2023-09-11T21:00:00Z,1345.02,20181997823
2023-09-11T22:00:00Z,1325.23,19356391199
2023-09-11T23:00:00Z,1328.32,20823991304
2023-09-12T00:00:00Z,1318.68,19436946439
2023-09-12T01:00:00Z,1309.02,20607600548
2023-09-12T02:00:00Z,1313.84,20570735018
2023-09-12T03:00:00Z,1296.16,20599447770
2023-09-12T04:00:00Z,1293.64,19962710480
2023-09-12T05:00:00Z,1302.98,20519019896
2023-09-12T06:00:00Z,1314.9,20562945032
2023-09-12T07:00:00Z,1307.6,19782735375
2023-09-12T08:00:00Z,1306.68,20843027450
2023-09-12T09:00:00Z,1318.59,19715371447
2023-09-12T10:00:00Z,1328.49,19833782301
2023-09-12T11:00:00Z,1343.18,19247964652
2023-09-12T12:00:00Z,1356.9,19259088539
2023-09-12T13:00:00Z,1374.05,19710011242
2023-09-12T14:00:00Z,1388.93,19809590968
2023-09-12T15:00:00Z,1406.87,20073153925
2023-09-12T16:00:00Z,1402.59,20418465730
2023-09-12T17:00:00Z,1394.26,19547920408
2023-09-12T18:00:00Z,1390.69,19460026781
2023-09-12T19:00:00Z,1407.84,20131123817
2023-09-12T20:00:00Z,1418.34,20146209315
2023-09-12T21:00:00Z,1428.48,19999596568
2023-09-12T22:00:00Z,1422.44,20345470554
2023-09-12T23:00:00Z,1410.52,20454045935
2023-09-13T00:00:00Z,1398.72,19304396128
2023-09-13T01:00:00Z,1390.03,20962028931
2023-09-13T02:00:00Z,1381.15,20565308897
2023-09-13T03:00:00Z,1394.22,20649012667
2023-09-13T04:00:00Z,1398.68,20384340389
2023-09-13T05:00:00Z,1381.19,19375990742
2023-09-13T06:00:00Z,1381.29,20053933054
2023-09-13T07:00:00Z,1381.73,19971176811
2023-09-13T08:00:00Z,1382.74,19436889025
2023-09-13T09:00:00Z,1376.42,19054066299
2023-09-13T10:00:00Z,1384.48,20157463160
2023-09-13T11:00:00Z,1386.67,20076771093
2023-09-13T12:00:00Z,1387.53,20062927509
2023-09-13T13:00:00Z,1386.22,19455314430
2023-09-13T14:00:00Z,1406.52,20308412686
2023-09-13T15:00:00Z,1386.06,19226201585
2023-09-13T16:00:00Z,1379.89,20612557883
2023-09-13T17:00:00Z,1378.38,20140653646
2023-09-13T18:00:00Z,1361.33,19703030985
2023-09-13T19:00:00Z,1371.02,20340314919
2023-09-13T20:00:00Z,1358.39,20502298558
2023-09-13T21:00:00Z,1362.41,20662137437
2023-09-13T22:00:00Z,1349.36,19423444929
2023-09-13T23:00:00Z,1345.26,20622003290
2023-09-14T00:00:00Z,1332.15,19551412575
2023-09-14T01:00:00Z,1323.49,19611573702
2023-09-14T02:00:00Z,1329.27,19811994047
2023-09-14T03:00:00Z,1336.11,20139313832
2023-09-14T04:00:00Z,1350.78,20567583167
2023-09-14T05:00:00Z,1370.48,19464974961
2023-09-14T06:00:00Z,1351.79,20248911352
2023-09-14T07:00:00Z,1341.92,19523995289
2023-09-14T08:00:00Z,1334.59,19379803517
2023-09-14T09:00:00Z,1337.89,20943554783
2023-09-14T10:00:00Z,1332.96,19967650557
2023-09-14T11:00:00Z,1339.35,20635161895
2023-09-14T12:00:00Z,1322.06,20948015900
2023-09-14T13:00:00Z,1303.09,20837387059
2023-09-14T14:00:00Z,1295.25,20900250107
2023-09-14T15:00:00Z,1286.15,20876930947
2023-09-14T16:00:00Z,1289.02,19778978537
2023-09-14T17:00:00Z,1271.52,20161077282
2023-09-14T18:00:00Z,1289.08,20360700468
2023-09-14T19:00:00Z,1272.28,20061666306
2023-09-14T20:00:00Z,1260.62,19605258617
2023-09-14T21:00:00Z,1249.94,20013608608
2023-09-14T22:00:00Z,1257.55,19591224947
2023-09-14T23:00:00Z,1262.88,19995120147
2023-09-15T00:00:00Z,1267.69,19846605628
2023-09-15T01:00:00Z,1267.24,20620729370
2023-09-15T02:00:00Z,1251.37,20229616165
2023-09-15T03:00:00Z,1237.41,20771328982
2023-09-15T04:00:00Z,1227.1,20105322274
2023-09-15T05:00:00Z,1228.18,20581382556
2023-09-15T06:00:00Z,1220.17,20615099374
2023-09-15T07:00:00Z,1205.17,19404762336
2023-09-15T08:00:00Z,1196.73,19427885219
2023-09-15T09:00:00Z,1201.64,20007186875
2023-09-15T10:00:00Z,1207.54,20594344324
2023-09-15T11:00:00Z,1200.9,19325465394
2023-09-15T12:00:00Z,1184.23,20671680829
2023-09-15T13:00:00Z,1181.67,19207185251
2023-09-15T14:00:00Z,1196.0,20668852716
2023-09-15T15:00:00Z,1187.82,20431614950
2023-09-15T16:00:00Z,1190.58,20914440634
2023-09-15T17:00:00Z,1186.41,20052397620
2023-09-15T18:00:00Z,1183.41,20431919434
2023-09-15T19:00:00Z,1199.35,19323626652
2023-09-15T20:00:00Z,1187.91,20967298882
2023-09-15T21:00:00Z,1199.79,19323016172
2023-09-15T22:00:00Z,1203.42,19908537966
2023-09-15T23:00:00Z,1194.22,19787011257
2023-09-16T00:00:00Z,1180.32,20369920198
2023-09-16T01:00:00Z,1189.03,20127247308
2023-09-16T02:00:00Z,1200.46,19317897157
2023-09-16T03:00:00Z,1184.91,20653141536
2023-09-16T04:00:00Z,1177.53,19504707607
2023-09-16T05:00:00Z,1189.09,20783348144
2023-09-16T06:00:00Z,1182.13,20336625927
2023-09-16T07:00:00Z,1191.42,20399529204
2023-09-16T08:00:00Z,1201.61,20900234947
2023-09-16T09:00:00Z,1212.29,20822386839
2023-09-16T10:00:00Z,1215.64,20475189831
2023-09-16T11:00:00Z,1221.99,19548462252
2023-09-16T12:00:00Z,1238.41,19770486651
2023-09-16T13:00:00Z,1221.77,20782249075
2023-09-16T14:00:00Z,1206.42,19394848657
2023-09-16T15:00:00Z,1219.43,19174950262
2023-09-16T16:00:00Z,1219.99,20421469869
2023-09-16T17:00:00Z,1211.77,20717169875
2023-09-16T18:00:00Z,1205.7,20386410473
2023-09-16T19:00:00Z,1203.01,19303606458
2023-09-16T20:00:00Z,1188.55,19219716102
2023-09-16T21:00:00Z,1189.23,19579080340
2023-09-16T22:00:00Z,1187.05,20105751994
2023-09-16T23:00:00Z,1185.39,19319021208
2023-09-17T00:00:00Z,1172.11,19369070334
2023-09-17T01:00:00Z,1188.44,19991613852
2023-09-17T02:00:00Z,1186.14,19037412152
2023-09-17T03:00:00Z,1179.86,19241486098
2023-09-17T04:00:00Z,1164.82,19312971771
2023-09-17T05:00:00Z,1172.61,20693195640
2023-09-17T06:00:00Z,1171.84,19777108512
2023-09-17T07:00:00Z,1171.44,19971059875
2023-09-17T08:00:00Z,1171.78,20567690153
2023-09-17T09:00:00Z,1173.03,20561873033
2023-09-17T10:00:00Z,1173.36,19058507513
2023-09-17T11:00:00Z,1184.07,19294012804
2023-09-17T12:00:00Z,1184.79,20037437802
2023-09-17T13:00:00Z,1180.49,19121625673
2023-09-17T14:00:00Z,1171.81,20798455971
2023-09-17T15:00:00Z,1188.77,19604748292
2023-09-17T16:00:00Z,1184.95,19566276866
2023-09-17T17:00:00Z,1183.61,19562298094
2023-09-17T18:00:00Z,1200.77,19457238851
2023-09-17T19:00:00Z,1188.42,19611932511
2023-09-17T20:00:00Z,1187.77,19695587728
2023-09-17T21:00:00Z,1203.5,20917049671
2023-09-17T22:00:00Z,1218.25,20925485790
2023-09-17T23:00:00Z,1203.34,19601743658
2023-09-18T00:00:00Z,1209.75,20190455188
2023-09-18T01:00:00Z,1220.84,19783181531
2023-09-18T02:00:00Z,1214.46,20667893613
2023-09-18T03:00:00Z,1209.79,20888117768
2023-09-18T04:00:00Z,1197.66,19592263900
2023-09-18T05:00:00Z,1198.6,19494959873
2023-09-18T06:00:00Z,1198.52,19156436576
2023-09-18T07:00:00Z,1212.17,19969151997
2023-09-18T08:00:00Z,1207.38,20390542817
2023-09-18T09:00:00Z,1189.32,19641791447
2023-09-18T10:00:00Z,1202.36,19413945065
2023-09-18T11:00:00Z,1219.24,19101091751
2023-09-18T12:00:00Z,1223.78,20638332741
2023-09-18T13:00:00Z,1216.4,19076068751
2023-09-18T14:00:00Z,1234.25,19354240993
2023-09-18T15:00:00Z,1252.56,20610410438
2023-09-18T16:00:00Z,1249.67,20842363305
2023-09-18T17:00:00Z,1244.66,19765990754
2023-09-18T18:00:00Z,1253.07,19034368864
2023-09-18T19:00:00Z,1248.25,19029940768
2023-09-18T20:00:00Z,1252.2,20675685023
2023-09-18T21:00:00Z,1254.21,19107907782
2023-09-18T22:00:00Z,1242.47,20248562209
2023-09-18T23:00:00Z,1237.47,19707473310
2023-09-19T00:00:00Z,1221.99,20706865383
2023-09-19T01:00:00Z,1209.35,19603171120
2023-09-19T02:00:00Z,1216.84,19340839316
2023-09-19T03:00:00Z,1220.7,19034932362
2023-09-19T04:00:00Z,1214.53,19020710718
2023-09-19T05:00:00Z,1230.83,20985843401
2023-09-19T06:00:00Z,1226.16,20730733399
2023-09-19T07:00:00Z,1224.18,19526252171
2023-09-19T08:00:00Z,1236.61,19873511143
2023-09-19T09:00:00Z,1223.16,20731969488
2023-09-19T10:00:00Z,1218.19,20175633765
2023-09-19T11:00:00Z,1201.18,20162198779
2023-09-19T12:00:00Z,1208.49,20779335276
2023-09-19T13:00:00Z,1199.65,20696667597
2023-09-19T14:00:00Z,1184.1,19544051497
2023-09-19T15:00:00Z,1171.95,19686339217
2023-09-19T16:00:00Z,1159.47,20089442792
2023-09-19T17:00:00Z,1144.64,19427094521
2023-09-19T18:00:00Z,1159.5,19937965308
2023-09-19T19:00:00Z,1144.19,19541994491
2023-09-19T20:00:00Z,1129.91,20682065968
2023-09-19T21:00:00Z,1120.84,19028687107
2023-09-19T22:00:00Z,1133.08,20681317482
2023-09-19T23:00:00Z,1141.83,19151762005
2023-09-20T00:00:00Z,1150.21,20599305629
2023-09-20T01:00:00Z,1166.04,19502707739
2023-09-20T02:00:00Z,1168.42,19191972017
2023-09-20T03:00:00Z,1155.98,19911196439
2023-09-20T04:00:00Z,1147.35,19222486352
2023-09-20T05:00:00Z,1137.41,19090336778
2023-09-20T06:00:00Z,1136.11,19592020439
2023-09-20T07:00:00Z,1126.3,20624843277
2023-09-20T08:00:00Z,1125.13,20480800066
2023-09-20T09:00:00Z,1123.68,19058213868
2023-09-20T10:00:00Z,1140.46,20708977438
2023-09-20T11:00:00Z,1142.24,20872572288
2023-09-20T12:00:00Z,1134.49,20935110391
2023-09-20T13:00:00Z,1124.74,19468932468
2023-09-20T14:00:00Z,1126.01,19584916790
2023-09-20T15:00:00Z,1109.13,20116266327
2023-09-20T16:00:00Z,1121.84,20939711468
2023-09-20T17:00:00Z,1128.81,19684516151
2023-09-20T18:00:00Z,1145.44,19510701603
2023-09-20T19:00:00Z,1161.53,20733126751
2023-09-20T20:00:00Z,1161.51,20826288553
2023-09-20T21:00:00Z,1149.23,20900217861
2023-09-20T22:00:00Z,1153.32,20784545855
2023-09-20T23:00:00Z,1137.62,20561654659
2023-09-21T00:00:00Z,1122.61,20551563204
2023-09-21T01:00:00Z,1114.49,19407747087
2023-09-21T02:00:00Z,1113.45,20643961199
2023-09-21T03:00:00Z,1101.83,19714399190
2023-09-21T04:00:00Z,1111.24,20834885419
2023-09-21T05:00:00Z,1116.12,20606113442
2023-09-21T06:00:00Z,1122.37,19705736620
2023-09-21T07:00:00Z,1126.22,19022744400
2023-09-21T08:00:00Z,1137.4,20095359400
2023-09-21T09:00:00Z,1146.52,19581491944
2023-09-21T10:00:00Z,1150.51,20100819632
2023-09-21T11:00:00Z,1142.5,20594380747
2023-09-21T12:00:00Z,1130.55,19551183203
2023-09-21T13:00:00Z,1138.5,19018914795
2023-09-21T14:00:00Z,1151.72,19649624053
2023-09-21T15:00:00Z,1154.21,20242684561
2023-09-21T16:00:00Z,1141.99,20322403196
2023-09-21T17:00:00Z,1150.9,19363133379
2023-09-21T18:00:00Z,1155.78,20679107640
2023-09-21T19:00:00Z,1169.46,20626250363
2023-09-21T20:00:00Z,1156.1,19811103356
2023-09-21T21:00:00Z,1172.55,19899229580
2023-09-21T22:00:00Z,1160.96,19376144131
2023-09-21T23:00:00Z,1150.12,19082008210
2023-09-22T00:00:00Z,1149.05,20934895906
2023-09-22T01:00:00Z,1152.57,19078446318
2023-09-22T02:00:00Z,1169.61,20181278647
2023-09-22T03:00:00Z,1166.4,20941188939
2023-09-22T04:00:00Z,1178.93,20262644049
2023-09-22T05:00:00Z,1178.34,19196788345
2023-09-22T06:00:00Z,1191.76,19785813134
2023-09-22T07:00:00Z,1200.71,20149338759
2023-09-22T08:00:00Z,1207.27,20859180342
2023-09-22T09:00:00Z,1204.22,19214460199
2023-09-22T10:00:00Z,1216.76,20159385171
2023-09-22T11:00:00Z,1230.73,20373962361
2023-09-22T12:00:00Z,1236.44,19324346512
2023-09-22T13:00:00Z,1252.33,19783759466
2023-09-22T14:00:00Z,1244.73,20964415647
2023-09-22T15:00:00Z,1252.13,20352204429
2023-09-22T16:00:00Z,1242.74,20765899462
2023-09-22T17:00:00Z,1231.1,19284331947
2023-09-22T18:00:00Z,1239.34,19564031339
2023-09-22T19:00:00Z,1229.49,19693406050
2023-09-22T20:00:00Z,1247.19,19392083869
2023-09-22T21:00:00Z,1242.51,20464161192
2023-09-22T22:00:00Z,1260.98,19913732548
2023-09-22T23:00:00Z,1260.06,19896269487
2023-09-23T00:00:00Z,1276.33,20625061002
2023-09-23T01:00:00Z,1285.9,19466039066
2023-09-23T02:00:00Z,1303.25,20597754812
2023-09-23T03:00:00Z,1317.11,19931487946
2023-09-23T04:00:00Z,1326.54,20191365695
2023-09-23T05:00:00Z,1336.58,19315993475
2023-09-23T06:00:00Z,1351.44,19846014529
2023-09-23T07:00:00Z,1338.98,19189307666
2023-09-23T08:00:00Z,1337.42,19991338821
2023-09-23T09:00:00Z,1333.76,20549728051
2023-09-23T10:00:00Z,1327.99,19219594373
2023-09-23T11:00:00Z,1346.48,20277876725
2023-09-23T12:00:00Z,1362.32,19278719761
2023-09-23T13:00:00Z,1361.93,19936415996
2023-09-23T14:00:00Z,1367.53,20110306975
2023-09-23T15:00:00Z,1386.31,20475990867
2023-09-23T16:00:00Z,1402.13,19648386498
2023-09-23T17:00:00Z,1394.82,20232725973
2023-09-23T18:00:00Z,1408.37,20946765548
2023-09-23T19:00:00Z,1401.66,20602387424
2023-09-23T20:00:00Z,1391.96,20003816530
2023-09-23T21:00:00Z,1378.08,19136827860
2023-09-23T22:00:00Z,1369.7,19300183628
2023-09-23T23:00:00Z,1370.01,20345803498
2023-09-24T00:00:00Z,1379.38,20868793834
2023-09-24T01:00:00Z,1395.21,20736833307
2023-09-24T02:00:00Z,1410.98,20286007449
2023-09-24T03:00:00Z,1408.73,19475609579
2023-09-24T04:00:00Z,1405.93,20256585890
2023-09-24T05:00:00Z,1415.27,19475871458
2023-09-24T06:00:00Z,1395.32,19671613946
2023-09-24T07:00:00Z,1413.88,20308694793
2023-09-24T08:00:00Z,1400.13,20791872523
2023-09-24T09:00:00Z,1390.81,20197362013
2023-09-24T10:00:00Z,1409.09,19756705502
2023-09-24T11:00:00Z,1396.28,20960416598
2023-09-24T12:00:00Z,1404.55,19648643587
2023-09-24T13:00:00Z,1385.41,19706643098
2023-09-24T14:00:00Z,1369.73,19925438527
2023-09-24T15:00:00Z,1388.13,19263530718
2023-09-24T16:00:00Z,1376.37,19572069066
2023-09-24T17:00:00Z,1396.16,20115957996
2023-09-24T18:00:00Z,1407.85,19861672320
2023-09-24T19:00:00Z,1406.23,19766530771
2023-09-24T20:00:00Z,1400.1,20482152686
2023-09-24T21:00:00Z,1391.32,20055837216
2023-09-24T22:00:00Z,1384.4,19036296057
2023-09-24T23:00:00Z,1397.24,20955756244
2023-09-25T00:00:00Z,1415.18,20160941122
2023-09-25T01:00:00Z,1427.84,19552898503
2023-09-25T02:00:00Z,1449.05,19325357750
2023-09-25T03:00:00Z,1453.15,19189421618
2023-09-25T04:00:00Z,1438.03,19658161499
2023-09-25T05:00:00Z,1421.04,20867318311
2023-09-25T06:00:00Z,1441.38,19040395637
2023-09-25T07:00:00Z,1451.04,19501393764
2023-09-25T08:00:00Z,1470.76,20917910968
2023-09-25T09:00:00Z,1468.73,19449158534
2023-09-25T10:00:00Z,1455.82,19685026924
2023-09-25T11:00:00Z,1461.09,19142747054
2023-09-25T12:00:00Z,1456.94,20353489321
2023-09-25T13:00:00Z,1447.42,19483140639
2023-09-25T14:00:00Z,1441.5,19539967152
2023-09-25T15:00:00Z,1440.34,20129718699
2023-09-25T16:00:00Z,1429.93,19580983858
2023-09-25T17:00:00Z,1448.25,19474149215
2023-09-25T18:00:00Z,1438.59,20211412561
2023-09-25T19:00:00Z,1426.64,20109296514
2023-09-25T20:00:00Z,1424.16,20478083547
2023-09-25T21:00:00Z,1404.47,19771031322
2023-09-25T22:00:00Z,1420.9,20387006524
2023-09-25T23:00:00Z,1437.96,20538295821
2023-09-26T00:00:00Z,1455.65,20992402825
2023-09-26T01:00:00Z,1449.13,19477674633
2023-09-26T02:00:00Z,1453.24,19948054762
2023-09-26T03:00:00Z,1471.7,19948293860
2023-09-26T04:00:00Z,1475.15,19541634440
2023-09-26T05:00:00Z,1457.16,19711709118
2023-09-26T06:00:00Z,1466.67,19117633479
2023-09-26T07:00:00Z,1480.02,19524965136
2023-09-26T08:00:00Z,1473.89,20955088501
2023-09-26T09:00:00Z,1452.13,20297410291
2023-09-26T10:00:00Z,1462.32,19500926247
2023-09-26T11:00:00Z,1454.21,19580575959
2023-09-26T12:00:00Z,1456.12,20519767484
2023-09-26T13:00:00Z,1475.02,19686005667
2023-09-26T14:00:00Z,1462.52,20344241972
2023-09-26T15:00:00Z,1457.78,20783806244
2023-09-26T16:00:00Z,1448.68,20981438575
2023-09-26T17:00:00Z,1445.3,19906083015
2023-09-26T18:00:00Z,1428.09,19191059162
2023-09-26T19:00:00Z,1443.65,20533690379
2023-09-26T20:00:00Z,1445.73,19666638539
2023-09-26T21:00:00Z,1434.19,20778760731
2023-09-26T22:00:00Z,1448.31,20275966483
2023-09-26T23:00:00Z,1433.39,19662673531
2023-09-27T00:00:00Z,1445.68,20458165640
2023-09-27T01:00:00Z,1431.22,20474047203
2023-09-27T02:00:00Z,1424.4,19297497616
2023-09-27T03:00:00Z,1436.98,20387258416
2023-09-27T04:00:00Z,1450.56,20944219439
2023-09-27T05:00:00Z,1469.52,20567591821
2023-09-27T06:00:00Z,1471.49,20797978044
2023-09-27T07:00:00Z,1468.96,19033476124
2023-09-27T08:00:00Z,1460.21,19732745207
2023-09-27T09:00:00Z,1460.95,20653941506
2023-09-27T10:00:00Z,1453.54,19495677116
2023-09-27T11:00:00Z,1445.84,20028536592
2023-09-27T12:00:00Z,1459.62,20520905244
2023-09-27T13:00:00Z,1468.33,20142789207
2023-09-27T14:00:00Z,1460.41,20366837035
2023-09-27T15:00:00Z,1471.9,19079668156
2023-09-27T16:00:00Z,1493.74,19679260280
2023-09-27T17:00:00Z,1479.44,19510287681
2023-09-27T18:00:00Z,1470.81,20699041950
2023-09-27T19:00:00Z,1490.21,20353333331
2023-09-27T20:00:00Z,1469.65,20686030841
2023-09-27T21:00:00Z,1465.16,20361737443
2023-09-27T22:00:00Z,1463.47,20400821953
2023-09-27T23:00:00Z,1476.25,19429732799
2023-09-28T00:00:00Z,1467.95,19935669000
2023-09-28T01:00:00Z,1481.32,20628329397
2023-09-28T02:00:00Z,1476.2,20057764712
2023-09-28T03:00:00Z,1462.61,20312177542
2023-09-28T04:00:00Z,1443.53,20148441245
2023-09-28T05:00:00Z,1443.8,19041297019
2023-09-28T06:00:00Z,1462.32,19268235019
2023-09-28T07:00:00Z,1455.57,19512411887
2023-09-28T08:00:00Z,1471.56,19569886548
2023-09-28T09:00:00Z,1450.11,20933133883
2023-09-28T10:00:00Z,1441.79,20666389422
2023-09-28T11:00:00Z,1439.36,20619770656
2023-09-28T12:00:00Z,1440.49,19995785705
2023-09-28T13:00:00Z,1442.51,20370044465
2023-09-28T14:00:00Z,1434.77,19673771980
2023-09-28T15:00:00Z,1420.42,20905709705
2023-09-28T16:00:00Z,1411.48,19848591653
2023-09-28T17:00:00Z,1412.78,20171111111
2023-09-28T18:00:00Z,1391.79,20633845390
2023-09-28T19:00:00Z,1401.17,20843298924
2023-09-28T20:00:00Z,1397.22,20178419307
2023-09-28T21:00:00Z,1416.07,20442424846
2023-09-28T22:00:00Z,1436.25,19008566044
2023-09-28T23:00:00Z,1414.79,19994249628
2023-09-29T00:00:00Z,1393.78,19047648178
2023-09-29T01:00:00Z,1374.15,20550613795
2023-09-29T02:00:00Z,1385.24,19500452664
2023-09-29T03:00:00Z,1378.06,20124814856
2023-09-29T04:00:00Z,1389.64,20269421605
2023-09-29T05:00:00Z,1384.07,19672008190
2023-09-29T06:00:00Z,1377.24,19834815908
2023-09-29T07:00:00Z,1394.13,20280813190
2023-09-29T08:00:00Z,1396.95,19006727520
2023-09-29T09:00:00Z,1410.07,19039748723
2023-09-29T10:00:00Z,1403.74,20879545070
2023-09-29T11:00:00Z,1405.33,19208980239
2023-09-29T12:00:00Z,1391.05,20899419402
2023-09-29T13:00:00Z,1378.64,19097899278
2023-09-29T14:00:00Z,1374.25,20666471690
2023-09-29T15:00:00Z,1382.33,19844982296
2023-09-29T16:00:00Z,1378.78,20966220222
2023-09-29T17:00:00Z,1397.61,20759127837
2023-09-29T18:00:00Z,1396.66,19551351709
2023-09-29T19:00:00Z,1375.87,20771270240
2023-09-29T20:00:00Z,1358.85,20908050887
2023-09-29T21:00:00Z,1363.54,20992854320
2023-09-29T22:00:00Z,1354.87,20279285039
2023-09-29T23:00:00Z,1338.13,19284455787
2023-09-30T00:00:00Z,1329.03,19982821436
2023-09-30T01:00:00Z,1329.63,20712818551
2023-09-30T02:00:00Z,1327.19,20854619012
2023-09-30T03:00:00Z,1311.58,19484903238
2023-09-30T04:00:00Z,1301.61,19990099584
2023-09-30T05:00:00Z,1317.41,19490493549
2023-09-30T06:00:00Z,1328.08,20991290660
2023-09-30T07:00:00Z,1321.92,19779732158
2023-09-30T08:00:00Z,1312.56,19230789803
2023-09-30T09:00:00Z,1305.5,19959273270
2023-09-30T10:00:00Z,1307.27,19700789991
2023-09-30T11:00:00Z,1314.85,19173051993
2023-09-30T12:00:00Z,1302.06,19648806059
2023-09-30T13:00:00Z,1282.77,19941982822
2023-09-30T14:00:00Z,1299.48,19351077886
2023-09-30T15:00:00Z,1316.07,20136013972
2023-09-30T16:00:00Z,1299.55,20684668436
2023-09-30T17:00:00Z,1306.42,19020663456
2023-09-30T18:00:00Z,1298.76,20867971338
2023-09-30T19:00:00Z,1310.1,19349751764
2023-09-30T20:00:00Z,1323.76,19024423780
2023-09-30T21:00:00Z,1311.92,20597795019
2023-09-30T22:00:00Z,1308.49,20750713680
2023-09-30T23:00:00Z,1324.86,19375497719
2023-10-01T00:00:00Z,1322.7,20259525087
2023-10-01T01:00:00Z,1316.98,20488613063
2023-10-01T02:00:00Z,1305.93,19597603519
2023-10-01T03:00:00Z,1315.39,20598471842
2023-10-01T04:00:00Z,1335.04,20076703442
2023-10-01T05:00:00Z,1354.7,19983483819
2023-10-01T06:00:00Z,1339.87,19755344292
2023-10-01T07:00:00Z,1350.35,20843435310
2023-10-01T08:00:00Z,1348.21,20350677698
2023-10-01T09:00:00Z,1360.6,19089733669
2023-10-01T10:00:00Z,1364.16,19884382214
2023-10-01T11:00:00Z,1352.97,20103329509
2023-10-01T12:00:00Z,1357.38,19276432620
2023-10-01T13:00:00Z,1364.53,19585519577
2023-10-01T14:00:00Z,1364.93,19363458888
2023-10-01T15:00:00Z,1379.42,20701252890
2023-10-01T16:00:00Z,1370.25,19889847362
2023-10-01T17:00:00Z,1373.61,20943056224
2023-10-01T18:00:00Z,1355.8,20703521615
2023-10-01T19:00:00Z,1371.94,20170503098
2023-10-01T20:00:00Z,1355.45,19732224360
2023-10-01T21:00:00Z,1353.72,20026875138
2023-10-01T22:00:00Z,1342.65,20723076720
2023-10-01T23:00:00Z,1357.24,19230616290
2023-10-02T00:00:00Z,1360.64,19419304645
2023-10-02T01:00:00Z,1352.25,20238139392
2023-10-02T02:00:00Z,1333.67,19036622629
2023-10-02T03:00:00Z,1332.88,19804315036
2023-10-02T04:00:00Z,1330.8,20417724886
2023-10-02T05:00:00Z,1340.59,19962988775
2023-10-02T06:00:00Z,1350.6,20634451349
2023-10-02T07:00:00Z,1333.61,20696763547
2023-10-02T08:00:00Z,1318.28,19418818133
2023-10-02T09:00:00Z,1300.82,20433988446
2023-10-02T10:00:00Z,1312.49,20326451862
2023-10-02T11:00:00Z,1302.02,19857339495
2023-10-02T12:00:00Z,1305.13,20958170064
2023-10-02T13:00:00Z,1321.58,19868519785
2023-10-02T14:00:00Z,1329.06,20933001345
2023-10-02T15:00:00Z,1319.1,19189555640
2023-10-02T16:00:00Z,1311.5,19332147541
2023-10-02T17:00:00Z,1330.39,19517139396
2023-10-02T18:00:00Z,1321.64,20572084749
2023-10-02T19:00:00Z,1332.9,19725962185
2023-10-02T20:00:00Z,1336.54,19331257922
2023-10-02T21:00:00Z,1323.64,20831032280
2023-10-02T22:00:00Z,1312.45,19109381110
2023-10-02T23:00:00Z,1306.06,20082115251
2023-10-03T00:00:00Z,1289.01,20547783868
2023-10-03T01:00:00Z,1305.63,20742542512
2023-10-03T02:00:00Z,1314.13,20737888282
2023-10-03T03:00:00Z,1325.95,20368496738
2023-10-03T04:00:00Z,1325.13,19166593376
2023-10-03T05:00:00Z,1312.98,20821951875
2023-10-03T06:00:00Z,1320.03,19357782338
2023-10-03T07:00:00Z,1329.83,20643902445
2023-10-03T08:00:00Z,1326.0,19755009899
2023-10-03T09:00:00Z,1315.75,20384267979
2023-10-03T10:00:00Z,1328.53,20497410489
2023-10-03T11:00:00Z,1335.49,20395286079
2023-10-03T12:00:00Z,1325.51,20440041330
2023-10-03T13:00:00Z,1334.03,20410443948
2023-10-03T14:00:00Z,1339.97,19915261191
2023-10-03T15:00:00Z,1355.53,20332489493
2023-10-03T16:00:00Z,1361.83,20878761653
2023-10-03T17:00:00Z,1352.01,20308502090
2023-10-03T18:00:00Z,1364.72,19981588558
2023-10-03T19:00:00Z,1352.52,19005721271
2023-10-03T20:00:00Z,1362.86,19066339163
2023-10-03T21:00:00Z,1366.07,19329501556
2023-10-03T22:00:00Z,1363.7,19903769652
2023-10-03T23:00:00Z,1366.42,19584410525
2023-10-04T00:00:00Z,1386.35,19585192494
2023-10-04T01:00:00Z,1381.52,20221730789
2023-10-04T02:00:00Z,1384.03,19863680133
2023-10-04T03:00:00Z,1398.43,20763494801
2023-10-04T04:00:00Z,1381.97,19351870173
2023-10-04T05:00:00Z,1400.0,20732794308
2023-10-04T06:00:00Z,1387.85,19920062567
2023-10-04T07:00:00Z,1407.95,19269151105
2023-10-04T08:00:00Z,1427.95,20815245732
2023-10-04T09:00:00Z,1437.57,19244178831
2023-10-04T10:00:00Z,1431.43,19879318292
2023-10-04T11:00:00Z,1432.19,20041848302
2023-10-04T12:00:00Z,1426.3,19049114409
2023-10-04T13:00:00Z,1426.61,20850122256
2023-10-04T14:00:00Z,1425.8,20704004169
2023-10-04T15:00:00Z,1409.46,20485185107
2023-10-04T16:00:00Z,1391.75,20455817091
2023-10-04T17:00:00Z,1396.04,20092470904
2023-10-04T18:00:00Z,1391.5,19571221865
2023-10-04T19:00:00Z,1384.82,19835370525
2023-10-04T20:00:00Z,1386.28,19595745808
2023-10-04T21:00:00Z,1371.1,19168456833
2023-10-04T22:00:00Z,1373.49,20537026698
2023-10-04T23:00:00Z,1370.31,19286616219
2023-10-05T00:00:00Z,1372.75,19454361578
2023-10-05T01:00:00Z,1360.92,20790306459
2023-10-05T02:00:00Z,1366.77,20465576403
2023-10-05T03:00:00Z,1359.19,20763081917
2023-10-05T04:00:00Z,1374.59,19400475968
2023-10-05T05:00:00Z,1371.0,20873857522
2023-10-05T06:00:00Z,1356.58,20772764878
2023-10-05T07:00:00Z,1351.05,19512030348
2023-10-05T08:00:00Z,1366.86,19556900570
2023-10-05T09:00:00Z,1381.09,20756972690
2023-10-05T10:00:00Z,1401.46,20466245584
2023-10-05T11:00:00Z,1384.61,19350640734
2023-10-05T12:00:00Z,1402.4,19634953512
2023-10-05T13:00:00Z,1422.86,19139027857
2023-10-05T14:00:00Z,1408.02,20451533801
2023-10-05T15:00:00Z,1401.74,19096162199
2023-10-05T16:00:00Z,1381.65,20727911073
2023-10-05T17:00:00Z,1392.81,19932750206
2023-10-05T18:00:00Z,1396.66,20490490243
2023-10-05T19:00:00Z,1386.59,20750248880
2023-10-05T20:00:00Z,1402.34,19774894894
2023-10-05T21:00:00Z,1416.14,19075750119
2023-10-05T22:00:00Z,1394.97,20624811861
2023-10-05T23:00:00Z,1394.24,20230847857
2023-10-06T00:00:00Z,1378.91,20719842279
2023-10-06T01:00:00Z,1395.91,20614102362
2023-10-06T02:00:00Z,1392.05,19312221789
2023-10-06T03:00:00Z,1372.64,20637779335
2023-10-06T04:00:00Z,1369.77,20703215430
2023-10-06T05:00:00Z,1384.55,19755897891
2023-10-06T06:00:00Z,1395.15,20282072485
2023-10-06T07:00:00Z,1393.76,20208239868
2023-10-06T08:00:00Z,1387.34,19170501961
2023-10-06T09:00:00Z,1385.04,20354441598
2023-10-06T10:00:00Z,1369.29,20159128402
2023-10-06T11:00:00Z,1380.8,20016730305
2023-10-06T12:00:00Z,1374.39,19814105499
2023-10-06T13:00:00Z,1357.69,20747007832
2023-10-06T14:00:00Z,1359.12,20774753334
2023-10-06T15:00:00Z,1355.55,20600711098
2023-10-06T16:00:00Z,1371.51,20788000757
2023-10-06T17:00:00Z,1364.51,19713865860
2023-10-06T18:00:00Z,1377.96,19220355785
2023-10-06T19:00:00Z,1378.99,20278567713
2023-10-06T20:00:00Z,1378.93,19896745174
2023-10-06T21:00:00Z,1370.67,20168221302
2023-10-06T22:00:00Z,1369.99,19235535742
2023-10-06T23:00:00Z,1377.65,19674410130
2023-10-07T00:00:00Z,1384.37,20747418732
2023-10-07T01:00:00Z,1401.83,19129919906
2023-10-07T02:00:00Z,1393.95,20228872080
2023-10-07T03:00:00Z,1393.81,20887865215
2023-10-07T04:00:00Z,1376.32,20796329457
2023-10-07T05:00:00Z,1371.13,20608871873
2023-10-07T06:00:00Z,1354.85,19470828213
2023-10-07T07:00:00Z,1353.36,19619546211
2023-10-07T08:00:00Z,1335.53,20406244238
2023-10-07T09:00:00Z,1355.52,20486386493
2023-10-07T10:00:00Z,1370.69,20742692078
2023-10-07T11:00:00Z,1370.16,19586560480
2023-10-07T12:00:00Z,1358.46,20786159716
2023-10-07T13:00:00Z,1365.24,19868741212
2023-10-07T14:00:00Z,1359.38,19045011537
2023-10-07T15:00:00Z,1341.15,19448467819
2023-10-07T16:00:00Z,1340.92,19303474541
2023-10-07T17:00:00Z,1340.17,20567649599
2023-10-07T18:00:00Z,1355.79,20531289675
2023-10-07T19:00:00Z,1374.97,20157604568
2023-10-07T20:00:00Z,1371.53,19575918530
2023-10-07T21:00:00Z,1353.56,20178914241
2023-10-07T22:00:00Z,1344.32,20574122883
2023-10-07T23:00:00Z,1357.06,20045745376
2023-10-08T00:00:00Z,1366.27,19714509856
2023-10-08T01:00:00Z,1369.55,19531986318
2023-10-08T02:00:00Z,1367.52,20301858347
2023-10-08T03:00:00Z,1352.56,19163826936
2023-10-08T04:00:00Z,1343.1,20942542582
2023-10-08T05:00:00Z,1338.72,19014064757
2023-10-08T06:00:00Z,1342.43,20892954511
2023-10-08T07:00:00Z,1330.32,19071260430
2023-10-08T08:00:00Z,1310.81,19950117498
2023-10-08T09:00:00Z,1291.48,19402276144
2023-10-08T10:00:00Z,1300.22,19819696186
2023-10-08T11:00:00Z,1309.39,20373824685
2023-10-08T12:00:00Z,1291.51,20358760314
2023-10-08T13:00:00Z,1287.37,20986343005
2023-10-08T14:00:00Z,1271.38,20639080438
2023-10-08T15:00:00Z,1270.86,20875023708
2023-10-08T16:00:00Z,1253.52,20780818583
2023-10-08T17:00:00Z,1269.91,19678050563
2023-10-08T18:00:00Z,1255.91,19524340965
2023-10-08T19:00:00Z,1263.89,19272707499
2023-10-08T20:00:00Z,1257.73,20886681653
2023-10-08T21:00:00Z,1257.54,19045594283
2023-10-08T22:00:00Z,1264.73,20500647500
2023-10-08T23:00:00Z,1263.77,20533752886
2023-10-09T00:00:00Z,1276.66,19149935966
2023-10-09T01:00:00Z,1284.8,20374950688
2023-10-09T02:00:00Z,1267.68,20908346571
2023-10-09T03:00:00Z,1266.31,19893158752
2023-10-09T04:00:00Z,1267.51,20113823425
2023-10-09T05:00:00Z,1255.81,20835711723
2023-10-09T06:00:00Z,1246.69,19047445596
2023-10-09T07:00:00Z,1261.3,19478970763
2023-10-09T08:00:00Z,1254.1,19022785459
2023-10-09T09:00:00Z,1239.51,19993576798
2023-10-09T10:00:00Z,1242.64,20997285136
2023-10-09T11:00:00Z,1241.92,19290742509
2023-10-09T12:00:00Z,1243.36,20733745072
2023-10-09T13:00:00Z,1232.22,20119364562
2023-10-09T14:00:00Z,1233.29,19542230007
2023-10-09T15:00:00Z,1235.91,19097999861
2023-10-09T16:00:00Z,1237.0,20315363370
2023-10-09T17:00:00Z,1239.46,19939038586
2023-10-09T18:00:00Z,1240.6,19721376344
2023-10-09T19:00:00Z,1237.78,20185238720
2023-10-09T20:00:00Z,1247.16,20196317824
2023-10-09T21:00:00Z,1238.55,19382433664
2023-10-09T22:00:00Z,1234.6,20739716971
2023-10-09T23:00:00Z,1236.97,20767541034
2023-10-10T00:00:00Z,1234.26,19813545867
2023-10-10T01:00:00Z,1224.79,19018411844
2023-10-10T02:00:00Z,1234.94,20417163949
2023-10-10T03:00:00Z,1225.66,19040155890
2023-10-10T04:00:00Z,1213.29,20355240623
2023-10-10T05:00:00Z,1197.17,20506366005
2023-10-10T06:00:00Z,1196.92,20952341092
2023-10-10T07:00:00Z,1188.79,20227661564
2023-10-10T08:00:00Z,1192.01,19131080556
2023-10-10T09:00:00Z,1203.88,20980413729
2023-10-10T10:00:00Z,1209.91,19384041789
2023-10-10T11:00:00Z,1197.91,20721735584
2023-10-10T12:00:00Z,1213.72,20825041062
2023-10-10T13:00:00Z,1226.51,19376725531
2023-10-10T14:00:00Z,1226.37,19788928597
2023-10-10T15:00:00Z,1222.66,19651378229
2023-10-10T16:00:00Z,1232.32,19116457906
2023-10-10T17:00:00Z,1248.01,19540273599
2023-10-10T18:00:00Z,1260.75,19374787783
2023-10-10T19:00:00Z,1275.61,20495443619
2023-10-10T20:00:00Z,1266.05,19920277319
2023-10-10T21:00:00Z,1278.3,20637765073
2023-10-10T22:00:00Z,1290.76,20821418052
2023-10-10T23:00:00Z,1273.45,19382332939
2023-10-11T00:00:00Z,1277.25,19843558026
2023-10-11T01:00:00Z,1260.1,19580180018
2023-10-11T02:00:00Z,1252.1,19928750188
2023-10-11T03:00:00Z,1248.82,19756132274
2023-10-11T04:00:00Z,1246.95,19129651386
2023-10-11T05:00:00Z,1263.87,20141173393
2023-10-11T06:00:00Z,1262.66,20219725305
2023-10-11T07:00:00Z,1247.26,19792208693
2023-10-11T08:00:00Z,1246.33,20787258260
2023-10-11T09:00:00Z,1249.71,20901290584
2023-10-11T10:00:00Z,1233.51,19872648889
2023-10-11T11:00:00Z,1223.98,19499097180
2023-10-11T12:00:00Z,1214.36,19067879803
2023-10-11T13:00:00Z,1215.59,19891253245
2023-10-11T14:00:00Z,1208.21,19486182009
2023-10-11T15:00:00Z,1226.29,20000220243
2023-10-11T16:00:00Z,1212.65,19023724019
2023-10-11T17:00:00Z,1229.28,20560986620
2023-10-11T18:00:00Z,1217.33,20236176822
2023-10-11T19:00:00Z,1225.36,19057179332
2023-10-11T20:00:00Z,1242.81,20616067987
2023-10-11T21:00:00Z,1243.26,19388244512
2023-10-11T22:00:00Z,1225.56,19183336200
2023-10-11T23:00:00Z,1215.17,20068752904
2023-10-12T00:00:00Z,1220.35,19696939527
2023-10-12T01:00:00Z,1237.31,20978770476
2023-10-12T02:00:00Z,1241.54,19114688298
2023-10-12T03:00:00Z,1223.25,20813098522
2023-10-12T04:00:00Z,1224.71,20811678908
2023-10-12T05:00:00Z,1217.35,19144631755
2023-10-12T06:00:00Z,1203.25,19538230530
2023-10-12T07:00:00Z,1195.26,20955051500
2023-10-12T08:00:00Z,1211.83,20965873881
2023-10-12T09:00:00Z,1205.04,20296838892
2023-10-12T10:00:00Z,1189.28,20385410624
2023-10-12T11:00:00Z,1192.27,19724974753
2023-10-12T12:00:00Z,1177.97,20002893444
2023-10-12T13:00:00Z,1170.57,20155340693
2023-10-12T14:00:00Z,1171.78,19394570891
2023-10-12T15:00:00Z,1178.9,20670360736
2023-10-12T16:00:00Z,1183.85,19165339871
2023-10-12T17:00:00Z,1188.2,20031358166
2023-10-12T18:00:00Z,1196.34,19017594215
2023-10-12T19:00:00Z,1203.3,20050349530
2023-10-12T20:00:00Z,1203.43,19492946808
2023-10-12T21:00:00Z,1208.27,20165742364
2023-10-12T22:00:00Z,1202.53,20508214091
2023-10-12T23:00:00Z,1186.03,20893831211
2023-10-13T00:00:00Z,1202.76,20982219318
2023-10-13T01:00:00Z,1218.59,19989015812
2023-10-13T02:00:00Z,1224.23,20727200363
2023-10-13T03:00:00Z,1213.13,19270777236
2023-10-13T04:00:00Z,1213.45,20418100731
2023-10-13T05:00:00Z,1199.02,20188357561
2023-10-13T06:00:00Z,1191.7,19111819490
2023-10-13T07:00:00Z,1209.05,19334604035
2023-10-13T08:00:00Z,1207.26,20228804391
2023-10-13T09:00:00Z,1195.2,19007860026
2023-10-13T10:00:00Z,1193.06,20800561090
2023-10-13T11:00:00Z,1195.3,19304190932
2023-10-13T12:00:00Z,1212.79,19329361131
2023-10-13T13:00:00Z,1223.24,20842106160
2023-10-13T14:00:00Z,1228.8,19094910664
2023-10-13T15:00:00Z,1246.43,19561767274
2023-10-13T16:00:00Z,1235.79,20744013282
2023-10-13T17:00:00Z,1245.78,19059522890
2023-10-13T18:00:00Z,1257.85,19805745407
2023-10-13T19:00:00Z,1263.56,19351855106
2023-10-13T20:00:00Z,1263.52,20853854667
2023-10-13T21:00:00Z,1261.17,20088912330
2023-10-13T22:00:00Z,1255.91,19774494929
2023-10-13T23:00:00Z,1263.17,20257755713
2023-10-14T00:00:00Z,1266.44,20617803964
2023-10-14T01:00:00Z,1261.41,20171352600
2023-10-14T02:00:00Z,1259.49,20374707870
2023-10-14T03:00:00Z,1267.98,19427502273
2023-10-14T04:00:00Z,1274.68,20631827534
2023-10-14T05:00:00Z,1268.72,20411704172
2023-10-14T06:00:00Z,1282.36,19087126560
2023-10-14T07:00:00Z,1293.34,20943566927
2023-10-14T08:00:00Z,1287.7,19611589330
2023-10-14T09:00:00Z,1282.76,19418030232
2023-10-14T10:00:00Z,1285.97,20065018209
2023-10-14T11:00:00Z,1292.48,20881538620
2023-10-14T12:00:00Z,1293.48,20443556696
2023-10-14T13:00:00Z,1297.08,20890851793
2023-10-14T14:00:00Z,1279.88,19860432523
2023-10-14T15:00:00Z,1286.09,19801634923
2023-10-14T16:00:00Z,1271.07,20948970168
2023-10-14T17:00:00Z,1252.9,19870493242
2023-10-14T18:00:00Z,1263.67,20043077539
2023-10-14T19:00:00Z,1246.27,19597944903
2023-10-14T20:00:00Z,1228.22,19410362416
2023-10-14T21:00:00Z,1245.92,19360473425
2023-10-14T22:00:00Z,1264.33,20692793779
2023-10-14T23:00:00Z,1262.08,19103010362
2023-10-15T00:00:00Z,1256.76,20077677515
2023-10-15T01:00:00Z,1260.18,19486728925
2023-10-15T02:00:00Z,1250.05,19355119603
2023-10-15T03:00:00Z,1237.57,20454317282
2023-10-15T04:00:00Z,1250.41,20007798537
2023-10-15T05:00:00Z,1232.86,19088616787
2023-10-15T06:00:00Z,1238.9,19388850318
2023-10-15T07:00:00Z,1240.25,19253477875
2023-10-15T08:00:00Z,1251.87,19853438058
2023-10-15T09:00:00Z,1240.92,20949139078
2023-10-15T10:00:00Z,1223.96,20131302505
2023-10-15T11:00:00Z,1240.12,20954105403
2023-10-15T12:00:00Z,1253.17,19628012969
2023-10-15T13:00:00Z,1261.31,19342564545
2023-10-15T14:00:00Z,1247.23,20716912942
2023-10-15T15:00:00Z,1241.58,20786333216
2023-10-15T16:00:00Z,1229.61,20128113008
2023-10-15T17:00:00Z,1216.19,20037406922
2023-10-15T18:00:00Z,1219.52,19488491463
2023-10-15T19:00:00Z,1221.66,19192404952
2023-10-15T20:00:00Z,1226.88,20671970920
2023-10-15T21:00:00Z,1226.42,19295077895
2023-10-15T22:00:00Z,1217.38,20157699148
2023-10-15T23:00:00Z,1215.27,20340987852
2023-10-16T00:00:00Z,1211.25,19502513180
2023-10-16T01:00:00Z,1206.64,20772980107
2023-10-16T02:00:00Z,1189.55,20649513992
2023-10-16T03:00:00Z,1180.16,19968293902
2023-10-16T04:00:00Z,1194.64,19700675552
2023-10-16T05:00:00Z,1201.75,20673310941
2023-10-16T06:00:00Z,1215.65,20772795740
2023-10-16T07:00:00Z,1212.27,20073580234
2023-10-16T08:00:00Z,1200.6,19025774046
2023-10-16T09:00:00Z,1184.39,20219265534
2023-10-16T10:00:00Z,1189.79,20744666468
2023-10-16T11:00:00Z,1189.32,19674553408
2023-10-16T12:00:00Z,1193.92,20456801806
2023-10-16T13:00:00Z,1181.07,19916145247
2023-10-16T14:00:00Z,1192.43,19277465805
2023-10-16T15:00:00Z,1205.34,20085212907
2023-10-16T16:00:00Z,1198.6,19507834064
2023-10-16T17:00:00Z,1192.93,20631450157
2023-10-16T18:00:00Z,1199.48,19467614337
2023-10-16T19:00:00Z,1181.59,20147112513
2023-10-16T20:00:00Z,1178.19,19111651571
2023-10-16T21:00:00Z,1191.27,19293097626
2023-10-16T22:00:00Z,1199.31,20295093471
2023-10-16T23:00:00Z,1197.56,20115895472
2023-10-17T00:00:00Z,1212.78,20054809315
2023-10-17T01:00:00Z,1226.01,20693293043
2023-10-17T02:00:00Z,1210.85,20825478930
2023-10-17T03:00:00Z,1225.57,20677170702
2023-10-17T04:00:00Z,1217.46,19335672658
2023-10-17T05:00:00Z,1221.01,19481390718
2023-10-17T06:00:00Z,1239.09,19161856650
2023-10-17T07:00:00Z,1226.26,20495137277
2023-10-17T08:00:00Z,1222.41,20941147334
2023-10-17T09:00:00Z,1212.36,19523951743
2023-10-17T10:00:00Z,1229.16,20540402565
2023-10-17T11:00:00Z,1245.82,20928137585
2023-10-17T12:00:00Z,1262.93,20884865740
2023-10-17T13:00:00Z,1266.61,20243982333
2023-10-17T14:00:00Z,1253.43,19323172958
2023-10-17T15:00:00Z,1238.09,19559779078
2023-10-17T16:00:00Z,1252.21,19743321059
2023-10-17T17:00:00Z,1241.66,20600264878
2023-10-17T18:00:00Z,1250.02,19703668138
2023-10-17T19:00:00Z,1265.33,20697497743
2023-10-17T20:00:00Z,1257.74,20218915808
2023-10-17T21:00:00Z,1273.78,20122956390
2023-10-17T22:00:00Z,1263.7,20609277950
2023-10-17T23:00:00Z,1261.04,20670152533
2023-10-18T00:00:00Z,1267.69,20955103165
2023-10-18T01:00:00Z,1280.85,20346740290
2023-10-18T02:00:00Z,1288.11,19361645770
2023-10-18T03:00:00Z,1295.95,20824189735
2023-10-18T04:00:00Z,1292.12,20269521099
2023-10-18T05:00:00Z,1309.02,19915478886
2023-10-18T06:00:00Z,1300.8,19615441797
2023-10-18T07:00:00Z,1284.85,20636371438
2023-10-18T08:00:00Z,1268.0,19874188617
2023-10-18T09:00:00Z,1271.53,19506066994
2023-10-18T10:00:00Z,1265.3,20245147473
2023-10-18T11:00:00Z,1268.23,20353531963
2023-10-18T12:00:00Z,1263.48,20005893277
2023-10-18T13:00:00Z,1248.46,20553657487
2023-10-18T14:00:00Z,1242.04,20432196592
2023-10-18T15:00:00Z,1236.29,20505626576
2023-10-18T16:00:00Z,1248.88,20499250758
2023-10-18T17:00:00Z,1247.25,20442970015
2023-10-18T18:00:00Z,1256.62,19182020256
2023-10-18T19:00:00Z,1244.75,20024185499
2023-10-18T20:00:00Z,1251.26,20135528468
2023-10-18T21:00:00Z,1255.61,20946340213
2023-10-18T22:00:00Z,1259.12,20823364261
2023-10-18T23:00:00Z,1269.75,20124355770
2023-10-19T00:00:00Z,1282.43,20020243596
2023-10-19T01:00:00Z,1298.76,19943244751
2023-10-19T02:00:00Z,1287.43,20224836618
2023-10-19T03:00:00Z,1285.46,19371056302
2023-10-19T04:00:00Z,1268.49,20223269524
2023-10-19T05:00:00Z,1253.51,20247425800
2023-10-19T06:00:00Z,1236.87,20110972942
2023-10-19T07:00:00Z,1248.47,20563359951
2023-10-19T08:00:00Z,1262.32,20111018612
2023-10-19T09:00:00Z,1254.94,20041500152
2023-10-19T10:00:00Z,1259.57,19587761263
2023-10-19T11:00:00Z,1263.52,19015446197
2023-10-19T12:00:00Z,1246.24,19598818109
2023-10-19T13:00:00Z,1245.8,19002294366
2023-10-19T14:00:00Z,1232.62,20109672966
2023-10-19T15:00:00Z,1217.38,19558325971
2023-10-19T16:00:00Z,1213.5,19648330838
2023-10-19T17:00:00Z,1213.45,20140754757
2023-10-19T18:00:00Z,1207.17,19046676777
2023-10-19T19:00:00Z,1202.85,20342865527
2023-10-19T20:00:00Z,1210.09,20834104800
2023-10-19T21:00:00Z,1212.9,20617742704
2023-10-19T22:00:00Z,1229.03,20413003246
2023-10-19T23:00:00Z,1221.09,20595788595
2023-10-20T00:00:00Z,1203.78,19881139409
2023-10-20T01:00:00Z,1208.89,20523765861
2023-10-20T02:00:00Z,1209.79,19677914322
2023-10-20T03:00:00Z,1225.65,19837547280
2023-10-20T04:00:00Z,1216.85,19500650786
2023-10-20T05:00:00Z,1225.16,19178566227
2023-10-20T06:00:00Z,1214.76,19956144709
2023-10-20T07:00:00Z,1231.12,20233471532
2023-10-20T08:00:00Z,1237.64,19312037172
2023-10-20T09:00:00Z,1240.99,19034561515
2023-10-20T10:00:00Z,1240.93,19176102742
2023-10-20T11:00:00Z,1244.79,19324461412
2023-10-20T12:00:00Z,1247.17,19682102103
2023-10-20T13:00:00Z,1252.29,20657022280
2023-10-20T14:00:00Z,1236.7,20181321979
2023-10-20T15:00:00Z,1243.52,19598268256
2023-10-20T16:00:00Z,1259.52,20578735501
2023-10-20T17:00:00Z,1241.51,20207281999
2023-10-20T18:00:00Z,1258.97,19799432998
2023-10-20T19:00:00Z,1254.41,20610729270
2023-10-20T20:00:00Z,1270.9,20464781037
2023-10-20T21:00:00Z,1266.14,19761872341
2023-10-20T22:00:00Z,1260.2,20273556673
2023-10-20T23:00:00Z,1266.73,19857159074
2023-10-21T00:00:00Z,1272.56,19534076495
2023-10-21T01:00:00Z,1291.2,20855255431
2023-10-21T02:00:00Z,1284.95,20144008014
2023-10-21T03:00:00Z,1268.31,20293586297
2023-10-21T04:00:00Z,1275.43,19208876974
2023-10-21T05:00:00Z,1290.84,19933419212
2023-10-21T06:00:00Z,1307.31,20045561589
2023-10-21T07:00:00Z,1301.06,19517445570
2023-10-21T08:00:00Z,1320.49,20848455607
2023-10-21T09:00:00Z,1335.01,20644387873
2023-10-21T10:00:00Z,1341.88,19789698682
2023-10-21T11:00:00Z,1324.9,19974111360
2023-10-21T12:00:00Z,1337.13,19996629134
2023-10-21T13:00:00Z,1354.46,20659948308
2023-10-21T14:00:00Z,1356.65,19397602279
2023-10-21T15:00:00Z,1341.32,19637524365
2023-10-21T16:00:00Z,1333.48,20174669903
2023-10-21T17:00:00Z,1334.26,19497112132
2023-10-21T18:00:00Z,1324.45,19348897219
2023-10-21T19:00:00Z,1333.73,19309951466
2023-10-21T20:00:00Z,1329.32,19433326145
2023-10-21T21:00:00Z,1345.85,20654220341
2023-10-21T22:00:00Z,1361.91,19646678053
2023-10-21T23:00:00Z,1378.98,20401660259
2023-10-22T00:00:00Z,1368.56,19178026593
2023-10-22T01:00:00Z,1361.87,19774981251
2023-10-22T02:00:00Z,1350.52,19185092785
2023-10-22T03:00:00Z,1347.79,19905809554
2023-10-22T04:00:00Z,1367.02,19402991101
2023-10-22T05:00:00Z,1369.33,19050040460
2023-10-22T06:00:00Z,1362.14,19074359203
2023-10-22T07:00:00Z,1372.24,20561867246
2023-10-22T08:00:00Z,1358.89,20531431459
2023-10-22T09:00:00Z,1350.49,20353607514
2023-10-22T10:00:00Z,1358.45,19620426062
2023-10-22T11:00:00Z,1338.17,20356083666
2023-10-22T12:00:00Z,1328.57,19982155655
2023-10-22T13:00:00Z,1324.61,20407428468
2023-10-22T14:00:00Z,1336.41,19332940205
2023-10-22T15:00:00Z,1352.97,20986847741
2023-10-22T16:00:00Z,1372.61,19898250209
2023-10-22T17:00:00Z,1387.11,19294552249
2023-10-22T18:00:00Z,1367.46,19899483609
2023-10-22T19:00:00Z,1348.04,19694907834
2023-10-22T20:00:00Z,1361.8,20905162521
2023-10-22T21:00:00Z,1378.88,20595062179
2023-10-22T22:00:00Z,1368.4,20062264739
2023-10-22T23:00:00Z,1359.01,20599911935
2023-10-23T00:00:00Z,1347.92,20213475717
2023-10-23T01:00:00Z,1354.72,19125917555
2023-10-23T02:00:00Z,1370.29,19376368478
2023-10-23T03:00:00Z,1385.89,20880051586
2023-10-23T04:00:00Z,1374.8,19012748919
2023-10-23T05:00:00Z,1373.02,20273235043
2023-10-23T06:00:00Z,1358.09,19250590432
2023-10-23T07:00:00Z,1366.32,20617983119
2023-10-23T08:00:00Z,1346.08,20935538229
2023-10-23T09:00:00Z,1345.84,20667588300
2023-10-23T10:00:00Z,1364.47,19860669586
2023-10-23T11:00:00Z,1362.58,20906614476
2023-10-23T12:00:00Z,1365.06,20829234440
2023-10-23T13:00:00Z,1377.84,20525869919
2023-10-23T14:00:00Z,1393.35,19811686153
2023-10-23T15:00:00Z,1403.58,19248336175
2023-10-23T16:00:00Z,1399.94,20052092000
2023-10-23T17:00:00Z,1391.74,20007386217
2023-10-23T18:00:00Z,1398.4,20993052265
2023-10-23T19:00:00Z,1406.84,19468336103
2023-10-23T20:00:00Z,1427.15,20408322338
2023-10-23T21:00:00Z,1420.92,19340714665
2023-10-23T22:00:00Z,1406.1,20575158431
2023-10-23T23:00:00Z,1422.4,20810973066
2023-10-24T00:00:00Z,1435.7,20338727732
2023-10-24T01:00:00Z,1434.33,19882500706
2023-10-24T02:00:00Z,1423.2,20266158202
2023-10-24T03:00:00Z,1412.37,19455104042
2023-10-24T04:00:00Z,1420.53,20730208179
2023-10-24T05:00:00Z,1420.29,19820255186
2023-10-24T06:00:00Z,1399.4,20231693939
2023-10-24T07:00:00Z,1395.07,20498804121
2023-10-24T08:00:00Z,1396.14,19123449676
2023-10-24T09:00:00Z,1409.67,19271781855
2023-10-24T10:00:00Z,1397.87,20415093034
2023-10-24T11:00:00Z,1401.41,20020401747
2023-10-24T12:00:00Z,1391.57,19510154657
2023-10-24T13:00:00Z,1372.73,20497331754
2023-10-24T14:00:00Z,1358.16,20635058893
2023-10-24T15:00:00Z,1365.4,19355027848
2023-10-24T16:00:00Z,1358.33,20083172730
2023-10-24T17:00:00Z,1371.87,19811442656
2023-10-24T18:00:00Z,1388.22,19017942611
2023-10-24T19:00:00Z,1390.09,19543827437
2023-10-24T20:00:00Z,1370.98,20231856847
2023-10-24T21:00:00Z,1358.02,19545508489
2023-10-24T22:00:00Z,1377.44,19678835807
2023-10-24T23:00:00Z,1396.5,20280339212
2023-10-25T00:00:00Z,1388.32,20175430995
2023-10-25T01:00:00Z,1394.14,19323766923
2023-10-25T02:00:00Z,1373.59,20962912774
2023-10-25T03:00:00Z,1379.04,20265121384
2023-10-25T04:00:00Z,1392.91,19975131383
2023-10-25T05:00:00Z,1377.17,20552918011
2023-10-25T06:00:00Z,1365.46,20984060559
2023-10-25T07:00:00Z,1377.94,19041713646
2023-10-25T08:00:00Z,1369.88,19646048806
2023-10-25T09:00:00Z,1378.54,19853823161
2023-10-25T10:00:00Z,1379.22,19720793641
2023-10-25T11:00:00Z,1384.43,20119500891
2023-10-25T12:00:00Z,1364.47,20462369281
2023-10-25T13:00:00Z,1369.31,19972287179
2023-10-25T14:00:00Z,1359.52,20579216010
2023-10-25T15:00:00Z,1340.54,20372037621
2023-10-25T16:00:00Z,1343.6,20364028992
2023-10-25T17:00:00Z,1354.9,20445747393
2023-10-25T18:00:00Z,1351.0,20525562895
2023-10-25T19:00:00Z,1347.81,20675668103
2023-10-25T20:00:00Z,1344.99,20751843362
2023-10-25T21:00:00Z,1346.59,20553229713
2023-10-25T22:00:00Z,1336.81,20395327839
2023-10-25T23:00:00Z,1348.85,20865960641
2023-10-26T00:00:00Z,1356.29,20532808480
2023-10-26T01:00:00Z,1357.89,20580048404
2023-10-26T02:00:00Z,1350.4,19980509519
2023-10-26T03:00:00Z,1369.26,20628814283
2023-10-26T04:00:00Z,1363.64,19027623807
2023-10-26T05:00:00Z,1373.08,20013556520
2023-10-26T06:00:00Z,1381.4,19936287452
2023-10-26T07:00:00Z,1400.13,20987206132
2023-10-26T08:00:00Z,1388.02,19945199240
2023-10-26T09:00:00Z,1368.67,20369810505
2023-10-26T10:00:00Z,1358.89,20929135357
2023-10-26T11:00:00Z,1370.3,20006479781
2023-10-26T12:00:00Z,1372.64,19553283583
2023-10-26T13:00:00Z,1369.61,19774247400
2023-10-26T14:00:00Z,1353.25,19804349020
2023-10-26T15:00:00Z,1364.42,20687338706
2023-10-26T16:00:00Z,1355.48,19077969855
2023-10-26T17:00:00Z,1354.4,20377760495
2023-10-26T18:00:00Z,1353.94,19830338074
2023-10-26T19:00:00Z,1373.51,20164113626
2023-10-26T20:00:00Z,1360.94,19806205109
2023-10-26T21:00:00Z,1370.59,20971422874
2023-10-26T22:00:00Z,1387.97,19902604737
2023-10-26T23:00:00Z,1396.39,20663530294
2023-10-27T00:00:00Z,1393.65,20122463304
2023-10-27T01:00:00Z,1392.36,19094926190
2023-10-27T02:00:00Z,1398.82,20388758787
2023-10-27T03:00:00Z,1388.7,20114418421
2023-10-27T04:00:00Z,1401.09,20779967156
2023-10-27T05:00:00Z,1402.05,19883865942
2023-10-27T06:00:00Z,1410.02,19378580098
2023-10-27T07:00:00Z,1400.77,20093023255
2023-10-27T08:00:00Z,1419.79,20084790406
2023-10-27T09:00:00Z,1401.24,19109464105
2023-10-27T10:00:00Z,1404.11,20159332965
2023-10-27T11:00:00Z,1413.9,20663635065
2023-10-27T12:00:00Z,1417.52,20613584788
2023-10-27T13:00:00Z,1398.34,20214095740
2023-10-27T14:00:00Z,1416.78,20430955204
2023-10-27T15:00:00Z,1417.7,20848725832
2023-10-27T16:00:00Z,1410.46,20815498553
2023-10-27T17:00:00Z,1418.64,19943269387
2023-10-27T18:00:00Z,1408.51,20374242149
2023-10-27T19:00:00Z,1421.35,20826726512
2023-10-27T20:00:00Z,1436.28,20408199755
2023-10-27T21:00:00Z,1416.19,20122330102
2023-10-27T22:00:00Z,1404.16,20881250806
2023-10-27T23:00:00Z,1416.97,20968172921
2023-10-28T00:00:00Z,1400.69,19858601784
2023-10-28T01:00:00Z,1381.33,19407699681
2023-10-28T02:00:00Z,1370.58,20066865064
2023-10-28T03:00:00Z,1357.43,19227296467
2023-10-28T04:00:00Z,1339.08,20556666010
2023-10-28T05:00:00Z,1326.22,20059621934
2023-10-28T06:00:00Z,1342.27,19206751014
2023-10-28T07:00:00Z,1358.47,19833648487
2023-10-28T08:00:00Z,1373.84,19548112440
2023-10-28T09:00:00Z,1387.24,19121106300
2023-10-28T10:00:00Z,1397.92,20592487119
2023-10-28T11:00:00Z,1391.29,19620733980
2023-10-28T12:00:00Z,1400.93,19719471592
2023-10-28T13:00:00Z,1416.59,20044605653
2023-10-28T14:00:00Z,1405.73,20884869701
2023-10-28T15:00:00Z,1417.67,20225203529
2023-10-28T16:00:00Z,1406.48,19135454069
2023-10-28T17:00:00Z,1391.61,19776935148
2023-10-28T18:00:00Z,1409.37,19702983083
2023-10-28T19:00:00Z,1412.28,19741116525
2023-10-28T20:00:00Z,1402.12,20600468447
2023-10-28T21:00:00Z,1403.53,19002355630
2023-10-28T22:00:00Z,1420.69,20787255466
2023-10-28T23:00:00Z,1439.46,19191297895
2023-10-29T00:00:00Z,1449.86,19808367916
2023-10-29T01:00:00Z,1465.16,20593683081
2023-10-29T02:00:00Z,1485.48,19537984147
2023-10-29T03:00:00Z,1500.68,19822659838
2023-10-29T04:00:00Z,1520.69,20097633054
2023-10-29T05:00:00Z,1505.11,19009869643
2023-10-29T06:00:00Z,1490.8,19183301429
2023-10-29T07:00:00Z,1498.52,19628825680
2023-10-29T08:00:00Z,1508.78,19861946680
2023-10-29T09:00:00Z,1514.48,20459562114
2023-10-29T10:00:00Z,1513.47,19090347385
2023-10-29T11:00:00Z,1516.35,20671524606
2023-10-29T12:00:00Z,1522.99,20222009888
2023-10-29T13:00:00Z,1525.68,20074716719
2023-10-29T14:00:00Z,1519.78,19433384716
2023-10-29T15:00:00Z,1522.34,19823442130
2023-10-29T16:00:00Z,1510.93,20557470401
2023-10-29T17:00:00Z,1530.79,19098445943
2023-10-29T18:00:00Z,1546.15,20598180166
2023-10-29T19:00:00Z,1528.5,20491068389
2023-10-29T20:00:00Z,1531.92,20473895351
2023-10-29T21:00:00Z,1531.46,19953747403
2023-10-29T22:00:00Z,1509.58,20985129664
2023-10-29T23:00:00Z,1507.8,19658056843
2023-10-30T00:00:00Z,1528.66,20933686739
2023-10-30T01:00:00Z,1520.58,20358238068
2023-10-30T02:00:00Z,1540.09,20049242743
2023-10-30T03:00:00Z,1551.22,19228603698
2023-10-30T04:00:00Z,1545.59,20453201251
2023-10-30T05:00:00Z,1556.74,19520683398
2023-10-30T06:00:00Z,1572.18,19107959101
2023-10-30T07:00:00Z,1590.94,20621803674
2023-10-30T08:00:00Z,1599.05,20135373965
2023-10-30T09:00:00Z,1582.52,20057412920
2023-10-30T10:00:00Z,1579.29,19768091716
2023-10-30T11:00:00Z,1597.97,19289454027
2023-10-30T12:00:00Z,1582.64,19924875292
2023-10-30T13:00:00Z,1582.93,19696126035
2023-10-30T14:00:00Z,1559.26,19421644749
2023-10-30T15:00:00Z,1547.25,19697680605
2023-10-30T16:00:00Z,1532.66,19206343838
2023-10-30T17:00:00Z,1527.03,20227003275
2023-10-30T18:00:00Z,1518.82,20898432187
2023-10-30T19:00:00Z,1516.14,19627236995
2023-10-30T20:00:00Z,1500.19,20347914626
2023-10-30T21:00:00Z,1519.73,20541898217
2023-10-30T22:00:00Z,1501.08,20585615320
2023-10-30T23:00:00Z,1517.09,20107842530
2023-10-31T00:00:00Z,1495.58,19711537054
2023-10-31T01:00:00Z,1499.86,19525897598
2023-10-31T02:00:00Z,1491.14,19173257362
2023-10-31T03:00:00Z,1483.99,19156166905
2023-10-31T04:00:00Z,1499.67,19223071904
2023-10-31T05:00:00Z,1496.73,19930812730
2023-10-31T06:00:00Z,1503.61,20291914142
2023-10-31T07:00:00Z,1492.31,19719729172
2023-10-31T08:00:00Z,1476.31,20585275659
2023-10-31T09:00:00Z,1495.32,20776434660
2023-10-31T10:00:00Z,1485.88,20810801553
2023-10-31T11:00:00Z,1470.41,20014762166
2023-10-31T12:00:00Z,1450.53,20314413619
2023-10-31T13:00:00Z,1460.62,19112028487
2023-10-31T14:00:00Z,1466.1,19271045746
2023-10-31T15:00:00Z,1484.63,19977333306
2023-10-31T16:00:00Z,1504.33,19686748077
2023-10-31T17:00:00Z,1507.11,20623349692
2023-10-31T18:00:00Z,1488.74,19529963900
2023-10-31T19:00:00Z,1500.83,20628296357
2023-10-31T20:00:00Z,1512.29,19323203340
2023-10-31T21:00:00Z,1503.76,19064546662
2023-10-31T22:00:00Z,1501.65,20539710079
2023-10-31T23:00:00Z,1501.33,20798118009
2023-11-01T00:00:00Z,1520.43,20401786372
2023-11-01T01:00:00Z,1510.33,19261643255
2023-11-01T02:00:00Z,1510.44,19811631488
2023-11-01T03:00:00Z,1493.36,20522101279
2023-11-01T04:00:00Z,1475.29,20744052600
2023-11-01T05:00:00Z,1494.75,19916655477
2023-11-01T06:00:00Z,1495.75,19131703118
2023-11-01T07:00:00Z,1482.16,20292977145
2023-11-01T08:00:00Z,1497.68,19265837931
2023-11-01T09:00:00Z,1512.28,20421135705
2023-11-01T10:00:00Z,1492.84,19806758611
2023-11-01T11:00:00Z,1510.73,20108953552
2023-11-01T12:00:00Z,1511.39,20571222402
2023-11-01T13:00:00Z,1491.13,20668239019
2023-11-01T14:00:00Z,1502.99,20966875330
2023-11-01T15:00:00Z,1495.48,20586996447
2023-11-01T16:00:00Z,1510.79,19459815014
2023-11-01T17:00:00Z,1503.0,19288718705
2023-11-01T18:00:00Z,1492.24,20445978869
2023-11-01T19:00:00Z,1476.03,19914702225
2023-11-01T20:00:00Z,1457.85,19986029176
2023-11-01T21:00:00Z,1447.05,20588689388
2023-11-01T22:00:00Z,1468.64,19175798153
2023-11-01T23:00:00Z,1488.16,20394844565
2023-11-02T00:00:00Z,1496.61,20592759266
2023-11-02T01:00:00Z,1486.6,20645063653
2023-11-02T02:00:00Z,1470.71,20388423394
2023-11-02T03:00:00Z,1490.56,20365928890
2023-11-02T04:00:00Z,1504.14,19838366095
2023-11-02T05:00:00Z,1483.75,20230559800
2023-11-02T06:00:00Z,1496.22,19939322377
2023-11-02T07:00:00Z,1500.85,20531982096
2023-11-02T08:00:00Z,1497.65,20554395707
2023-11-02T09:00:00Z,1485.47,20247517417
2023-11-02T10:00:00Z,1467.72,19248684803
2023-11-02T11:00:00Z,1458.6,19878449435
2023-11-02T12:00:00Z,1466.27,20788532779
2023-11-02T13:00:00Z,1487.73,20640376116
2023-11-02T14:00:00Z,1502.73,20007535782
2023-11-02T15:00:00Z,1498.63,20937705869
2023-11-02T16:00:00Z,1478.41,19994232141
2023-11-02T17:00:00Z,1482.47,19344601249
2023-11-02T18:00:00Z,1461.45,20131946278
2023-11-02T19:00:00Z,1477.03,19555677347
2023-11-02T20:00:00Z,1499.16,20373848292
2023-11-02T21:00:00Z,1482.52,19656694420
2023-11-02T22:00:00Z,1472.44,20967566289
2023-11-02T23:00:00Z,1470.86,20322980887
2023-11-03T00:00:00Z,1452.17,19615041250
2023-11-03T01:00:00Z,1467.84,20291378879
2023-11-03T02:00:00Z,1474.87,20678177863
2023-11-03T03:00:00Z,1477.6,20368759595
2023-11-03T04:00:00Z,1466.92,20740025933
2023-11-03T05:00:00Z,1465.58,19607333956
2023-11-03T06:00:00Z,1455.2,19555040866
2023-11-03T07:00:00Z,1450.36,19187310480
2023-11-03T08:00:00Z,1444.12,20308432464
2023-11-03T09:00:00Z,1435.94,20354622678
2023-11-03T10:00:00Z,1432.46,19814075283
2023-11-03T11:00:00Z,1449.91,20601229944
2023-11-03T12:00:00Z,1433.07,19487500462
2023-11-03T13:00:00Z,1424.42,20758651362
2023-11-03T14:00:00Z,1406.92,20854752933
2023-11-03T15:00:00Z,1412.3,20342153902
2023-11-03T16:00:00Z,1392.72,20465577315
2023-11-03T17:00:00Z,1387.55,20964794505
2023-11-03T18:00:00Z,1389.94,19682894592
2023-11-03T19:00:00Z,1410.23,20375512564
2023-11-03T20:00:00Z,1406.27,19697879791
2023-11-03T21:00:00Z,1393.89,20325427604
2023-11-03T22:00:00Z,1379.64,19923700819
2023-11-03T23:00:00Z,1373.79,20365085215
2023-11-04T00:00:00Z,1390.78,19046555788
2023-11-04T01:00:00Z,1398.38,20486771657
2023-11-04T02:00:00Z,1394.72,20354547943
2023-11-04T03:00:00Z,1402.13,19562879459
2023-11-04T04:00:00Z,1389.81,19350254290
2023-11-04T05:00:00Z,1401.29,19382634838
2023-11-04T06:00:00Z,1415.33,20531605234
2023-11-04T07:00:00Z,1422.81,19310518380
2023-11-04T08:00:00Z,1422.67,19882704637
2023-11-04T09:00:00Z,1421.48,20109938164
2023-11-04T10:00:00Z,1441.15,20407355054
2023-11-04T11:00:00Z,1432.28,20678350880
2023-11-04T12:00:00Z,1438.25,20390550922
2023-11-04T13:00:00Z,1459.77,20632767736
2023-11-04T14:00:00Z,1477.18,20379194773
2023-11-04T15:00:00Z,1472.58,19551529401
2023-11-04T16:00:00Z,1450.9,19271982841
2023-11-04T17:00:00Z,1444.96,19349487129
2023-11-04T18:00:00Z,1451.07,19771989981
2023-11-04T19:00:00Z,1443.63,20771073073
2023-11-04T20:00:00Z,1431.99,20036174505
2023-11-04T21:00:00Z,1445.45,20282538046
2023-11-04T22:00:00Z,1428.39,20396678358
2023-11-04T23:00:00Z,1440.22,19177806339
2023-11-05T00:00:00Z,1460.96,20639757400
2023-11-05T01:00:00Z,1446.37,19711127812
2023-11-05T02:00:00Z,1433.5,20044012633
2023-11-05T03:00:00Z,1418.63,20526019881
2023-11-05T04:00:00Z,1397.35,20395288656
2023-11-05T05:00:00Z,1398.41,19873713224
2023-11-05T06:00:00Z,1406.45,19950575586
2023-11-05T07:00:00Z,1396.46,20846430356
2023-11-05T08:00:00Z,1399.27,20196713793
2023-11-05T09:00:00Z,1407.07,20230069468
2023-11-05T10:00:00Z,1410.78,19978249409
2023-11-05T11:00:00Z,1411.98,19277276704
2023-11-05T12:00:00Z,1402.43,19083094246
2023-11-05T13:00:00Z,1401.99,20585152521
2023-11-05T14:00:00Z,1411.38,19083370243
2023-11-05T15:00:00Z,1405.08,20087015058
2023-11-05T16:00:00Z,1407.21,20089827262
2023-11-05T17:00:00Z,1396.2,20345284429
2023-11-05T18:00:00Z,1399.43,19600022687
2023-11-05T19:00:00Z,1420.27,20589900622
2023-11-05T20:00:00Z,1430.57,19666027931
2023-11-05T21:00:00Z,1431.33,20667742325
2023-11-05T22:00:00Z,1430.76,20427184677
2023-11-05T23:00:00Z,1428.63,19016465149
2023-11-06T00:00:00Z,1438.83,20633227089
2023-11-06T01:00:00Z,1418.62,20641472140
2023-11-06T02:00:00Z,1436.23,20125146472
2023-11-06T03:00:00Z,1426.29,20360874622
2023-11-06T04:00:00Z,1412.08,20802400684
2023-11-06T05:00:00Z,1428.44,20732664104
2023-11-06T06:00:00Z,1445.86,19994492826
2023-11-06T07:00:00Z,1433.34,20901199008
2023-11-06T08:00:00Z,1445.82,20954335553
2023-11-06T09:00:00Z,1437.05,19464309898
2023-11-06T10:00:00Z,1425.35,20895263628
2023-11-06T11:00:00Z,1443.94,20885452022
2023-11-06T12:00:00Z,1428.42,19942551189
2023-11-06T13:00:00Z,1419.25,20469801361
2023-11-06T14:00:00Z,1406.57,20821760521
2023-11-06T15:00:00Z,1386.23,19220976413
2023-11-06T16:00:00Z,1370.08,19762993954
2023-11-06T17:00:00Z,1383.28,19966421782
2023-11-06T18:00:00Z,1387.99,19588593807
2023-11-06T19:00:00Z,1379.39,20608139604
2023-11-06T20:00:00Z,1392.8,20900946990
2023-11-06T21:00:00Z,1398.36,20100720240
2023-11-06T22:00:00Z,1394.85,20779938353
2023-11-06T23:00:00Z,1383.82,19545483372
2023-11-07T00:00:00Z,1363.69,19237829829
2023-11-07T01:00:00Z,1359.12,19477905633
2023-11-07T02:00:00Z,1366.83,20640304120
2023-11-07T03:00:00Z,1350.67,19643071881
2023-11-07T04:00:00Z,1341.56,20334864849
2023-11-07T05:00:00Z,1346.9,20319800834
2023-11-07T06:00:00Z,1326.98,20677886859
2023-11-07T07:00:00Z,1344.23,20565070177
2023-11-07T08:00:00Z,1355.18,20730552056
2023-11-07T09:00:00Z,1371.39,19282253242
2023-11-07T10:00:00Z,1362.82,20378572503
2023-11-07T11:00:00Z,1381.47,19277500124
2023-11-07T12:00:00Z,1383.82,19939083628
2023-11-07T13:00:00Z,1402.62,20862826007
2023-11-07T14:00:00Z,1401.84,19862118689
2023-11-07T15:00:00Z,1402.23,20918939918
2023-11-07T16:00:00Z,1406.31,19677313345
2023-11-07T17:00:00Z,1389.36,20963705538
2023-11-07T18:00:00Z,1405.93,19638545609
2023-11-07T19:00:00Z,1387.48,20671575181
2023-11-07T20:00:00Z,1376.61,19752461927
2023-11-07T21:00:00Z,1359.76,20662196309
2023-11-07T22:00:00Z,1351.06,20419232515
2023-11-07T23:00:00Z,1356.28,20244985373
2023-11-08T00:00:00Z,1363.11,19607299543
2023-11-08T01:00:00Z,1368.85,20655526191
2023-11-08T02:00:00Z,1352.68,20732178432
2023-11-08T03:00:00Z,1355.06,20774685343
2023-11-08T04:00:00Z,1344.68,19380350533
2023-11-08T05:00:00Z,1359.75,19298950212
2023-11-08T06:00:00Z,1380.08,19715238539
2023-11-08T07:00:00Z,1360.75,19998248840
2023-11-08T08:00:00Z,1352.97,20286344630
2023-11-08T09:00:00Z,1335.56,20385006317
2023-11-08T10:00:00Z,1344.12,20337524966
2023-11-08T11:00:00Z,1363.59,20010736554
2023-11-08T12:00:00Z,1343.4,20438255748
2023-11-08T13:00:00Z,1335.67,20368278531
2023-11-08T14:00:00Z,1315.94,20671417822
2023-11-08T15:00:00Z,1330.3,19760625163
2023-11-08T16:00:00Z,1312.26,20699988210
2023-11-08T17:00:00Z,1306.55,19893497550
2023-11-08T18:00:00Z,1316.95,19731300842
2023-11-08T19:00:00Z,1333.78,19591408897
2023-11-08T20:00:00Z,1352.38,19084308828
2023-11-08T21:00:00Z,1367.51,19758752539
2023-11-08T22:00:00Z,1364.55,20836379220
2023-11-08T23:00:00Z,1380.68,19700392993
2023-11-09T00:00:00Z,1373.32,20530072264
2023-11-09T01:00:00Z,1387.24,20703796817
2023-11-09T02:00:00Z,1397.34,19816989668
2023-11-09T03:00:00Z,1378.83,20579136197
2023-11-09T04:00:00Z,1377.82,20657674020
2023-11-09T05:00:00Z,1397.16,19499037412
2023-11-09T06:00:00Z,1409.27,20366669232
2023-11-09T07:00:00Z,1410.11,20350652421
2023-11-09T08:00:00Z,1417.85,20054824523
2023-11-09T09:00:00Z,1419.11,19511397639
2023-11-09T10:00:00Z,1402.11,20699392009
2023-11-09T11:00:00Z,1407.97,20455108165
2023-11-09T12:00:00Z,1420.54,20089336146
2023-11-09T13:00:00Z,1411.75,20597352989
2023-11-09T14:00:00Z,1416.78,19060447096
2023-11-09T15:00:00Z,1422.36,20271002328
2023-11-09T16:00:00Z,1421.89,19802328162
2023-11-09T17:00:00Z,1430.21,19706314708
2023-11-09T18:00:00Z,1417.47,20976895266
2023-11-09T19:00:00Z,1431.76,19273886652
2023-11-09T20:00:00Z,1451.03,19154151911
2023-11-09T21:00:00Z,1436.34,20919597583
2023-11-09T22:00:00Z,1420.44,20299547095
2023-11-09T23:00:00Z,1418.55,19515589687
2023-11-10T00:00:00Z,1434.09,20686972569
2023-11-10T01:00:00Z,1454.19,20444405244
2023-11-10T02:00:00Z,1447.58,19664556006
2023-11-10T03:00:00Z,1437.58,19556483682
2023-11-10T04:00:00Z,1449.21,20583144951
2023-11-10T05:00:00Z,1457.63,20507421522
2023-11-10T06:00:00Z,1450.43,20644497233
2023-11-10T07:00:00Z,1445.99,20661198016
2023-11-10T08:00:00Z,1433.51,20995577007
2023-11-10T09:00:00Z,1441.39,20793816097
2023-11-10T10:00:00Z,1457.33,20779696630
2023-11-10T11:00:00Z,1469.92,20465429098
2023-11-10T12:00:00Z,1466.07,20146927610
2023-11-10T13:00:00Z,1473.68,20843344727
2023-11-10T14:00:00Z,1482.7,19657269790
2023-11-10T15:00:00Z,1471.21,20864282327
2023-11-10T16:00:00Z,1470.84,19346031921
2023-11-10T17:00:00Z,1467.65,19047454417
2023-11-10T18:00:00Z,1455.95,19874409744
2023-11-10T19:00:00Z,1436.45,20119454770
2023-11-10T20:00:00Z,1444.87,19377780253
2023-11-10T21:00:00Z,1465.42,20356763328
2023-11-10T22:00:00Z,1484.05,19452024423
2023-11-10T23:00:00Z,1466.45,20687774523
2023-11-11T00:00:00Z,1477.01,20052532143
2023-11-11T01:00:00Z,1497.11,19672930046
2023-11-11T02:00:00Z,1506.4,20264147345
2023-11-11T03:00:00Z,1514.16,19438182082
2023-11-11T04:00:00Z,1508.79,19910248879
2023-11-11T05:00:00Z,1529.51,20438801932
2023-11-11T06:00:00Z,1516.31,20494307940
2023-11-11T07:00:00Z,1534.56,20416956287
2023-11-11T08:00:00Z,1531.29,19061633275
2023-11-11T09:00:00Z,1545.86,20475005470
2023-11-11T10:00:00Z,1556.41,19243423996
2023-11-11T11:00:00Z,1572.62,19326426078
2023-11-11T12:00:00Z,1571.42,20599972186
2023-11-11T13:00:00Z,1585.78,20669766806
2023-11-11T14:00:00Z,1606.12,19509039727
2023-11-11T15:00:00Z,1587.27,19753758726
2023-11-11T16:00:00Z,1567.76,20410889028
2023-11-11T17:00:00Z,1588.16,20708653270
2023-11-11T18:00:00Z,1605.6,19774869469
2023-11-11T19:00:00Z,1590.62,19878230702
2023-11-11T20:00:00Z,1593.41,20956141342
2023-11-11T21:00:00Z,1602.96,19713962157
2023-11-11T22:00:00Z,1606.54,19576087226
2023-11-11T23:00:00Z,1618.03,20030602914
2023-11-12T00:00:00Z,1594.35,19524385314
2023-11-12T01:00:00Z,1573.08,19467684868
2023-11-12T02:00:00Z,1562.72,20371522004
2023-11-12T03:00:00Z,1581.61,19722545131
2023-11-12T04:00:00Z,1561.65,20997282561
2023-11-12T05:00:00Z,1571.09,20971162046
2023-11-12T06:00:00Z,1581.11,20854316880
2023-11-12T07:00:00Z,1597.53,20058361146
2023-11-12T08:00:00Z,1591.76,20509147772
2023-11-12T09:00:00Z,1603.1,20516801067
2023-11-12T10:00:00Z,1610.58,19205801692
2023-11-12T11:00:00Z,1620.98,20678535828
2023-11-12T12:00:00Z,1644.74,19534347290
2023-11-12T13:00:00Z,1666.42,19487556024
2023-11-12T14:00:00Z,1669.29,20156048681
2023-11-12T15:00:00Z,1678.6,20277761733
2023-11-12T16:00:00Z,1657.49,20506163215
2023-11-12T17:00:00Z,1645.5,20366923199
2023-11-12T18:00:00Z,1647.01,20233007278
2023-11-12T19:00:00Z,1635.67,19664681160
2023-11-12T20:00:00Z,1618.58,20057804470
2023-11-12T21:00:00Z,1607.39,20666480255
2023-11-12T22:00:00Z,1583.31,20415481760
2023-11-12T23:00:00Z,1563.63,19390692571
2023-11-13T00:00:00Z,1550.46,20248626111
2023-11-13T01:00:00Z,1541.38,19020969437
2023-11-13T02:00:00Z,1547.82,19727487886
2023-11-13T03:00:00Z,1528.23,19060233541
2023-11-13T04:00:00Z,1548.08,20109543715
2023-11-13T05:00:00Z,1530.72,19426523789
2023-11-13T06:00:00Z,1525.08,19685334133
2023-11-13T07:00:00Z,1533.88,19438087619
2023-11-13T08:00:00Z,1541.28,20261870300
2023-11-13T09:00:00Z,1523.59,20756811322
2023-11-13T10:00:00Z,1539.67,20877319941
2023-11-13T11:00:00Z,1540.68,20438064112
2023-11-13T12:00:00Z,1560.29,19757182001
2023-11-13T13:00:00Z,1537.77,19378716239
2023-11-13T14:00:00Z,1521.35,20888262682
2023-11-13T15:00:00Z,1530.22,20785315037
2023-11-13T16:00:00Z,1513.95,19282127562
2023-11-13T17:00:00Z,1501.62,19330803406
2023-11-13T18:00:00Z,1484.56,19088973372
2023-11-13T19:00:00Z,1478.9,20269879206
2023-11-13T20:00:00Z,1495.17,19089528320
2023-11-13T21:00:00Z,1487.24,20683079554
2023-11-13T22:00:00Z,1488.72,20080254240
2023-11-13T23:00:00Z,1494.1,20734758188
2023-11-14T00:00:00Z,1496.52,20307451150
2023-11-14T01:00:00Z,1489.49,20690994536
2023-11-14T02:00:00Z,1497.85,20297789138
2023-11-14T03:00:00Z,1510.98,20982531302
2023-11-14T04:00:00Z,1523.87,20684156438
2023-11-14T05:00:00Z,1517.46,20619202059
2023-11-14T06:00:00Z,1506.56,20417205831
2023-11-14T07:00:00Z,1484.22,19544539302
2023-11-14T08:00:00Z,1499.18,20605857612
2023-11-14T09:00:00Z,1513.61,20214111642
2023-11-14T10:00:00Z,1497.17,19837724572
2023-11-14T11:00:00Z,1509.25,20664925289
2023-11-14T12:00:00Z,1529.12,20456594532
2023-11-14T13:00:00Z,1521.07,19839139761
2023-11-14T14:00:00Z,1535.78,19091948436
2023-11-14T15:00:00Z,1532.09,20952798899
2023-11-14T16:00:00Z,1539.07,19448273982
2023-11-14T17:00:00Z,1535.62,19537545489
2023-11-14T18:00:00Z,1520.67,19352460479
2023-11-14T19:00:00Z,1530.87,20333085600
2023-11-14T20:00:00Z,1515.67,19446894693
2023-11-14T21:00:00Z,1504.07,19799641559
2023-11-14T22:00:00Z,1484.43,20026720033
2023-11-14T23:00:00Z,1470.63,20182725637
2023-11-15T00:00:00Z,1463.59,20107278562
2023-11-15T01:00:00Z,1457.26,19103283261
2023-11-15T02:00:00Z,1455.75,20250373790
2023-11-15T03:00:00Z,1456.39,19516651713
2023-11-15T04:00:00Z,1456.19,20834833896
2023-11-15T05:00:00Z,1436.88,20410156137
2023-11-15T06:00:00Z,1418.08,20682359004
2023-11-15T07:00:00Z,1406.02,19659506418
2023-11-15T08:00:00Z,1420.66,19053013984
2023-11-15T09:00:00Z,1408.93,20712866786
2023-11-15T10:00:00Z,1396.11,20581921121
2023-11-15T11:00:00Z,1410.27,20958097865
2023-11-15T12:00:00Z,1418.05,20184717907
2023-11-15T13:00:00Z,1431.63,20023903282
2023-11-15T14:00:00Z,1433.21,20895082174
2023-11-15T15:00:00Z,1436.89,19203985479
2023-11-15T16:00:00Z,1447.97,20320577751
2023-11-15T17:00:00Z,1454.63,19074900836
2023-11-15T18:00:00Z,1467.18,19479712129
2023-11-15T19:00:00Z,1464.1,20559597277
2023-11-15T20:00:00Z,1458.65,20019256760
2023-11-15T21:00:00Z,1471.89,19018070617
2023-11-15T22:00:00Z,1487.4,19661575576
2023-11-15T23:00:00Z,1470.07,19313646137
2023-11-16T00:00:00Z,1484.04,20341916458
2023-11-16T01:00:00Z,1478.36,19249187942
2023-11-16T02:00:00Z,1466.84,19233303783
2023-11-16T03:00:00Z,1477.58,20892771251
2023-11-16T04:00:00Z,1463.25,19376650587
2023-11-16T05:00:00Z,1445.61,20936667093
2023-11-16T06:00:00Z,1442.65,20967867848
2023-11-16T07:00:00Z,1463.81,20747906604
2023-11-16T08:00:00Z,1474.6,19566295882
2023-11-16T09:00:00Z,1480.01,20833498619
2023-11-16T10:00:00Z,1480.42,19022783267
2023-11-16T11:00:00Z,1495.94,19728482270
2023-11-16T12:00:00Z,1496.37,19598580108
2023-11-16T13:00:00Z,1491.33,20843736251
2023-11-16T14:00:00Z,1490.17,20377920296
2023-11-16T15:00:00Z,1512.06,20017176980
2023-11-16T16:00:00Z,1517.72,19383824362
2023-11-16T17:00:00Z,1504.84,19112508147
2023-11-16T18:00:00Z,1500.7,19086761756
2023-11-16T19:00:00Z,1512.41,19237002138
2023-11-16T20:00:00Z,1515.39,19464929802
2023-11-16T21:00:00Z,1516.31,19713947715
2023-11-16T22:00:00Z,1507.39,20987111769
2023-11-16T23:00:00Z,1498.98,20622390352
2023-11-17T00:00:00Z,1486.23,19087898131
2023-11-17T01:00:00Z,1496.35,20823707326
2023-11-17T02:00:00Z,1514.06,20686558463
2023-11-17T03:00:00Z,1497.87,20907150746
2023-11-17T04:00:00Z,1519.73,19984831976
2023-11-17T05:00:00Z,1503.15,20871069854
2023-11-17T06:00:00Z,1501.64,20540459879
2023-11-17T07:00:00Z,1487.32,20662675017
2023-11-17T08:00:00Z,1470.45,20506555555
2023-11-17T09:00:00Z,1487.15,20570557395
2023-11-17T10:00:00Z,1482.41,19696881070
2023-11-17T11:00:00Z,1493.48,20651569226
2023-11-17T12:00:00Z,1495.04,19095824240
2023-11-17T13:00:00Z,1497.55,19341632538
2023-11-17T14:00:00Z,1508.55,20741454909
2023-11-17T15:00:00Z,1502.51,20962718606
2023-11-17T16:00:00Z,1519.29,19263059657
2023-11-17T17:00:00Z,1507.21,19014731145
2023-11-17T18:00:00Z,1504.63,20267262686
2023-11-17T19:00:00Z,1519.86,20515233039
2023-11-17T20:00:00Z,1508.14,19184064329
2023-11-17T21:00:00Z,1527.31,19264099015
2023-11-17T22:00:00Z,1545.63,20747815722
2023-11-17T23:00:00Z,1549.61,19614158316
2023-11-18T00:00:00Z,1569.91,20514853149
2023-11-18T01:00:00Z,1558.81,19912136212
2023-11-18T02:00:00Z,1574.69,20472840843
2023-11-18T03:00:00Z,1566.58,19535048436
2023-11-18T04:00:00Z,1562.87,20900049713
2023-11-18T05:00:00Z,1549.51,20375277599
2023-11-18T06:00:00Z,1571.02,19531536638
2023-11-18T07:00:00Z,1576.63,19148468118
2023-11-18T08:00:00Z,1585.35,19840041340
2023-11-18T09:00:00Z,1579.74,20061357137
2023-11-18T10:00:00Z,1590.54,20192467475
2023-11-18T11:00:00Z,1575.03,20285675297
2023-11-18T12:00:00Z,1590.02,19297745478
2023-11-18T13:00:00Z,1603.92,20701977964
2023-11-18T14:00:00Z,1609.64,19497332552
2023-11-18T15:00:00Z,1629.49,20261720042
2023-11-18T16:00:00Z,1651.61,19391278486
2023-11-18T17:00:00Z,1671.04,20453921994
2023-11-18T18:00:00Z,1666.18,20612376690
2023-11-18T19:00:00Z,1656.15,19874883036
2023-11-18T20:00:00Z,1638.58,20077229803
2023-11-18T21:00:00Z,1641.8,19616768542
2023-11-18T22:00:00Z,1631.65,20086050288
2023-11-18T23:00:00Z,1617.54,20338683084
2023-11-19T00:00:00Z,1594.98,19033074700
2023-11-19T01:00:00Z,1573.93,20437750176
2023-11-19T02:00:00Z,1582.91,20021837139
2023-11-19T03:00:00Z,1578.5,20542647143
2023-11-19T04:00:00Z,1600.09,19726514456
2023-11-19T05:00:00Z,1594.74,20987921071
2023-11-19T06:00:00Z,1571.77,19083402767
2023-11-19T07:00:00Z,1572.77,19325016677
2023-11-19T08:00:00Z,1573.84,20602674378
2023-11-19T09:00:00Z,1580.04,20106906037
2023-11-19T10:00:00Z,1572.47,19441850712
2023-11-19T11:00:00Z,1563.42,20454738838
2023-11-19T12:00:00Z,1547.33,19236044166
2023-11-19T13:00:00Z,1547.4,19934423260
2023-11-19T14:00:00Z,1566.81,19099689825
2023-11-19T15:00:00Z,1571.82,19679558259
2023-11-19T16:00:00Z,1586.41,19306772540
2023-11-19T17:00:00Z,1578.67,19960383577
2023-11-19T18:00:00Z,1599.74,20278457524
2023-11-19T19:00:00Z,1577.31,19495999599
2023-11-19T20:00:00Z,1597.86,19461314684
2023-11-19T21:00:00Z,1609.49,19751147337
2023-11-19T22:00:00Z,1611.69,19652872801
2023-11-19T23:00:00Z,1614.72,20471976534
2023-11-20T00:00:00Z,1592.87,19853519718
2023-11-20T01:00:00Z,1599.6,19632479917
2023-11-20T02:00:00Z,1603.98,20985386146
2023-11-20T03:00:00Z,1606.91,19668651473
2023-11-20T04:00:00Z,1589.21,19106566708
2023-11-20T05:00:00Z,1610.96,20887755878
2023-11-20T06:00:00Z,1634.41,19916085117
2023-11-20T07:00:00Z,1646.56,19937688449
2023-11-20T08:00:00Z,1652.26,20236473954
2023-11-20T09:00:00Z,1642.05,20291779366
2023-11-20T10:00:00Z,1658.41,20874317072
2023-11-20T11:00:00Z,1671.72,20667689435
2023-11-20T12:00:00Z,1674.62,20547701631
2023-11-20T13:00:00Z,1661.24,19003010749
2023-11-20T14:00:00Z,1656.4,19547346495
2023-11-20T15:00:00Z,1638.06,19529798745
2023-11-20T16:00:00Z,1635.16,19870681175
2023-11-20T17:00:00Z,1654.71,19185606327
2023-11-20T18:00:00Z,1644.25,19494953502
2023-11-20T19:00:00Z,1661.16,19770276500
2023-11-20T20:00:00Z,1684.92,19050892532
2023-11-20T21:00:00Z,1706.14,19121519533
2023-11-20T22:00:00Z,1683.02,20712564785
2023-11-20T23:00:00Z,1665.83,19698153688
2023-11-21T00:00:00Z,1660.87,20494115149
2023-11-21T01:00:00Z,1648.52,19013484146
2023-11-21T02:00:00Z,1667.03,20687000617
2023-11-21T03:00:00Z,1687.52,20254426332
2023-11-21T04:00:00Z,1669.89,20400494446
2023-11-21T05:00:00Z,1662.51,20284664273
2023-11-21T06:00:00Z,1645.94,19097037103
2023-11-21T07:00:00Z,1633.38,20216759766
2023-11-21T08:00:00Z,1645.66,20423269972
2023-11-21T09:00:00Z,1647.16,19637922842
2023-11-21T10:00:00Z,1659.99,19707626046
2023-11-21T11:00:00Z,1640.6,20976052667
2023-11-21T12:00:00Z,1631.46,20749416571
2023-11-21T13:00:00Z,1655.17,20957206538
2023-11-21T14:00:00Z,1650.62,20982803249
2023-11-21T15:00:00Z,1648.06,20756120615
2023-11-21T16:00:00Z,1664.03,20889886766
2023-11-21T17:00:00Z,1658.56,19930897320
2023-11-21T18:00:00Z,1665.68,20883621891
2023-11-21T19:00:00Z,1674.66,19750408491
2023-11-21T20:00:00Z,1665.69,19295927039
2023-11-21T21:00:00Z,1671.3,19841436234
2023-11-21T22:00:00Z,1669.77,20910119785
2023-11-21T23:00:00Z,1646.6,19818163902
2023-11-22T00:00:00Z,1639.71,20898593825
2023-11-22T01:00:00Z,1630.62,19163608828
2023-11-22T02:00:00Z,1639.31,20056927477
2023-11-22T03:00:00Z,1644.55,20487793858
2023-11-22T04:00:00Z,1659.72,19082504597
2023-11-22T05:00:00Z,1681.09,20264542024
2023-11-22T06:00:00Z,1700.72,19288799532
2023-11-22T07:00:00Z,1697.82,20177123945
2023-11-22T08:00:00Z,1713.15,20994967148
2023-11-22T09:00:00Z,1706.76,19869569164
2023-11-22T10:00:00Z,1707.39,19302831065
2023-11-22T11:00:00Z,1708.11,19749050777
2023-11-22T12:00:00Z,1687.3,19653164655
2023-11-22T13:00:00Z,1685.61,20086589083
2023-11-22T14:00:00Z,1709.85,19856819777
2023-11-22T15:00:00Z,1725.23,20392507743
2023-11-22T16:00:00Z,1733.25,20263168873
2023-11-22T17:00:00Z,1731.95,20588632043
2023-11-22T18:00:00Z,1747.16,20879303405
2023-11-22T19:00:00Z,1755.16,19003460826
2023-11-22T20:00:00Z,1774.53,19738090624
2023-11-22T21:00:00Z,1762.5,20043296398
2023-11-22T22:00:00Z,1751.34,20738982236
2023-11-22T23:00:00Z,1760.69,19476661253
2023-11-23T00:00:00Z,1765.86,19138247203
2023-11-23T01:00:00Z,1756.23,19550370502
2023-11-23T02:00:00Z,1733.16,19365196827
2023-11-23T03:00:00Z,1735.73,19018581738
2023-11-23T04:00:00Z,1757.27,20538361655
2023-11-23T05:00:00Z,1773.87,19742294057
2023-11-23T06:00:00Z,1797.64,19543851138
2023-11-23T07:00:00Z,1771.73,19039909989
2023-11-23T08:00:00Z,1792.6,20948527263
2023-11-23T09:00:00Z,1788.82,19842172596
2023-11-23T10:00:00Z,1785.19,20634174851
2023-11-23T11:00:00Z,1782.05,20045093782
2023-11-23T12:00:00Z,1804.2,20967829530
2023-11-23T13:00:00Z,1793.32,20768744864
2023-11-23T14:00:00Z,1794.28,19742071366
2023-11-23T15:00:00Z,1771.87,20446393752
2023-11-23T16:00:00Z,1754.71,20513071762
2023-11-23T17:00:00Z,1732.12,19141513706
2023-11-23T18:00:00Z,1718.36,20909062189
2023-11-23T19:00:00Z,1693.55,19466681940
2023-11-23T20:00:00Z,1668.49,19227009176
2023-11-23T21:00:00Z,1689.84,20057674905
2023-11-23T22:00:00Z,1703.63,19557244668
2023-11-23T23:00:00Z,1726.36,19918226216
2023-11-24T00:00:00Z,1713.86,19313784690
2023-11-24T01:00:00Z,1691.72,19376541916
2023-11-24T02:00:00Z,1710.37,19453763988
2023-11-24T03:00:00Z,1702.72,19917813022
2023-11-24T04:00:00Z,1679.47,19352105893
2023-11-24T05:00:00Z,1664.63,20467448093
2023-11-24T06:00:00Z,1659.64,20026157323
2023-11-24T07:00:00Z,1648.51,20332870629
2023-11-24T08:00:00Z,1650.23,19027149159
2023-11-24T09:00:00Z,1667.06,20153732318
2023-11-24T10:00:00Z,1677.98,20918762917
2023-11-24T11:00:00Z,1688.61,20788751250
2023-11-24T12:00:00Z,1681.83,20575024098
2023-11-24T13:00:00Z,1680.18,20356217942
2023-11-24T14:00:00Z,1691.31,19148483954
2023-11-24T15:00:00Z,1700.31,19545563420
2023-11-24T16:00:00Z,1691.9,20749768986
2023-11-24T17:00:00Z,1695.44,20317566041
2023-11-24T18:00:00Z,1718.12,19868920766
2023-11-24T19:00:00Z,1743.03,19757847169
2023-11-24T20:00:00Z,1756.78,19790884122
2023-11-24T21:00:00Z,1747.27,20044533147
2023-11-24T22:00:00Z,1750.65,20833073170
2023-11-24T23:00:00Z,1765.46,19260953638
2023-11-25T00:00:00Z,1791.47,20998785106
2023-11-25T01:00:00Z,1808.51,19575649705
2023-11-25T02:00:00Z,1830.13,19896577837
2023-11-25T03:00:00Z,1847.44,19475269495
2023-11-25T04:00:00Z,1858.55,20049901987
2023-11-25T05:00:00Z,1833.15,20596135600
2023-11-25T06:00:00Z,1828.2,19497272741
2023-11-25T07:00:00Z,1843.0,19239629519
2023-11-25T08:00:00Z,1848.14,20299590332
2023-11-25T09:00:00Z,1836.05,19293810771
2023-11-25T10:00:00Z,1843.75,19712334831
2023-11-25T11:00:00Z,1859.92,20281322987
2023-11-25T12:00:00Z,1863.02,20506179254
2023-11-25T13:00:00Z,1862.58,19643363819
2023-11-25T14:00:00Z,1883.21,20792520401
2023-11-25T15:00:00Z,1857.21,20998736546
2023-11-25T16:00:00Z,1852.57,20958586460
2023-11-25T17:00:00Z,1858.98,20277248711
2023-11-25T18:00:00Z,1852.23,19604076752
2023-11-25T19:00:00Z,1845.68,20259452199
2023-11-25T20:00:00Z,1827.94,20450491675
2023-11-25T21:00:00Z,1838.27,20867565868
2023-11-25T22:00:00Z,1839.05,19937410586
2023-11-25T23:00:00Z,1847.89,20657132507
2023-11-26T00:00:00Z,1872.22,20994360681
2023-11-26T01:00:00Z,1864.54,19112577668
2023-11-26T02:00:00Z,1879.68,20161151910
2023-11-26T03:00:00Z,1876.63,20141855440
2023-11-26T04:00:00Z,1903.86,19402629711
2023-11-26T05:00:00Z,1892.64,20032630500
2023-11-26T06:00:00Z,1887.8,19605068063
2023-11-26T07:00:00Z,1882.08,19169281095
2023-11-26T08:00:00Z,1880.94,20004177827
2023-11-26T09:00:00Z,1880.61,20108189785
2023-11-26T10:00:00Z,1870.43,19232130409
2023-11-26T11:00:00Z,1843.4,19757229084
2023-11-26T12:00:00Z,1830.01,19552575860
2023-11-26T13:00:00Z,1838.81,19130824276
2023-11-26T14:00:00Z,1841.23,19837277810
2023-11-26T15:00:00Z,1829.91,20989403227
2023-11-26T16:00:00Z,1849.13,20583076651
2023-11-26T17:00:00Z,1865.2,20424832970
2023-11-26T18:00:00Z,1864.43,20379636786
2023-11-26T19:00:00Z,1854.47,20238940189
2023-11-26T20:00:00Z,1863.97,19655091238
2023-11-26T21:00:00Z,1838.73,19581552942
2023-11-26T22:00:00Z,1855.17,19061056209
2023-11-26T23:00:00Z,1863.35,19569906034
2023-11-27T00:00:00Z,1836.44,20496356349
2023-11-27T01:00:00Z,1856.95,19249941935
2023-11-27T02:00:00Z,1855.43,20149461638
2023-11-27T03:00:00Z,1879.61,20598491397
2023-11-27T04:00:00Z,1859.02,19963163222
2023-11-27T05:00:00Z,1833.15,19200333827
2023-11-27T06:00:00Z,1825.65,19213033376
2023-11-27T07:00:00Z,1823.31,19249844087
2023-11-27T08:00:00Z,1847.5,20991391542
2023-11-27T09:00:00Z,1841.97,20790311473
2023-11-27T10:00:00Z,1838.28,20746012013
2023-11-27T11:00:00Z,1840.72,19226146043
2023-11-27T12:00:00Z,1820.04,20950453790
2023-11-27T13:00:00Z,1835.27,20637302202
2023-11-27T14:00:00Z,1831.36,19788790451
2023-11-27T15:00:00Z,1809.82,20708161675
2023-11-27T16:00:00Z,1819.85,19303232167
2023-11-27T17:00:00Z,1833.19,19426657076
2023-11-27T18:00:00Z,1806.83,20798318823
2023-11-27T19:00:00Z,1818.67,19550890086
2023-11-27T20:00:00Z,1800.3,19233332476
2023-11-27T21:00:00Z,1826.2,20350652539
2023-11-27T22:00:00Z,1842.57,20117031331
2023-11-27T23:00:00Z,1827.44,19426577856
2023-11-28T00:00:00Z,1815.28,19070062410
2023-11-28T01:00:00Z,1793.46,19955312461
2023-11-28T02:00:00Z,1817.82,19281148410
2023-11-28T03:00:00Z,1795.05,19966285265
2023-11-28T04:00:00Z,1800.06,19306290203
2023-11-28T05:00:00Z,1822.35,20780147664
2023-11-28T06:00:00Z,1818.25,19272584813
2023-11-28T07:00:00Z,1840.48,20177601699
2023-11-28T08:00:00Z,1846.62,20307002079
2023-11-28T09:00:00Z,1819.87,20437880304
2023-11-28T10:00:00Z,1802.72,19457914388
2023-11-28T11:00:00Z,1780.23,20199555144
2023-11-28T12:00:00Z,1788.9,20848975835
2023-11-28T13:00:00Z,1781.4,19976746440
2023-11-28T14:00:00Z,1797.86,19267976858
2023-11-28T15:00:00Z,1788.01,20405763483
2023-11-28T16:00:00Z,1778.45,19333062427
2023-11-28T17:00:00Z,1765.75,20606498461
2023-11-28T18:00:00Z,1755.79,19509561429
2023-11-28T19:00:00Z,1730.84,19260635462
2023-11-28T20:00:00Z,1726.32,20229139120
2023-11-28T21:00:00Z,1739.77,20326969918
2023-11-28T22:00:00Z,1723.9,20681612348
2023-11-28T23:00:00Z,1742.19,19506673610
2023-11-29T00:00:00Z,1721.87,19106144794
2023-11-29T01:00:00Z,1731.17,20593328947
2023-11-29T02:00:00Z,1743.6,20761440638
2023-11-29T03:00:00Z,1734.09,20505508354
2023-11-29T04:00:00Z,1720.83,19869746060
2023-11-29T05:00:00Z,1746.0,19144522322
2023-11-29T06:00:00Z,1759.93,19554440547
2023-11-29T07:00:00Z,1760.79,19707733162
2023-11-29T08:00:00Z,1765.03,20953195091
2023-11-29T09:00:00Z,1755.96,20508155528
2023-11-29T10:00:00Z,1730.12,19928398690
2023-11-29T11:00:00Z,1735.83,19303915831
2023-11-29T12:00:00Z,1748.2,20651236024
2023-11-29T13:00:00Z,1765.61,19622327410
2023-11-29T14:00:00Z,1786.0,19561544286
2023-11-29T15:00:00Z,1796.51,19170556546
2023-11-29T16:00:00Z,1783.52,20089873615
2023-11-29T17:00:00Z,1774.56,19801743417
2023-11-29T18:00:00Z,1763.99,19412258990
2023-11-29T19:00:00Z,1758.76,19642579767
2023-11-29T20:00:00Z,1741.71,20903942705
2023-11-29T21:00:00Z,1727.95,19591447047
2023-11-29T22:00:00Z,1709.21,20393723885
2023-11-29T23:00:00Z,1728.14,19580499203
2023-11-30T00:00:00Z,1712.97,19622275598
2023-11-30T01:00:00Z,1695.82,19677653903
2023-11-30T02:00:00Z,1718.89,20827686605
2023-11-30T03:00:00Z,1726.17,19913647110
2023-11-30T04:00:00Z,1745.05,19003807913
2023-11-30T05:00:00Z,1754.53,19563852558
2023-11-30T06:00:00Z,1732.61,19680568255
2023-11-30T07:00:00Z,1723.92,20205745589
2023-11-30T08:00:00Z,1711.79,20034160493
2023-11-30T09:00:00Z,1700.78,20343150234
2023-11-30T10:00:00Z,1679.64,20506001280
2023-11-30T11:00:00Z,1657.71,19547180363
2023-11-30T12:00:00Z,1644.22,19242673662
2023-11-30T13:00:00Z,1664.75,20459977473
2023-11-30T14:00:00Z,1649.8,19110621334
2023-11-30T15:00:00Z,1672.28,19603611289
2023-11-30T16:00:00Z,1659.94,19693196623
2023-11-30T17:00:00Z,1641.25,20224511716
2023-11-30T18:00:00Z,1644.27,19189144368
2023-11-30T19:00:00Z,1620.37,19071407328
2023-11-30T20:00:00Z,1643.6,20383736118
2023-11-30T21:00:00Z,1624.71,20571761491
2023-11-30T22:00:00Z,1630.3,19842479809
2023-11-30T23:00:00Z,1654.29,19998744512
2023-12-01T00:00:00Z,1673.17,19932949377
2023-12-01T01:00:00Z,1679.35,19168348818
2023-12-01T02:00:00Z,1663.64,19718850683
2023-12-01T03:00:00Z,1682.25,19818333688
2023-12-01T04:00:00Z,1663.21,19518811812
2023-12-01T05:00:00Z,1682.81,20867454294
2023-12-01T06:00:00Z,1688.34,19552612598
2023-12-01T07:00:00Z,1684.27,19424256046
2023-12-01T08:00:00Z,1692.83,20111038866
2023-12-01T09:00:00Z,1679.08,20375515187
2023-12-01T10:00:00Z,1664.56,20540254939
2023-12-01T11:00:00Z,1665.75,19899422106
2023-12-01T12:00:00Z,1688.89,19948059301
2023-12-01T13:00:00Z,1679.27,19388930245
2023-12-01T14:00:00Z,1687.13,20998513265
2023-12-01T15:00:00Z,1686.32,19408390560
2023-12-01T16:00:00Z,1692.14,19370808343
2023-12-01T17:00:00Z,1695.19,20736778703
2023-12-01T18:00:00Z,1694.92,19050930323
2023-12-01T19:00:00Z,1692.13,19148834570
2023-12-01T20:00:00Z,1702.57,20081560765
2023-12-01T21:00:00Z,1715.5,19656644009
2023-12-01T22:00:00Z,1697.15,20968476251
2023-12-01T23:00:00Z,1708.38,20125081233
2023-12-02T00:00:00Z,1692.54,20895858372
2023-12-02T01:00:00Z,1704.0,20176100724
2023-12-02T02:00:00Z,1689.09,19820030778
2023-12-02T03:00:00Z,1673.09,20915207294
2023-12-02T04:00:00Z,1670.9,19826598062
2023-12-02T05:00:00Z,1694.7,19581250385
2023-12-02T06:00:00Z,1712.45,19310013476
2023-12-02T07:00:00Z,1693.97,20004346159
2023-12-02T08:00:00Z,1671.22,20722496034
2023-12-02T09:00:00Z,1673.96,19550405024
2023-12-02T10:00:00Z,1652.66,20089048974
2023-12-02T11:00:00Z,1629.01,20594910145
2023-12-02T12:00:00Z,1645.03,20486255379
2023-12-02T13:00:00Z,1630.71,19599537853
2023-12-02T14:00:00Z,1627.46,20760702400
2023-12-02T15:00:00Z,1613.67,20521942168
2023-12-02T16:00:00Z,1601.38,20499450060
2023-12-02T17:00:00Z,1618.85,19725109340
2023-12-02T18:00:00Z,1628.54,20663014816
2023-12-02T19:00:00Z,1651.11,20344787388
2023-12-02T20:00:00Z,1664.33,20335879354
2023-12-02T21:00:00Z,1670.3,20437332549
2023-12-02T22:00:00Z,1679.21,20635423732
2023-12-02T23:00:00Z,1697.88,19233693390
2023-12-03T00:00:00Z,1677.76,20094111686
2023-12-03T01:00:00Z,1679.32,20807083399
2023-12-03T02:00:00Z,1673.88,20406129529
2023-12-03T03:00:00Z,1672.95,19932465935
2023-12-03T04:00:00Z,1662.96,20605903626
2023-12-03T05:00:00Z,1649.45,19951091896
2023-12-03T06:00:00Z,1648.67,20256568864
2023-12-03T07:00:00Z,1658.9,19281372714
2023-12-03T08:00:00Z,1680.71,20837619763
2023-12-03T09:00:00Z,1657.24,20739832091
2023-12-03T10:00:00Z,1659.32,20269015654
2023-12-03T11:00:00Z,1653.22,20509067494
2023-12-03T12:00:00Z,1674.54,20011064123
2023-12-03T13:00:00Z,1675.41,20462005354
2023-12-03T14:00:00Z,1687.89,19180722839
2023-12-03T15:00:00Z,1683.27,19528970325
2023-12-03T16:00:00Z,1666.44,19359228624
2023-12-03T17:00:00Z,1667.01,20302229560
2023-12-03T18:00:00Z,1668.78,19948932583
2023-12-03T19:00:00Z,1646.97,19920299805
2023-12-03T20:00:00Z,1657.44,20766632280
2023-12-03T21:00:00Z,1674.54,20260048522
2023-12-03T22:00:00Z,1650.58,20275278452
2023-12-03T23:00:00Z,1665.45,19461733956
2023-12-04T00:00:00Z,1669.77,20397858364
2023-12-04T01:00:00Z,1653.52,20284367960
2023-12-04T02:00:00Z,1675.65,19287741209
2023-12-04T03:00:00Z,1690.16,19426554422
2023-12-04T04:00:00Z,1669.47,19562544266
2023-12-04T05:00:00Z,1666.25,20675671166
2023-12-04T06:00:00Z,1658.77,19049293464
2023-12-04T07:00:00Z,1642.13,19531679816
2023-12-04T08:00:00Z,1629.9,20873209223
2023-12-04T09:00:00Z,1622.48,19541112262
2023-12-04T10:00:00Z,1634.81,19621041051
2023-12-04T11:00:00Z,1659.16,19842477290
2023-12-04T12:00:00Z,1674.37,20302979127
2023-12-04T13:00:00Z,1680.82,20132868076
2023-12-04T14:00:00Z,1677.64,20527878516
2023-12-04T15:00:00Z,1667.38,20735683709
2023-12-04T16:00:00Z,1688.49,20114127067
2023-12-04T17:00:00Z,1677.73,20207989406
2023-12-04T18:00:00Z,1672.03,20592055581
2023-12-04T19:00:00Z,1654.69,19175610526
2023-12-04T20:00:00Z,1660.78,20871876256
2023-12-04T21:00:00Z,1680.79,20140238352
2023-12-04T22:00:00Z,1678.88,19235460619
2023-12-04T23:00:00Z,1693.78,20869011908
2023-12-05T00:00:00Z,1708.42,20918636486
2023-12-05T01:00:00Z,1729.86,19096266517
2023-12-05T02:00:00Z,1733.01,20241147636
2023-12-05T03:00:00Z,1727.25,19540058284
2023-12-05T04:00:00Z,1720.31,19023702240
2023-12-05T05:00:00Z,1697.69,19973747273
2023-12-05T06:00:00Z,1689.9,19663900252
2023-12-05T07:00:00Z,1672.61,19944731951
2023-12-05T08:00:00Z,1683.38,19593053406
2023-12-05T09:00:00Z,1675.03,20709718688
2023-12-05T10:00:00Z,1662.75,19169630051
2023-12-05T11:00:00Z,1652.3,20178864189
2023-12-05T12:00:00Z,1644.7,20553771207
2023-12-05T13:00:00Z,1656.41,19675638983
2023-12-05T14:00:00Z,1644.94,20957046348
2023-12-05T15:00:00Z,1664.6,20605654710
2023-12-05T16:00:00Z,1673.09,19601921156
2023-12-05T17:00:00Z,1654.22,19995040749
2023-12-05T18:00:00Z,1636.99,20090509188
2023-12-05T19:00:00Z,1624.1,19907012068
2023-12-05T20:00:00Z,1623.27,19621880464
2023-12-05T21:00:00Z,1633.43,19999193926
2023-12-05T22:00:00Z,1649.04,20732918647
2023-12-05T23:00:00Z,1645.97,20019251151
2023-12-06T00:00:00Z,1654.71,19618527952
2023-12-06T01:00:00Z,1674.42,19339456646
2023-12-06T02:00:00Z,1696.38,20815651973
2023-12-06T03:00:00Z,1717.06,19305814548
2023-12-06T04:00:00Z,1694.61,20759539818
2023-12-06T05:00:00Z,1708.42,19284981717
2023-12-06T06:00:00Z,1733.89,20366009733
2023-12-06T07:00:00Z,1738.99,19267240416
2023-12-06T08:00:00Z,1726.41,19492017866
2023-12-06T09:00:00Z,1751.56,20629712037
2023-12-06T10:00:00Z,1749.34,20581990916
2023-12-06T11:00:00Z,1757.31,20654483833
2023-12-06T12:00:00Z,1774.09,20622116600
2023-12-06T13:00:00Z,1795.02,19667306977
2023-12-06T14:00:00Z,1795.64,20135240118
2023-12-06T15:00:00Z,1790.08,20741826243
2023-12-06T16:00:00Z,1777.34,20942304724
2023-12-06T17:00:00Z,1753.74,19397901376
2023-12-06T18:00:00Z,1756.78,19247170093
2023-12-06T19:00:00Z,1749.14,20232767242
2023-12-06T20:00:00Z,1736.54,20332177411
2023-12-06T21:00:00Z,1738.78,20867999714
2023-12-06T22:00:00Z,1754.86,20772903213
2023-12-06T23:00:00Z,1771.1,20616486599
2023-12-07T00:00:00Z,1784.21,19343567317
2023-12-07T01:00:00Z,1774.64,20627690954
2023-12-07T02:00:00Z,1764.2,20852888493
2023-12-07T03:00:00Z,1755.55,19075044220
2023-12-07T04:00:00Z,1773.86,19066435623
2023-12-07T05:00:00Z,1754.72,20804571847
2023-12-07T06:00:00Z,1749.02,19113578087
2023-12-07T07:00:00Z,1768.16,20010910562
2023-12-07T08:00:00Z,1751.79,19163949326
2023-12-07T09:00:00Z,1736.3,19182670691
2023-12-07T10:00:00Z,1743.3,19754683089
2023-12-07T11:00:00Z,1734.66,20586265430
2023-12-07T12:00:00Z,1732.09,20675443804
2023-12-07T13:00:00Z,1711.35,20706367501
2023-12-07T14:00:00Z,1713.72,19083112405
2023-12-07T15:00:00Z,1691.62,19546454978
2023-12-07T16:00:00Z,1684.15,20473189984
2023-12-07T17:00:00Z,1663.56,20515001746
2023-12-07T18:00:00Z,1644.85,20840452128
2023-12-07T19:00:00Z,1634.28,20570573415
2023-12-07T20:00:00Z,1610.01,19296561488
2023-12-07T21:00:00Z,1615.79,19196067072
2023-12-07T22:00:00Z,1607.06,20198035573
2023-12-07T23:00:00Z,1615.85,20523133079
2023-12-08T00:00:00Z,1637.09,20832567266
2023-12-08T01:00:00Z,1628.99,20559274779
2023-12-08T02:00:00Z,1610.24,20755186713
2023-12-08T03:00:00Z,1616.07,20266127823
2023-12-08T04:00:00Z,1618.36,20230749686
2023-12-08T05:00:00Z,1616.02,20219353820
2023-12-08T06:00:00Z,1605.78,20191554871
2023-12-08T07:00:00Z,1596.84,19213540746
2023-12-08T08:00:00Z,1590.56,19084506769
2023-12-08T09:00:00Z,1569.21,20218981867
2023-12-08T10:00:00Z,1570.09,19366443409
2023-12-08T11:00:00Z,1565.27,20150990840
2023-12-08T12:00:00Z,1588.67,20403735389
2023-12-08T13:00:00Z,1601.66,19634503354
2023-12-08T14:00:00Z,1600.04,19147102269
2023-12-08T15:00:00Z,1582.46,19145312094
2023-12-08T16:00:00Z,1589.96,19463961124
2023-12-08T17:00:00Z,1609.34,19108770756
2023-12-08T18:00:00Z,1617.63,20473955485
2023-12-08T19:00:00Z,1619.93,20764835192
2023-12-08T20:00:00Z,1617.85,20033283096
2023-12-08T21:00:00Z,1632.49,19253199083
2023-12-08T22:00:00Z,1634.78,19194896505
2023-12-08T23:00:00Z,1649.93,19529448294
2023-12-09T00:00:00Z,1672.66,20223757177
2023-12-09T01:00:00Z,1678.59,20820531097
2023-12-09T02:00:00Z,1703.6,20842705331
2023-12-09T03:00:00Z,1714.09,20572820642
2023-12-09T04:00:00Z,1709.5,19332720920
2023-12-09T05:00:00Z,1715.06,20441464888
2023-12-09T06:00:00Z,1699.57,20887908831
2023-12-09T07:00:00Z,1699.98,20327398424
2023-12-09T08:00:00Z,1688.6,20922335214
2023-12-09T09:00:00Z,1697.91,19523978607
2023-12-09T10:00:00Z,1722.35,20431787170
2023-12-09T11:00:00Z,1711.38,20402646166
2023-12-09T12:00:00Z,1712.46,19460942077
2023-12-09T13:00:00Z,1708.71,20310494382
2023-12-09T14:00:00Z,1697.41,19873937829
2023-12-09T15:00:00Z,1712.99,19247585115
2023-12-09T16:00:00Z,1718.51,19517751484
2023-12-09T17:00:00Z,1734.07,20363318998
2023-12-09T18:00:00Z,1753.55,19623535898
2023-12-09T19:00:00Z,1729.88,19043323931
2023-12-09T20:00:00Z,1728.73,19250434006
2023-12-09T21:00:00Z,1744.45,19784422293
2023-12-09T22:00:00Z,1725.27,20729475374
2023-12-09T23:00:00Z,1725.57,20490899190
2023-12-10T00:00:00Z,1735.07,19286624583
2023-12-10T01:00:00Z,1726.37,20859713251
2023-12-10T02:00:00Z,1711.86,20445417686
2023-12-10T03:00:00Z,1722.25,20243994527
2023-12-10T04:00:00Z,1726.74,20374744479
2023-12-10T05:00:00Z,1725.03,19615110570
2023-12-10T06:00:00Z,1718.48,19252235657
2023-12-10T07:00:00Z,1694.0,19498481060
2023-12-10T08:00:00Z,1686.65,20454555193
2023-12-10T09:00:00Z,1674.87,19702135745
2023-12-10T10:00:00Z,1660.39,20873707209
2023-12-10T11:00:00Z,1667.47,19841634667
2023-12-10T12:00:00Z,1685.21,20609341960
2023-12-10T13:00:00Z,1681.61,19980261745
2023-12-10T14:00:00Z,1657.53,20329020307
2023-12-10T15:00:00Z,1640.09,20425489387
2023-12-10T16:00:00Z,1636.99,19322645643
2023-12-10T17:00:00Z,1650.57,19608690303
2023-12-10T18:00:00Z,1654.39,20607865335
2023-12-10T19:00:00Z,1669.7,19825136733
2023-12-10T20:00:00Z,1655.72,20868736943
2023-12-10T21:00:00Z,1653.97,20699897544
2023-12-10T22:00:00Z,1674.23,19196676460
2023-12-10T23:00:00Z,1692.65,19804903782
2023-12-11T00:00:00Z,1668.5,20015717553
2023-12-11T01:00:00Z,1676.93,20597150449
2023-12-11T02:00:00Z,1685.66,20939697948
2023-12-11T03:00:00Z,1694.72,19107092242
2023-12-11T04:00:00Z,1677.42,19240887363
2023-12-11T05:00:00Z,1695.12,19201036937
2023-12-11T06:00:00Z,1702.85,19030660692
2023-12-11T07:00:00Z,1696.09,20032375887
2023-12-11T08:00:00Z,1709.23,19526342545
2023-12-11T09:00:00Z,1712.78,20196423384
2023-12-11T10:00:00Z,1700.45,20324797484
2023-12-11T11:00:00Z,1705.48,19602394208
2023-12-11T12:00:00Z,1726.89,20317791616
2023-12-11T13:00:00Z,1751.24,20826738378
2023-12-11T14:00:00Z,1766.8,20155424750
2023-12-11T15:00:00Z,1780.71,20770196920
2023-12-11T16:00:00Z,1787.05,19633002629
2023-12-11T17:00:00Z,1784.76,19809412123
2023-12-11T18:00:00Z,1768.79,20123481504
2023-12-11T19:00:00Z,1773.28,19286611932
2023-12-11T20:00:00Z,1790.75,19390037425
2023-12-11T21:00:00Z,1796.73,19486334147
2023-12-11T22:00:00Z,1806.91,20900429042
2023-12-11T23:00:00Z,1798.82,19476097539
2023-12-12T00:00:00Z,1819.41,19141880364
2023-12-12T01:00:00Z,1792.58,19034570907
2023-12-12T02:00:00Z,1811.3,19185811094
2023-12-12T03:00:00Z,1785.15,20804594689
2023-12-12T04:00:00Z,1781.51,19253251311
2023-12-12T05:00:00Z,1796.57,19000801273
2023-12-12T06:00:00Z,1800.2,20479454378
2023-12-12T07:00:00Z,1815.43,20262939139
2023-12-12T08:00:00Z,1801.7,19053461632
2023-12-12T09:00:00Z,1797.71,20604922995
2023-12-12T10:00:00Z,1797.86,19038440343
2023-12-12T11:00:00Z,1821.48,19318417879
2023-12-12T12:00:00Z,1805.58,20112628007
2023-12-12T13:00:00Z,1786.46,20268226890
2023-12-12T14:00:00Z,1795.86,19522600261
2023-12-12T15:00:00Z,1780.86,20457948417
2023-12-12T16:00:00Z,1806.53,19953330708
2023-12-12T17:00:00Z,1808.88,20257860312
2023-12-12T18:00:00Z,1812.38,20329142842
2023-12-12T19:00:00Z,1830.42,19993874677
2023-12-12T20:00:00Z,1807.92,20991126152
2023-12-12T21:00:00Z,1785.28,20607784166
2023-12-12T22:00:00Z,1768.15,20997584573
2023-12-12T23:00:00Z,1754.62,19098543375
2023-12-13T00:00:00Z,1765.9,19917269545
2023-12-13T01:00:00Z,1777.26,20167174837
2023-12-13T02:00:00Z,1790.33,20318430565
2023-12-13T03:00:00Z,1782.69,20979034248
2023-12-13T04:00:00Z,1782.71,19972226979
2023-12-13T05:00:00Z,1775.98,19572074051
2023-12-13T06:00:00Z,1751.23,20235066487
2023-12-13T07:00:00Z,1748.07,20680240107
2023-12-13T08:00:00Z,1754.78,19412968099
2023-12-13T09:00:00Z,1728.67,19751161055
2023-12-13T10:00:00Z,1749.71,19836147945
2023-12-13T11:00:00Z,1724.0,20714353447
2023-12-13T12:00:00Z,1747.3,19809695572
2023-12-13T13:00:00Z,1735.54,20936346332
2023-12-13T14:00:00Z,1716.36,20608552662
2023-12-13T15:00:00Z,1714.33,19193977865
2023-12-13T16:00:00Z,1720.58,20356591826
2023-12-13T17:00:00Z,1727.06,19229627620
2023-12-13T18:00:00Z,1724.71,19957827366
2023-12-13T19:00:00Z,1745.19,19043984551
2023-12-13T20:00:00Z,1737.02,19206711927
2023-12-13T21:00:00Z,1732.69,19029859210
2023-12-13T22:00:00Z,1750.0,19036006544
2023-12-13T23:00:00Z,1745.68,20084362553
2023-12-14T00:00:00Z,1753.42,19154366599
2023-12-14T01:00:00Z,1751.59,20148696519
2023-12-14T02:00:00Z,1771.91,20367550431
2023-12-14T03:00:00Z,1779.97,20839529822
2023-12-14T04:00:00Z,1790.83,19379134123
2023-12-14T05:00:00Z,1797.62,19476821753
2023-12-14T06:00:00Z,1816.84,19622599827
2023-12-14T07:00:00Z,1835.88,19535329088
2023-12-14T08:00:00Z,1836.91,20960014960
2023-12-14T09:00:00Z,1822.58,20385911984
2023-12-14T10:00:00Z,1806.73,20007333527
2023-12-14T11:00:00Z,1789.98,20849631815
2023-12-14T12:00:00Z,1778.21,20358200266
2023-12-14T13:00:00Z,1785.0,19839089457
2023-12-14T14:00:00Z,1785.97,19340951813
2023-12-14T15:00:00Z,1782.88,19223355431
2023-12-14T16:00:00Z,1773.32,19032186669
2023-12-14T17:00:00Z,1796.76,19981592561
2023-12-14T18:00:00Z,1819.17,20395975669
2023-12-14T19:00:00Z,1835.14,19380264389
2023-12-14T20:00:00Z,1829.04,20595677274
2023-12-14T21:00:00Z,1836.31,19776144306
2023-12-14T22:00:00Z,1855.81,20911929335
2023-12-14T23:00:00Z,1838.71,19469888649
2023-12-15T00:00:00Z,1849.82,19132119581
2023-12-15T01:00:00Z,1860.3,19929670795
2023-12-15T02:00:00Z,1874.99,19111572932
2023-12-15T03:00:00Z,1898.32,20265068880
2023-12-15T04:00:00Z,1888.45,19271043339
2023-12-15T05:00:00Z,1874.68,20069453639
2023-12-15T06:00:00Z,1847.65,19818269062
2023-12-15T07:00:00Z,1845.57,20549740616
2023-12-15T08:00:00Z,1822.95,19200251372
2023-12-15T09:00:00Z,1797.02,20208082572
2023-12-15T10:00:00Z,1779.62,19186026605
2023-12-15T11:00:00Z,1796.0,20099149194
2023-12-15T12:00:00Z,1792.96,20950287758
2023-12-15T13:00:00Z,1802.61,20173174854
2023-12-15T14:00:00Z,1792.93,20598447777
2023-12-15T15:00:00Z,1819.11,19484877795
2023-12-15T16:00:00Z,1822.27,20669249474
2023-12-15T17:00:00Z,1816.43,19822286290
2023-12-15T18:00:00Z,1801.53,20687308096
2023-12-15T19:00:00Z,1807.81,19671585194
2023-12-15T20:00:00Z,1807.81,20874609013
2023-12-15T21:00:00Z,1827.31,20709490078
2023-12-15T22:00:00Z,1840.28,20561135124
2023-12-15T23:00:00Z,1818.84,19778638283
2023-12-16T00:00:00Z,1811.05,20246885561
2023-12-16T01:00:00Z,1812.66,20310678533
2023-12-16T02:00:00Z,1824.35,20822788352
2023-12-16T03:00:00Z,1809.91,19358434339
2023-12-16T04:00:00Z,1789.9,19456090801
2023-12-16T05:00:00Z,1805.74,19338367641
2023-12-16T06:00:00Z,1820.55,20322326677
2023-12-16T07:00:00Z,1827.39,20668797760
2023-12-16T08:00:00Z,1820.56,19409959324
2023-12-16T09:00:00Z,1839.88,20642528658
2023-12-16T10:00:00Z,1851.31,19902572250
2023-12-16T11:00:00Z,1849.07,20652099121
2023-12-16T12:00:00Z,1875.56,20746914961
2023-12-16T13:00:00Z,1878.04,20595646413
2023-12-16T14:00:00Z,1858.83,20863053345
2023-12-16T15:00:00Z,1851.41,19679912505
2023-12-16T16:00:00Z,1842.67,20510547741
2023-12-16T17:00:00Z,1824.02,19746407278
2023-12-16T18:00:00Z,1818.48,20619751130
2023-12-16T19:00:00Z,1816.35,20102820636
2023-12-16T20:00:00Z,1802.52,20781491101
2023-12-16T21:00:00Z,1827.71,20725389498
2023-12-16T22:00:00Z,1823.73,20940856360
2023-12-16T23:00:00Z,1826.21,20844001671
2023-12-17T00:00:00Z,1806.45,20388093332
2023-12-17T01:00:00Z,1813.36,19351578190
2023-12-17T02:00:00Z,1809.99,19991588768
2023-12-17T03:00:00Z,1787.56,19609573715
2023-12-17T04:00:00Z,1808.12,19671962731
2023-12-17T05:00:00Z,1806.7,20785257310
2023-12-17T06:00:00Z,1827.79,19600583693
2023-12-17T07:00:00Z,1848.69,20761586139
2023-12-17T08:00:00Z,1835.04,20559701091
2023-12-17T09:00:00Z,1808.54,20284329706
2023-12-17T10:00:00Z,1820.55,19743587210
2023-12-17T11:00:00Z,1796.94,19679333155
2023-12-17T12:00:00Z,1771.77,20394707084
2023-12-17T13:00:00Z,1762.04,20985061688
2023-12-17T14:00:00Z,1740.64,20444575630
2023-12-17T15:00:00Z,1725.08,20256564795
2023-12-17T16:00:00Z,1708.2,20434822005
2023-12-17T17:00:00Z,1724.69,20426102860
2023-12-17T18:00:00Z,1713.65,20326374896
2023-12-17T19:00:00Z,1726.28,19659130046
2023-12-17T20:00:00Z,1730.23,19960304173
2023-12-17T21:00:00Z,1753.75,19547958855
2023-12-17T22:00:00Z,1740.98,20394181277
2023-12-17T23:00:00Z,1754.69,19122838169
2023-12-18T00:00:00Z,1760.12,19742084787
2023-12-18T01:00:00Z,1736.75,20952559759
2023-12-18T02:00:00Z,1758.81,19141270730
2023-12-18T03:00:00Z,1777.41,19244189583
2023-12-18T04:00:00Z,1785.06,20416790850
2023-12-18T05:00:00Z,1760.57,20727628511
2023-12-18T06:00:00Z,1786.89,19618686777
2023-12-18T07:00:00Z,1794.46,19949613017
2023-12-18T08:00:00Z,1813.97,19420394484
2023-12-18T09:00:00Z,1820.39,19509022300
2023-12-18T10:00:00Z,1845.47,19023876466
2023-12-18T11:00:00Z,1858.38,20437021725
2023-12-18T12:00:00Z,1885.81,19318978506
2023-12-18T13:00:00Z,1902.35,20860661733
2023-12-18T14:00:00Z,1878.71,20245473858
2023-12-18T15:00:00Z,1895.53,20455802350
2023-12-18T16:00:00Z,1882.44,20522549496
2023-12-18T17:00:00Z,1864.8,19775426075
2023-12-18T18:00:00Z,1856.55,19911319538
2023-12-18T19:00:00Z,1843.76,19742630981
2023-12-18T20:00:00Z,1855.72,20384690315
2023-12-18T21:00:00Z,1835.82,19407360710
2023-12-18T22:00:00Z,1822.84,19383160458
2023-12-18T23:00:00Z,1826.11,20821810953
2023-12-19T00:00:00Z,1840.32,20815482580
2023-12-19T01:00:00Z,1840.53,19974815881
2023-12-19T02:00:00Z,1814.12,20674871616
2023-12-19T03:00:00Z,1837.67,19316904801
2023-12-19T04:00:00Z,1839.49,19918395167
2023-12-19T05:00:00Z,1831.91,19603457647
2023-12-19T06:00:00Z,1812.56,20446773828
2023-12-19T07:00:00Z,1801.62,20878801383
2023-12-19T08:00:00Z,1796.86,20319948852
2023-12-19T09:00:00Z,1820.51,19381842581
2023-12-19T10:00:00Z,1847.23,20053373541
2023-12-19T11:00:00Z,1874.09,20433354380
2023-12-19T12:00:00Z,1893.85,20057852535
2023-12-19T13:00:00Z,1875.95,19906228179
2023-12-19T14:00:00Z,1886.59,20398032903
2023-12-19T15:00:00Z,1904.32,20538065616
2023-12-19T16:00:00Z,1900.6,20169075612
2023-12-19T17:00:00Z,1888.48,20738515206
2023-12-19T18:00:00Z,1885.19,20525935995
2023-12-19T19:00:00Z,1890.23,19092657106
2023-12-19T20:00:00Z,1873.96,20695728162
2023-12-19T21:00:00Z,1901.71,20363426936
2023-12-19T22:00:00Z,1926.47,20679188468
2023-12-19T23:00:00Z,1948.34,20186693407
2023-12-20T00:00:00Z,1968.11,20705073621
2023-12-20T01:00:00Z,1977.34,20227311302
2023-12-20T02:00:00Z,1983.09,20904892399
2023-12-20T03:00:00Z,1981.24,20639167868
2023-12-20T04:00:00Z,1985.17,20009034988
2023-12-20T05:00:00Z,1981.59,20035058684
2023-12-20T06:00:00Z,1997.86,19853377881
2023-12-20T07:00:00Z,1971.31,20913179181
2023-12-20T08:00:00Z,1966.36,19722157659
2023-12-20T09:00:00Z,1983.11,20308525734
2023-12-20T10:00:00Z,2003.55,20237111537
2023-12-20T11:00:00Z,1992.03,19135549653
2023-12-20T12:00:00Z,1966.25,20412518507
2023-12-20T13:00:00Z,1945.57,19432864967
2023-12-20T14:00:00Z,1924.06,19953201711
2023-12-20T15:00:00Z,1929.45,19887906306
2023-12-20T16:00:00Z,1921.9,20609948233
2023-12-20T17:00:00Z,1908.31,19349941178
2023-12-20T18:00:00Z,1915.42,19043583639
2023-12-20T19:00:00Z,1938.87,19212802651
2023-12-20T20:00:00Z,1966.9,20397607605
2023-12-20T21:00:00Z,1952.54,19411357015
2023-12-20T22:00:00Z,1930.35,20604244693
2023-12-20T23:00:00Z,1941.82,20297377605
2023-12-21T00:00:00Z,1933.64,20596136167
2023-12-21T01:00:00Z,1941.62,20199386427
2023-12-21T02:00:00Z,1950.48,19336954044
2023-12-21T03:00:00Z,1947.31,20777940197
2023-12-21T04:00:00Z,1941.7,19342599343
2023-12-21T05:00:00Z,1942.17,19549759820
2023-12-21T06:00:00Z,1954.44,20914953036
2023-12-21T07:00:00Z,1958.37,20508149125
2023-12-21T08:00:00Z,1952.15,20937706106
2023-12-21T09:00:00Z,1923.25,20328164160
2023-12-21T10:00:00Z,1921.97,19855119750
2023-12-21T11:00:00Z,1901.43,19627264331
2023-12-21T12:00:00Z,1877.3,19279293882
2023-12-21T13:00:00Z,1864.78,19934611782
2023-12-21T14:00:00Z,1880.3,19590185129
2023-12-21T15:00:00Z,1897.29,19557076201
2023-12-21T16:00:00Z,1872.61,19031989291
2023-12-21T17:00:00Z,1884.76,19149506090
2023-12-21T18:00:00Z,1877.03,20231820623
2023-12-21T19:00:00Z,1869.85,19824665200
2023-12-21T20:00:00Z,1857.06,19645731247
2023-12-21T21:00:00Z,1872.66,19725451613
2023-12-21T22:00:00Z,1848.28,20993572144
2023-12-21T23:00:00Z,1822.77,20472391532
2023-12-22T00:00:00Z,1822.41,19678319846
2023-12-22T01:00:00Z,1803.43,20680824501
2023-12-22T02:00:00Z,1815.05,20017139824
2023-12-22T03:00:00Z,1820.78,19659617976
2023-12-22T04:00:00Z,1832.25,20103026017
2023-12-22T05:00:00Z,1825.31,19087230478
2023-12-22T06:00:00Z,1804.62,19643778137
2023-12-22T07:00:00Z,1806.01,20979258533
2023-12-22T08:00:00Z,1823.99,20415466201
2023-12-22T09:00:00Z,1810.56,19699475233
2023-12-22T10:00:00Z,1794.61,19818959287
2023-12-22T11:00:00Z,1800.92,20602164142
2023-12-22T12:00:00Z,1809.93,20011450172
2023-12-22T13:00:00Z,1819.82,19598493820
2023-12-22T14:00:00Z,1793.67,19409418069
2023-12-22T15:00:00Z,1806.77,20354443355
2023-12-22T16:00:00Z,1802.89,20225052396
2023-12-22T17:00:00Z,1823.32,20445549780
2023-12-22T18:00:00Z,1841.59,20269219247
2023-12-22T19:00:00Z,1833.86,20163362194
2023-12-22T20:00:00Z,1825.13,20330762077
2023-12-22T21:00:00Z,1811.44,19829810990
2023-12-22T22:00:00Z,1828.74,20393007510
2023-12-22T23:00:00Z,1831.59,20432556272
2023-12-23T00:00:00Z,1828.08,20295903285
2023-12-23T01:00:00Z,1844.84,19384008652
2023-12-23T02:00:00Z,1830.87,20446331027
2023-12-23T03:00:00Z,1808.73,19670780946
2023-12-23T04:00:00Z,1783.57,19526589498
2023-12-23T05:00:00Z,1785.95,20241027837
2023-12-23T06:00:00Z,1802.26,20689331493
2023-12-23T07:00:00Z,1782.84,19000702033
2023-12-23T08:00:00Z,1775.44,20785142491
2023-12-23T09:00:00Z,1775.81,19007075500
2023-12-23T10:00:00Z,1770.37,20059304638
2023-12-23T11:00:00Z,1785.23,19275547749
2023-12-23T12:00:00Z,1801.08,19189314697
2023-12-23T13:00:00Z,1813.1,20916873253
2023-12-23T14:00:00Z,1808.69,20071843631
2023-12-23T15:00:00Z,1818.4,20641296674
2023-12-23T16:00:00Z,1801.51,20374439415
2023-12-23T17:00:00Z,1802.97,20576111365
2023-12-23T18:00:00Z,1828.7,20631425934
2023-12-23T19:00:00Z,1814.2,20547555834
2023-12-23T20:00:00Z,1787.37,20542344588
2023-12-23T21:00:00Z,1785.52,19276191430
2023-12-23T22:00:00Z,1785.48,19609157566
2023-12-23T23:00:00Z,1801.68,20663804117
2023-12-24T00:00:00Z,1777.93,20780032956
2023-12-24T01:00:00Z,1782.4,19490430699
2023-12-24T02:00:00Z,1761.06,19193664608
2023-12-24T03:00:00Z,1772.68,19424814576
2023-12-24T04:00:00Z,1752.69,19345922702
2023-12-24T05:00:00Z,1741.45,19528016070
2023-12-24T06:00:00Z,1738.0,20603190692
2023-12-24T07:00:00Z,1717.23,20899652688
2023-12-24T08:00:00Z,1732.99,19314737882
2023-12-24T09:00:00Z,1754.75,19743959132
2023-12-24T10:00:00Z,1757.79,19398628993
2023-12-24T11:00:00Z,1767.07,20287956709
2023-12-24T12:00:00Z,1768.88,19901708002
2023-12-24T13:00:00Z,1747.92,20787462345
2023-12-24T14:00:00Z,1726.54,19065839611
2023-12-24T15:00:00Z,1706.68,19548078880
2023-12-24T16:00:00Z,1704.48,20152383549
2023-12-24T17:00:00Z,1698.13,20848480504
2023-12-24T18:00:00Z,1672.86,20587250150
2023-12-24T19:00:00Z,1695.84,20781678140
2023-12-24T20:00:00Z,1716.49,19241689156
2023-12-24T21:00:00Z,1728.62,19875657188
2023-12-24T22:00:00Z,1736.54,20228789978
2023-12-24T23:00:00Z,1732.77,20374986990
2023-12-25T00:00:00Z,1709.31,20717437108
2023-12-25T01:00:00Z,1721.84,19113064303
2023-12-25T02:00:00Z,1739.44,20260880865
2023-12-25T03:00:00Z,1718.57,19356241103
2023-12-25T04:00:00Z,1702.04,19491330467
2023-12-25T05:00:00Z,1719.09,19344983694
2023-12-25T06:00:00Z,1701.28,20631429586
2023-12-25T07:00:00Z,1711.87,19670855534
2023-12-25T08:00:00Z,1705.69,20134753125
2023-12-25T09:00:00Z,1706.44,20107296898
2023-12-25T10:00:00Z,1720.37,20959380025
2023-12-25T11:00:00Z,1739.32,20319270540
2023-12-25T12:00:00Z,1759.7,20931208281
2023-12-25T13:00:00Z,1743.4,19661239501
2023-12-25T14:00:00Z,1721.37,19698233540
2023-12-25T15:00:00Z,1713.61,19271531592
2023-12-25T16:00:00Z,1728.3,20265603102
2023-12-25T17:00:00Z,1711.74,20567025732
2023-12-25T18:00:00Z,1708.25,20934270187
2023-12-25T19:00:00Z,1713.03,20141686192
2023-12-25T20:00:00Z,1726.76,19801019155
2023-12-25T21:00:00Z,1741.22,20291845232
2023-12-25T22:00:00Z,1738.73,19648591866
2023-12-25T23:00:00Z,1720.21,20579557196
2023-12-26T00:00:00Z,1713.2,20040674007
2023-12-26T01:00:00Z,1737.18,19612435119
2023-12-26T02:00:00Z,1757.85,19292985920
2023-12-26T03:00:00Z,1736.3,19685955867
2023-12-26T04:00:00Z,1714.19,20761629875
2023-12-26T05:00:00Z,1693.52,19549690938
2023-12-26T06:00:00Z,1705.53,19903750624
2023-12-26T07:00:00Z,1685.53,19873348594
2023-12-26T08:00:00Z,1685.0,20866773179
2023-12-26T09:00:00Z,1704.59,19421685404
2023-12-26T10:00:00Z,1700.11,20599683625
2023-12-26T11:00:00Z,1674.81,20514962808
2023-12-26T12:00:00Z,1662.5,20043414674
2023-12-26T13:00:00Z,1654.67,20807063105
2023-12-26T14:00:00Z,1632.08,19462077362
2023-12-26T15:00:00Z,1624.99,20834921488
2023-12-26T16:00:00Z,1615.9,19789699563
2023-12-26T17:00:00Z,1623.41,19425356794
2023-12-26T18:00:00Z,1606.69,20574312672
2023-12-26T19:00:00Z,1589.75,20507484727
2023-12-26T20:00:00Z,1597.04,20520482572
2023-12-26T21:00:00Z,1574.76,19530711067
2023-12-26T22:00:00Z,1573.07,20970962451
2023-12-26T23:00:00Z,1565.85,19535330108
2023-12-27T00:00:00Z,1586.45,20913480769
2023-12-27T01:00:00Z,1591.95,19206164852
2023-12-27T02:00:00Z,1594.26,19333588591
2023-12-27T03:00:00Z,1593.84,19488078740
2023-12-27T04:00:00Z,1609.34,20997583718
2023-12-27T05:00:00Z,1626.63,20032691425
2023-12-27T06:00:00Z,1619.75,20853285042
2023-12-27T07:00:00Z,1634.65,20503218959
2023-12-27T08:00:00Z,1635.6,19230740061
2023-12-27T09:00:00Z,1628.04,19798833921
2023-12-27T10:00:00Z,1629.42,20981214508
2023-12-27T11:00:00Z,1647.7,20850361978
2023-12-27T12:00:00Z,1651.13,19122756374
2023-12-27T13:00:00Z,1634.05,19402670083
2023-12-27T14:00:00Z,1649.91,19943494724
2023-12-27T15:00:00Z,1658.21,20955104372
2023-12-27T16:00:00Z,1677.11,20929311669
2023-12-27T17:00:00Z,1694.21,19138981273
2023-12-27T18:00:00Z,1676.61,20663452205
2023-12-27T19:00:00Z,1693.5,19506877283
2023-12-27T20:00:00Z,1714.52,20411913389
2023-12-27T21:00:00Z,1721.96,20527147440
2023-12-27T22:00:00Z,1716.55,19377180675
2023-12-27T23:00:00Z,1736.28,19176857784
2023-12-28T00:00:00Z,1720.11,19505842497
2023-12-28T01:00:00Z,1719.63,19942105275
2023-12-28T02:00:00Z,1708.77,20119472460
2023-12-28T03:00:00Z,1731.85,20017573850
2023-12-28T04:00:00Z,1725.04,20864399684
2023-12-28T05:00:00Z,1745.99,19332662453
2023-12-28T06:00:00Z,1742.44,20265472977
2023-12-28T07:00:00Z,1739.2,19482240543
2023-12-28T08:00:00Z,1747.8,19937171570
2023-12-28T09:00:00Z,1765.91,20231975441
2023-12-28T10:00:00Z,1766.32,20815382022
2023-12-28T11:00:00Z,1771.78,19465522074
2023-12-28T12:00:00Z,1754.1,19027983285
2023-12-28T13:00:00Z,1745.72,20878752704
2023-12-28T14:00:00Z,1731.18,20089131402
2023-12-28T15:00:00Z,1754.01,19013777725
2023-12-28T16:00:00Z,1761.06,20659248529
2023-12-28T17:00:00Z,1768.15,20673889374
2023-12-28T18:00:00Z,1767.09,19246213119
2023-12-28T19:00:00Z,1775.37,20780668272
2023-12-28T20:00:00Z,1783.16,20919426749
2023-12-28T21:00:00Z,1781.69,20832649031
2023-12-28T22:00:00Z,1763.35,19299607565
2023-12-28T23:00:00Z,1758.54,20048945407
2023-12-29T00:00:00Z,1768.12,20313908981
2023-12-29T01:00:00Z,1767.89,19005195370
2023-12-29T02:00:00Z,1791.04,19058061586
2023-12-29T03:00:00Z,1781.59,20286533298
2023-12-29T04:00:00Z,1771.67,19232424536
2023-12-29T05:00:00Z,1794.65,20710635881
2023-12-29T06:00:00Z,1771.45,19834695639
2023-12-29T07:00:00Z,1775.25,19022760666
2023-12-29T08:00:00Z,1758.85,19352368521
2023-12-29T09:00:00Z,1748.43,19904926607
2023-12-29T10:00:00Z,1769.22,19686665596
2023-12-29T11:00:00Z,1792.94,19229959051
2023-12-29T12:00:00Z,1781.63,19451427746
2023-12-29T13:00:00Z,1756.14,19401928408
2023-12-29T14:00:00Z,1762.25,20741986156
2023-12-29T15:00:00Z,1785.94,19498441852
2023-12-29T16:00:00Z,1766.05,20993225008
2023-12-29T17:00:00Z,1790.27,19470957352
2023-12-29T18:00:00Z,1774.6,19059388940
2023-12-29T19:00:00Z,1762.05,19043024420
2023-12-29T20:00:00Z,1786.21,20805310331
2023-12-29T21:00:00Z,1778.38,19570846997
2023-12-29T22:00:00Z,1762.99,20526277308
2023-12-29T23:00:00Z,1774.18,19411263570
2023-12-30T00:00:00Z,1780.44,20995032247
2023-12-30T01:00:00Z,1793.37,19870940931
2023-12-30T02:00:00Z,1785.48,19870108146
2023-12-30T03:00:00Z,1785.27,20889279904
2023-12-30T04:00:00Z,1764.88,19753789308
2023-12-30T05:00:00Z,1756.55,19153688410
2023-12-30T06:00:00Z,1766.74,19150666267
2023-12-30T07:00:00Z,1768.86,20979368222
2023-12-30T08:00:00Z,1759.88,19400320382
2023-12-30T09:00:00Z,1781.08,19563997138
2023-12-30T10:00:00Z,1759.43,20885833094
2023-12-30T11:00:00Z,1758.81,20571111458
2023-12-30T12:00:00Z,1733.34,20630230905
2023-12-30T13:00:00Z,1726.15,19243694979
2023-12-30T14:00:00Z,1740.79,20231268878
2023-12-30T15:00:00Z,1759.84,19654749989
2023-12-30T16:00:00Z,1761.12,19475708920
2023-12-30T17:00:00Z,1775.83,20899680182
2023-12-30T18:00:00Z,1753.26,20597948906
2023-12-30T19:00:00Z,1760.27,20263180985
2023-12-30T20:00:00Z,1739.28,19430568652
2023-12-30T21:00:00Z,1763.09,20919480444
2023-12-30T22:00:00Z,1788.68,19829620141
2023-12-30T23:00:00Z,1775.2,19371347962
2023-12-31T00:00:00Z,1759.24,19403796906
2023-12-31T01:00:00Z,1776.39,19699635819
2023-12-31T02:00:00Z,1759.13,19921555815
2023-12-31T03:00:00Z,1766.65,19072300292
2023-12-31T04:00:00Z,1757.62,19089834132
2023-12-31T05:00:00Z,1749.21,19699502564
2023-12-31T06:00:00Z,1774.47,19847681087
2023-12-31T07:00:00Z,1778.47,19224315175
2023-12-31T08:00:00Z,1783.09,20773496110
2023-12-31T09:00:00Z,1768.09,19529027498
2023-12-31T10:00:00Z,1778.68,20577517699
2023-12-31T11:00:00Z,1786.4,20649360861
2023-12-31T12:00:00Z,1786.67,20996067412
2023-12-31T13:00:00Z,1793.02,19344177358
2023-12-31T14:00:00Z,1819.45,20492158377
2023-12-31T15:00:00Z,1836.74,20160710570
2023-12-31T16:00:00Z,1835.8,19850395196
2023-12-31T17:00:00Z,1846.69,20141790814
2023-12-31T18:00:00Z,1834.73,19289341157
2023-12-31T19:00:00Z,1840.51,19550043337
2023-12-31T20:00:00Z,1842.94,20327444374
2023-12-31T21:00:00Z,1851.69,19366240416
2023-12-31T22:00:00Z,1871.56,19465010827
2023-12-31T23:00:00Z,1857.12,20114710658
2024-01-01T00:00:00Z,1883.14,19373707643
2024-01-01T01:00:00Z,1884.52,19503447967
2024-01-01T02:00:00Z,1903.89,19069984446
2024-01-01T03:00:00Z,1889.31,20549371118
2024-01-01T04:00:00Z,1917.41,20040320123
2024-01-01T05:00:00Z,1936.65,20238336370
2024-01-01T06:00:00Z,1951.67,20585251927
2024-01-01T07:00:00Z,1961.52,19966675600
2024-01-01T08:00:00Z,1963.14,20356521857
2024-01-01T09:00:00Z,1975.97,20450437876
2024-01-01T10:00:00Z,1970.29,20696309934
2024-01-01T11:00:00Z,1952.15,19794869038
2024-01-01T12:00:00Z,1948.43,20052816791
2024-01-01T13:00:00Z,1934.72,19834941542
2024-01-01T14:00:00Z,1957.11,20280741936
2024-01-01T15:00:00Z,1933.93,19577843305
2024-01-01T16:00:00Z,1911.94,19188644155
2024-01-01T17:00:00Z,1929.55,19041506744
2024-01-01T18:00:00Z,1925.66,20952017894
2024-01-01T19:00:00Z,1901.89,20591499430
2024-01-01T20:00:00Z,1888.71,20506306696
2024-01-01T21:00:00Z,1913.53,19940527132
2024-01-01T22:00:00Z,1939.26,19076372895
2024-01-01T23:00:00Z,1915.7,19534926072
2024-01-02T00:00:00Z,1934.49,20814075720
2024-01-02T01:00:00Z,1946.18,19073942206
2024-01-02T02:00:00Z,1920.49,19411520685
2024-01-02T03:00:00Z,1948.87,19782755128
2024-01-02T04:00:00Z,1970.36,20798557554
2024-01-02T05:00:00Z,1965.07,20895547520
2024-01-02T06:00:00Z,1958.57,19690768106
2024-01-02T07:00:00Z,1959.58,19624243413
2024-01-02T08:00:00Z,1969.69,20279450652
2024-01-02T09:00:00Z,1940.23,19765757437
2024-01-02T10:00:00Z,1944.59,20084623306
2024-01-02T11:00:00Z,1972.61,19344094528
2024-01-02T12:00:00Z,1972.62,20824009341
2024-01-02T13:00:00Z,1997.07,20784677233
2024-01-02T14:00:00Z,2005.38,19667206553
2024-01-02T15:00:00Z,2009.54,20487754062
2024-01-02T16:00:00Z,2020.3,20627176515
2024-01-02T17:00:00Z,2035.54,19239110853
2024-01-02T18:00:00Z,2045.71,20431037778
2024-01-02T19:00:00Z,2058.76,20426592051
2024-01-02T20:00:00Z,2038.18,20411008780
2024-01-02T21:00:00Z,2038.06,19060112092
2024-01-02T22:00:00Z,2020.94,19714261720
2024-01-02T23:00:00Z,2048.41,20902882557
2024-01-03T00:00:00Z,2019.86,20499149768
2024-01-03T01:00:00Z,2003.82,20352949057
2024-01-03T02:00:00Z,2020.2,19635515579
2024-01-03T03:00:00Z,2008.41,19769687254
2024-01-03T04:00:00Z,2034.19,19983919506
2024-01-03T05:00:00Z,2029.67,19910632694
2024-01-03T06:00:00Z,2027.72,19771538471
2024-01-03T07:00:00Z,2050.51,19919551261
2024-01-03T08:00:00Z,2065.21,20219808830
2024-01-03T09:00:00Z,2086.78,20888066945
2024-01-03T10:00:00Z,2066.79,19873395626
2024-01-03T11:00:00Z,2094.73,20507222082
2024-01-03T12:00:00Z,2108.14,20789516570
2024-01-03T13:00:00Z,2121.88,19908162883
2024-01-03T14:00:00Z,2103.07,19559693886
2024-01-03T15:00:00Z,2122.69,20537482072
2024-01-03T16:00:00Z,2133.11,19895214518
2024-01-03T17:00:00Z,2118.31,20396661465
2024-01-03T18:00:00Z,2096.17,20101534868
2024-01-03T19:00:00Z,2112.29,19678726001
2024-01-03T20:00:00Z,2103.8,20700008674
2024-01-03T21:00:00Z,2108.69,20053580528
2024-01-03T22:00:00Z,2087.19,19973700299
2024-01-03T23:00:00Z,2113.89,20605212596
2024-01-04T00:00:00Z,2142.02,20952828419
2024-01-04T01:00:00Z,2114.54,20447320688
2024-01-04T02:00:00Z,2084.51,19228853858
2024-01-04T03:00:00Z,2058.96,19141074765
2024-01-04T04:00:00Z,2089.71,20418275133
2024-01-04T05:00:00Z,2091.4,19299831184
2024-01-04T06:00:00Z,2114.74,20537631548
2024-01-04T07:00:00Z,2137.8,19432419882
2024-01-04T08:00:00Z,2162.0,19295341355
2024-01-04T09:00:00Z,2192.1,19246716110
2024-01-04T10:00:00Z,2202.87,20634777006
2024-01-04T11:00:00Z,2215.12,20220712988
2024-01-04T12:00:00Z,2185.31,19097629343
2024-01-04T13:00:00Z,2196.19,20942740168
2024-01-04T14:00:00Z,2183.73,20414804487
2024-01-04T15:00:00Z,2200.12,19924690111
2024-01-04T16:00:00Z,2222.27,20576711805
2024-01-04T17:00:00Z,2200.33,19398679975
2024-01-04T18:00:00Z,2216.46,19972531426
2024-01-04T19:00:00Z,2193.01,19441992744
2024-01-04T20:00:00Z,2186.87,20763626096
2024-01-04T21:00:00Z,2209.04,19891004242
2024-01-04T22:00:00Z,2225.12,20724338854
2024-01-04T23:00:00Z,2219.34,20065785705
2024-01-05T00:00:00Z,2219.16,19006451943
2024-01-05T01:00:00Z,2199.65,19482625719
2024-01-05T02:00:00Z,2196.49,19008951928
2024-01-05T03:00:00Z,2172.45,19463053263
2024-01-05T04:00:00Z,2143.82,20480282613
2024-01-05T05:00:00Z,2162.16,19244788246
2024-01-05T06:00:00Z,2191.31,20514209836
2024-01-05T07:00:00Z,2215.81,19110631634
2024-01-05T08:00:00Z,2206.21,20497115541
2024-01-05T09:00:00Z,2207.27,19703713242
2024-01-05T10:00:00Z,2184.98,20469828786
2024-01-05T11:00:00Z,2210.9,19943514028
2024-01-05T12:00:00Z,2204.75,20951976174
2024-01-05T13:00:00Z,2214.39,19080733123
2024-01-05T14:00:00Z,2226.27,20906684039
2024-01-05T15:00:00Z,2239.96,19799811398
2024-01-05T16:00:00Z,2252.36,20035827452
2024-01-05T17:00:00Z,2240.12,19722390111
2024-01-05T18:00:00Z,2240.65,19529647776
2024-01-05T19:00:00Z,2239.22,19012258436
2024-01-05T20:00:00Z,2219.72,20820977523
2024-01-05T21:00:00Z,2197.87,20913288558
2024-01-05T22:00:00Z,2193.23,19637171952
2024-01-05T23:00:00Z,2225.56,20939521414
2024-01-06T00:00:00Z,2206.36,19285906595
2024-01-06T01:00:00Z,2204.3,19420077038
2024-01-06T02:00:00Z,2202.17,20627536908
2024-01-06T03:00:00Z,2188.03,20582234166
2024-01-06T04:00:00Z,2174.89,20223131487
2024-01-06T05:00:00Z,2188.01,19871321161
2024-01-06T06:00:00Z,2213.6,20584291479
2024-01-06T07:00:00Z,2218.48,20288402255
2024-01-06T08:00:00Z,2206.7,20281259443
2024-01-06T09:00:00Z,2180.21,19993693077
2024-01-06T10:00:00Z,2211.12,19051531296
2024-01-06T11:00:00Z,2223.49,19316835502
2024-01-06T12:00:00Z,2235.13,19530603557
2024-01-06T13:00:00Z,2217.69,20625696798
2024-01-06T14:00:00Z,2243.43,19744874445
2024-01-06T15:00:00Z,2259.61,19205619141
2024-01-06T16:00:00Z,2240.26,20590326423
2024-01-06T17:00:00Z,2266.22,20319753371
2024-01-06T18:00:00Z,2299.4,20684432169
2024-01-06T19:00:00Z,2286.97,20416013965
2024-01-06T20:00:00Z,2312.69,19871211146
2024-01-06T21:00:00Z,2279.06,20369449895
2024-01-06T22:00:00Z,2268.58,20593888242
2024-01-06T23:00:00Z,2259.12,19608957079
2024-01-07T00:00:00Z,2291.89,20841063680
2024-01-07T01:00:00Z,2277.77,20678569230
2024-01-07T02:00:00Z,2284.26,19105754830
2024-01-07T03:00:00Z,2277.36,19373338736
2024-01-07T04:00:00Z,2309.8,19604151054
2024-01-07T05:00:00Z,2336.17,20313846918
2024-01-07T06:00:00Z,2329.27,20142589046
2024-01-07T07:00:00Z,2308.71,19131253245
2024-01-07T08:00:00Z,2296.64,20540761722
2024-01-07T09:00:00Z,2265.7,20776894177
2024-01-07T10:00:00Z,2282.04,20381576478
2024-01-07T11:00:00Z,2303.69,20579636357
2024-01-07T12:00:00Z,2333.53,19932231388
2024-01-07T13:00:00Z,2354.93,19410905372
2024-01-07T14:00:00Z,2331.06,19507381956
2024-01-07T15:00:00Z,2352.49,20579549540
2024-01-07T16:00:00Z,2322.59,20084960163
2024-01-07T17:00:00Z,2303.72,19871190309
2024-01-07T18:00:00Z,2323.52,20663567113
2024-01-07T19:00:00Z,2356.02,19111768031
2024-01-07T20:00:00Z,2327.15,20382147149
2024-01-07T21:00:00Z,2310.19,19214510707
2024-01-07T22:00:00Z,2341.06,20541465695
2024-01-07T23:00:00Z,2367.88,19653527185
2024-01-08T00:00:00Z,2349.79,19788567301
2024-01-08T01:00:00Z,2337.48,19121885925
2024-01-08T02:00:00Z,2371.13,20804154243
2024-01-08T03:00:00Z,2355.67,19657501024
2024-01-08T04:00:00Z,2344.92,20379803993
2024-01-08T05:00:00Z,2327.85,19045684468
2024-01-08T06:00:00Z,2360.83,19642196244
2024-01-08T07:00:00Z,2338.84,19156630615
2024-01-08T08:00:00Z,2340.44,20896419227
2024-01-08T09:00:00Z,2318.14,20391894588
2024-01-08T10:00:00Z,2325.73,20143982802
2024-01-08T11:00:00Z,2347.53,19967639686
2024-01-08T12:00:00Z,2334.41,20262575908
2024-01-08T13:00:00Z,2305.06,19957901573
2024-01-08T14:00:00Z,2295.86,19354666790
2024-01-08T15:00:00Z,2317.31,20539415421
2024-01-08T16:00:00Z,2345.19,20786175273
2024-01-08T17:00:00Z,2338.51,19814607379
2024-01-08T18:00:00Z,2356.99,19426487835
2024-01-08T19:00:00Z,2359.49,20839678842
2024-01-08T20:00:00Z,2391.38,19049143889
2024-01-08T21:00:00Z,2398.38,19243574159
2024-01-08T22:00:00Z,2424.57,19685840713
2024-01-08T23:00:00Z,2434.77,20309323644
2024-01-09T00:00:00Z,2416.37,20209407293
2024-01-09T01:00:00Z,2408.83,20726565742
2024-01-09T02:00:00Z,2402.18,19343855779
2024-01-09T03:00:00Z,2377.73,19829893193
2024-01-09T04:00:00Z,2370.58,19254210869
2024-01-09T05:00:00Z,2402.87,19040702617
2024-01-09T06:00:00Z,2422.72,20168120380
2024-01-09T07:00:00Z,2452.29,19430699244
2024-01-09T08:00:00Z,2462.76,19870627417
2024-01-09T09:00:00Z,2488.02,20879208893
2024-01-09T10:00:00Z,2476.13,19376071627
2024-01-09T11:00:00Z,2475.01,19402253360
2024-01-09T12:00:00Z,2465.92,19035306113
2024-01-09T13:00:00Z,2479.12,19627230298
2024-01-09T14:00:00Z,2494.96,20249327933
2024-01-09T15:00:00Z,2487.75,19988889103
2024-01-09T16:00:00Z,2504.62,19853084856
2024-01-09T17:00:00Z,2524.79,19428470972
2024-01-09T18:00:00Z,2544.34,20075518856
2024-01-09T19:00:00Z,2571.11,20697954982
2024-01-09T20:00:00Z,2553.03,20528655005
2024-01-09T21:00:00Z,2587.2,19354487837
2024-01-09T22:00:00Z,2621.6,19020832903
2024-01-09T23:00:00Z,2651.09,19243218223
2024-01-10T00:00:00Z,2650.24,19879063066
2024-01-10T01:00:00Z,2664.6,20471760298
2024-01-10T02:00:00Z,2644.19,19408567256
2024-01-10T03:00:00Z,2652.32,20383829626
2024-01-10T04:00:00Z,2642.43,19633102900
2024-01-10T05:00:00Z,2646.8,20614415043
2024-01-10T06:00:00Z,2664.49,19449205673
2024-01-10T07:00:00Z,2659.0,20126954351
2024-01-10T08:00:00Z,2698.2,20130828711
2024-01-10T09:00:00Z,2670.89,19917243718
2024-01-10T10:00:00Z,2675.35,19182331433
2024-01-10T11:00:00Z,2679.55,19945376218
2024-01-10T12:00:00Z,2711.32,19212918065
2024-01-10T13:00:00Z,2701.1,20034080223
2024-01-10T14:00:00Z,2711.71,19884427983
2024-01-10T15:00:00Z,2676.36,19398363499
2024-01-10T16:00:00Z,2690.35,20917119238
2024-01-10T17:00:00Z,2651.72,20678660810
2024-01-10T18:00:00Z,2687.1,20357991845
2024-01-10T19:00:00Z,2703.31,19828919846
2024-01-10T20:00:00Z,2737.43,20497469516
2024-01-10T21:00:00Z,2703.27,20817652851
2024-01-10T22:00:00Z,2675.51,20619727491
2024-01-10T23:00:00Z,2712.81,19985654221
2024-01-11T00:00:00Z,2677.37,20920951494
2024-01-11T01:00:00Z,2670.21,19543397570
2024-01-11T02:00:00Z,2639.34,20921136224
2024-01-11T03:00:00Z,2643.71,20865882324
2024-01-11T04:00:00Z,2651.02,19707476530
2024-01-11T05:00:00Z,2637.42,19969010951
2024-01-11T06:00:00Z,2636.7,20806159804
2024-01-11T07:00:00Z,2650.07,19812195703
2024-01-11T08:00:00Z,2666.86,19047387176
2024-01-11T09:00:00Z,2663.76,19558913523
2024-01-11T10:00:00Z,2681.61,19695792422
2024-01-11T11:00:00Z,2665.83,20666100870
2024-01-11T12:00:00Z,2695.87,20125942857
2024-01-11T13:00:00Z,2718.14,19205961968
2024-01-11T14:00:00Z,2713.07,20266537218
2024-01-11T15:00:00Z,2713.51,20590544334
2024-01-11T16:00:00Z,2747.53,20265846626
2024-01-11T17:00:00Z,2771.33,19229990031
2024-01-11T18:00:00Z,2777.37,20777190389
2024-01-11T19:00:00Z,2761.44,20100574456
2024-01-11T20:00:00Z,2793.77,19639546317
2024-01-11T21:00:00Z,2810.29,20592290083
2024-01-11T22:00:00Z,2819.17,19005541525
2024-01-11T23:00:00Z,2791.48,19207783777
2024-01-12T00:00:00Z,2817.83,19475545461
2024-01-12T01:00:00Z,2854.08,20119799801
2024-01-12T02:00:00Z,2845.39,20825935982
2024-01-12T03:00:00Z,2835.68,19098681652
2024-01-12T04:00:00Z,2852.31,20327243573
2024-01-12T05:00:00Z,2824.22,20892943023
2024-01-12T06:00:00Z,2860.42,19426518670
2024-01-12T07:00:00Z,2826.84,20179457522
2024-01-12T08:00:00Z,2784.69,19499231622
2024-01-12T09:00:00Z,2761.06,19089360454
2024-01-12T10:00:00Z,2727.49,20744129737
2024-01-12T11:00:00Z,2748.13,20798927146
2024-01-12T12:00:00Z,2782.71,19503431389
2024-01-12T13:00:00Z,2788.08,20620652095
2024-01-12T14:00:00Z,2749.47,19216024963
2024-01-12T15:00:00Z,2726.86,19268917643
2024-01-12T16:00:00Z,2697.76,19632085075
2024-01-12T17:00:00Z,2722.23,20479029308
2024-01-12T18:00:00Z,2716.68,20906697897
2024-01-12T19:00:00Z,2717.55,19059025987
2024-01-12T20:00:00Z,2678.73,19932148521
2024-01-12T21:00:00Z,2703.61,19418598891
2024-01-12T22:00:00Z,2709.25,19837945753
2024-01-12T23:00:00Z,2670.69,19625202646
2024-01-13T00:00:00Z,2655.15,19080569912
2024-01-13T01:00:00Z,2648.87,19840423233
2024-01-13T02:00:00Z,2614.66,19046282884
2024-01-13T03:00:00Z,2617.76,19519298834
2024-01-13T04:00:00Z,2603.97,20721353851
2024-01-13T05:00:00Z,2638.38,20832347865
2024-01-13T06:00:00Z,2611.86,20807309545
2024-01-13T07:00:00Z,2631.88,20793849271
2024-01-13T08:00:00Z,2638.06,20718034786
2024-01-13T09:00:00Z,2623.82,20378619863
2024-01-13T10:00:00Z,2629.37,20629089869
2024-01-13T11:00:00Z,2624.63,20985136902
2024-01-13T12:00:00Z,2639.0,20628785700
2024-01-13T13:00:00Z,2607.05,19139826203
2024-01-13T14:00:00Z,2609.65,20216584574
2024-01-13T15:00:00Z,2618.95,20114784325
2024-01-13T16:00:00Z,2582.9,20314474284
2024-01-13T17:00:00Z,2551.1,20718668540
2024-01-13T18:00:00Z,2520.74,19476855969
2024-01-13T19:00:00Z,2524.04,20470793921
2024-01-13T20:00:00Z,2530.48,19677022845
2024-01-13T21:00:00Z,2558.55,20523299719
2024-01-13T22:00:00Z,2563.09,20209635283
2024-01-13T23:00:00Z,2585.09,20904737994
2024-01-14T00:00:00Z,2554.43,20251862643
2024-01-14T01:00:00Z,2525.65,20604664459
2024-01-14T02:00:00Z,2502.98,20845151652
2024-01-14T03:00:00Z,2496.95,20757250001
2024-01-14T04:00:00Z,2475.99,20773027863
2024-01-14T05:00:00Z,2478.83,19938205813
2024-01-14T06:00:00Z,2515.6,20743109057
2024-01-14T07:00:00Z,2507.97,19879211560
2024-01-14T08:00:00Z,2515.79,20402446157
2024-01-14T09:00:00Z,2497.94,20533364761
2024-01-14T10:00:00Z,2514.95,19449015340
2024-01-14T11:00:00Z,2535.51,20947905841
2024-01-14T12:00:00Z,2520.1,19418832683
2024-01-14T13:00:00Z,2521.42,20529712151
2024-01-14T14:00:00Z,2503.95,19157215504
2024-01-14T15:00:00Z,2493.49,19082199706
2024-01-14T16:00:00Z,2495.33,20744040099
2024-01-14T17:00:00Z,2478.4,19936616556
2024-01-14T18:00:00Z,2491.33,19380932210
2024-01-14T19:00:00Z,2490.35,20803689476
2024-01-14T20:00:00Z,2487.87,20762283027
2024-01-14T21:00:00Z,2490.35,20102608415
2024-01-14T22:00:00Z,2509.11,19826854829
2024-01-14T23:00:00Z,2541.54,20914757281
2024-01-15T00:00:00Z,2546.7,19362103982
2024-01-15T01:00:00Z,2524.62,19187524856
2024-01-15T02:00:00Z,2531.07,20717983546
2024-01-15T03:00:00Z,2552.08,20104411574
2024-01-15T04:00:00Z,2586.14,20729078743
2024-01-15T05:00:00Z,2591.98,19067870330
2024-01-15T06:00:00Z,2585.26,20085724859
2024-01-15T07:00:00Z,2573.39,19039856018
2024-01-15T08:00:00Z,2569.89,19616066059
2024-01-15T09:00:00Z,2535.92,20407597914
2024-01-15T10:00:00Z,2538.74,19286554219
2024-01-15T11:00:00Z,2552.31,20512353567
2024-01-15T12:00:00Z,2578.28,19589547059
2024-01-15T13:00:00Z,2602.56,20518221975
2024-01-15T14:00:00Z,2588.56,19977244918
2024-01-15T15:00:00Z,2559.9,19176481227
2024-01-15T16:00:00Z,2545.19,19389218872
2024-01-15T17:00:00Z,2534.6,20475063741
2024-01-15T18:00:00Z,2499.34,19728516593
2024-01-15T19:00:00Z,2499.95,19857598447
2024-01-15T20:00:00Z,2467.93,20355073986
2024-01-15T21:00:00Z,2448.51,19975476502
2024-01-15T22:00:00Z,2467.29,19239867614
2024-01-15T23:00:00Z,2474.06,19646420684
2024-01-16T00:00:00Z,2449.15,19419994403
2024-01-16T01:00:00Z,2463.7,19516304526
2024-01-16T02:00:00Z,2443.17,20129720293
2024-01-16T03:00:00Z,2473.6,19367089509
2024-01-16T04:00:00Z,2475.5,19674052900
2024-01-16T05:00:00Z,2461.96,20188662928
2024-01-16T06:00:00Z,2466.57,20751205973
2024-01-16T07:00:00Z,2496.04,19341697020
2024-01-16T08:00:00Z,2505.51,19351508508
2024-01-16T09:00:00Z,2526.96,19213221472
2024-01-16T10:00:00Z,2563.65,19910231420
2024-01-16T11:00:00Z,2597.38,19636042999
2024-01-16T12:00:00Z,2613.53,20336434620
2024-01-16T13:00:00Z,2610.95,20398191709
2024-01-16T14:00:00Z,2579.83,20664632995
2024-01-16T15:00:00Z,2582.28,20933242388
2024-01-16T16:00:00Z,2593.41,20601287454
2024-01-16T17:00:00Z,2628.85,20131961533
2024-01-16T18:00:00Z,2644.03,19777158810
2024-01-16T19:00:00Z,2654.11,19880181123
2024-01-16T20:00:00Z,2636.66,20644927771
2024-01-16T21:00:00Z,2616.27,20634535503
2024-01-16T22:00:00Z,2623.52,19349704003
2024-01-16T23:00:00Z,2644.63,20591790958
2024-01-17T00:00:00Z,2660.29,19358337331
2024-01-17T01:00:00Z,2682.19,19242924332
2024-01-17T02:00:00Z,2647.01,20913731815
2024-01-17T03:00:00Z,2658.18,19970364389
2024-01-17T04:00:00Z,2652.07,20840929173
2024-01-17T05:00:00Z,2685.21,20864850284
2024-01-17T06:00:00Z,2674.91,20535882695
2024-01-17T07:00:00Z,2707.87,19889225494
2024-01-17T08:00:00Z,2689.82,19178514384
2024-01-17T09:00:00Z,2722.02,20083547590
2024-01-17T10:00:00Z,2751.95,20006338026
2024-01-17T11:00:00Z,2757.64,20038098159
2024-01-17T12:00:00Z,2772.01,19261993269
2024-01-17T13:00:00Z,2801.83,19933270328
2024-01-17T14:00:00Z,2830.28,20263510097
2024-01-17T15:00:00Z,2844.03,19434882851
2024-01-17T16:00:00Z,2831.26,20553665932
2024-01-17T17:00:00Z,2843.33,20173407703
2024-01-17T18:00:00Z,2856.96,19115300823
2024-01-17T19:00:00Z,2893.92,20364743302
2024-01-17T20:00:00Z,2875.11,20174990933
2024-01-17T21:00:00Z,2866.39,19309229353
2024-01-17T22:00:00Z,2889.44,19148390419
2024-01-17T23:00:00Z,2917.06,19208124037
2024-01-18T00:00:00Z,2880.65,19938960198
2024-01-18T01:00:00Z,2862.45,20858826345
2024-01-18T02:00:00Z,2828.53,19148137525
2024-01-18T03:00:00Z,2807.01,20689994833
2024-01-18T04:00:00Z,2830.31,19880858945
2024-01-18T05:00:00Z,2810.13,20489637119
2024-01-18T06:00:00Z,2769.08,19852998100
2024-01-18T07:00:00Z,2799.95,19951320445
2024-01-18T08:00:00Z,2835.72,20946671291
2024-01-18T09:00:00Z,2876.54,20514918447
2024-01-18T10:00:00Z,2913.73,20928928772
2024-01-18T11:00:00Z,2909.37,20125794648
2024-01-18T12:00:00Z,2915.21,20663290584
2024-01-18T13:00:00Z,2887.99,19521350508
2024-01-18T14:00:00Z,2926.99,19472257002
2024-01-18T15:00:00Z,2945.05,20023667545
2024-01-18T16:00:00Z,2938.79,20607477348
2024-01-18T17:00:00Z,2924.09,20470160178
2024-01-18T18:00:00Z,2959.24,19855942361
2024-01-18T19:00:00Z,2916.48,19203604611
2024-01-18T20:00:00Z,2908.58,19877778445
2024-01-18T21:00:00Z,2943.47,20563946423
2024-01-18T22:00:00Z,2927.03,20002198006
2024-01-18T23:00:00Z,2950.3,20166702361
2024-01-19T00:00:00Z,2950.72,20256138441
2024-01-19T01:00:00Z,2965.99,19342250075
2024-01-19T02:00:00Z,2930.18,20164850445
2024-01-19T03:00:00Z,2897.65,20627325074
2024-01-19T04:00:00Z,2889.08,20691500602
2024-01-19T05:00:00Z,2915.04,19788231840
2024-01-19T06:00:00Z,2910.59,19900927937
2024-01-19T07:00:00Z,2940.37,19157968366
2024-01-19T08:00:00Z,2972.65,20127002938
2024-01-19T09:00:00Z,2999.72,20573678444
2024-01-19T10:00:00Z,3008.41,20299309659
2024-01-19T11:00:00Z,2987.55,20774531008
2024-01-19T12:00:00Z,2991.47,19892938320
2024-01-19T13:00:00Z,2976.53,19563713180
2024-01-19T14:00:00Z,3019.88,19055004111
2024-01-19T15:00:00Z,3062.37,20184437906
2024-01-19T16:00:00Z,3097.46,20394548266
2024-01-19T17:00:00Z,3116.43,19079070670
2024-01-19T18:00:00Z,3093.05,20559983485
2024-01-19T19:00:00Z,3088.48,19361915545
2024-01-19T20:00:00Z,3116.83,20740438581
2024-01-19T21:00:00Z,3131.78,20310970076
2024-01-19T22:00:00Z,3116.62,19702735105
2024-01-19T23:00:00Z,3135.7,19319121104
2024-01-20T00:00:00Z,3158.95,20381702760
2024-01-20T01:00:00Z,3168.13,19835540179
2024-01-20T02:00:00Z,3176.03,20616372041
2024-01-20T03:00:00Z,3134.43,19162878794
2024-01-20T04:00:00Z,3156.61,19089895596
2024-01-20T05:00:00Z,3159.02,19771684317
2024-01-20T06:00:00Z,3138.8,20345546079
2024-01-20T07:00:00Z,3121.69,20061155670
2024-01-20T08:00:00Z,3139.41,20091757980
2024-01-20T09:00:00Z,3151.89,19586382265
2024-01-20T10:00:00Z,3109.36,20783999138
2024-01-20T11:00:00Z,3115.35,19900577526
2024-01-20T12:00:00Z,3098.07,20630656523
2024-01-20T13:00:00Z,3118.38,20045935613
2024-01-20T14:00:00Z,3156.83,20209727626
2024-01-20T15:00:00Z,3140.71,20903086622
2024-01-20T16:00:00Z,3178.9,20081091366
2024-01-20T17:00:00Z,3188.19,20770555032
2024-01-20T18:00:00Z,3175.01,20840054485
2024-01-20T19:00:00Z,3135.5,19008787874
2024-01-20T20:00:00Z,3119.01,19496252919
2024-01-20T21:00:00Z,3113.5,19530182470
2024-01-20T22:00:00Z,3146.7,19802007024
2024-01-20T23:00:00Z,3176.73,20208111340
2024-01-21T00:00:00Z,3199.07,19620531989
2024-01-21T01:00:00Z,3164.4,20946121235
2024-01-21T02:00:00Z,3168.07,20398123556
2024-01-21T03:00:00Z,3148.4,19497364636
2024-01-21T04:00:00Z,3182.99,20571084618
2024-01-21T05:00:00Z,3168.98,20129722024
2024-01-21T06:00:00Z,3166.15,19847396444
2024-01-21T07:00:00Z,3183.46,19240719003
2024-01-21T08:00:00Z,3178.7,20131354099
2024-01-21T09:00:00Z,3164.21,20972220043
2024-01-21T10:00:00Z,3127.72,19035103947
2024-01-21T11:00:00Z,3108.99,20413107057
2024-01-21T12:00:00Z,3076.35,19836693741
2024-01-21T13:00:00Z,3096.52,19473160073
2024-01-21T14:00:00Z,3110.9,19351926925
2024-01-21T15:00:00Z,3152.91,20562361241
2024-01-21T16:00:00Z,3123.29,20530002590
2024-01-21T17:00:00Z,3111.8,20646910428
2024-01-21T18:00:00Z,3088.81,19501168961
2024-01-21T19:00:00Z,3109.95,20944951849
2024-01-21T20:00:00Z,3114.92,19275798322
2024-01-21T21:00:00Z,3101.95,19096724250
2024-01-21T22:00:00Z,3104.81,19854196298
2024-01-21T23:00:00Z,3124.35,20552764748
2024-01-22T00:00:00Z,3114.55,19455961111
2024-01-22T01:00:00Z,3115.81,20813875300
2024-01-22T02:00:00Z,3114.65,19712985896
2024-01-22T03:00:00Z,3158.46,19990324389
2024-01-22T04:00:00Z,3125.87,20842238040
2024-01-22T05:00:00Z,3093.18,19379341194
2024-01-22T06:00:00Z,3051.63,20823946663
2024-01-22T07:00:00Z,3081.41,19506801203
2024-01-22T08:00:00Z,3070.67,19124650529
2024-01-22T09:00:00Z,3046.35,19913932024
2024-01-22T10:00:00Z,3048.46,20533279147
2024-01-22T11:00:00Z,3083.0,20584913159
2024-01-22T12:00:00Z,3040.64,19706736729
2024-01-22T13:00:00Z,3049.55,20170920668
2024-01-22T14:00:00Z,3061.58,20330148230
2024-01-22T15:00:00Z,3058.68,19653845537
2024-01-22T16:00:00Z,3039.73,19385421552
2024-01-22T17:00:00Z,3064.37,20880515865
2024-01-22T18:00:00Z,3088.92,20660485660
2024-01-22T19:00:00Z,3051.03,20678260715
2024-01-22T20:00:00Z,3021.14,19135415845
2024-01-22T21:00:00Z,3053.42,20293167742
2024-01-22T22:00:00Z,3058.39,19124101184
2024-01-22T23:00:00Z,3040.97,20538518137
2024-01-23T00:00:00Z,3057.7,19487381504
2024-01-23T01:00:00Z,3092.11,19960553645
2024-01-23T02:00:00Z,3134.6,20370694241
2024-01-23T03:00:00Z,3153.14,20908884762
2024-01-23T04:00:00Z,3124.46,19627875174
2024-01-23T05:00:00Z,3138.91,19521086535
2024-01-23T06:00:00Z,3105.65,20834617636
2024-01-23T07:00:00Z,3066.56,19957809615
2024-01-23T08:00:00Z,3093.05,19924763649
2024-01-23T09:00:00Z,3058.37,19769747829
2024-01-23T10:00:00Z,3036.68,19570035621
2024-01-23T11:00:00Z,3076.54,19246879114
2024-01-23T12:00:00Z,3101.18,19812680487
2024-01-23T13:00:00Z,3143.1,19762505754
2024-01-23T14:00:00Z,3163.9,20867305832
2024-01-23T15:00:00Z,3202.63,20660594828
2024-01-23T16:00:00Z,3191.41,20733774686
2024-01-23T17:00:00Z,3148.7,19966397637
2024-01-23T18:00:00Z,3184.0,20768918755
2024-01-23T19:00:00Z,3209.06,20105526756
2024-01-23T20:00:00Z,3233.6,20958721844
2024-01-23T21:00:00Z,3280.41,19305263230
2024-01-23T22:00:00Z,3321.7,19356192648
2024-01-23T23:00:00Z,3335.94,20187645467
2024-01-24T00:00:00Z,3313.72,20040321164
2024-01-24T01:00:00Z,3309.54,20445895560
2024-01-24T02:00:00Z,3262.41,19676224379
2024-01-24T03:00:00Z,3287.61,19794305246
2024-01-24T04:00:00Z,3333.58,20618376358
2024-01-24T05:00:00Z,3287.11,20074435445
2024-01-24T06:00:00Z,3238.76,19336523347
2024-01-24T07:00:00Z,3203.67,20045096261
2024-01-24T08:00:00Z,3163.04,20250419133
2024-01-24T09:00:00Z,3147.05,20677711680
2024-01-24T10:00:00Z,3163.31,20777764428
2024-01-24T11:00:00Z,3142.33,20245312148
2024-01-24T12:00:00Z,3106.69,19284278475
2024-01-24T13:00:00Z,3152.96,20968210260
2024-01-24T14:00:00Z,3168.48,20791675618
2024-01-24T15:00:00Z,3208.94,20158987248
2024-01-24T16:00:00Z,3164.3,19125702771
2024-01-24T17:00:00Z,3195.78,20048347501
2024-01-24T18:00:00Z,3232.76,19694498807
2024-01-24T19:00:00Z,3225.03,19351769024
2024-01-24T20:00:00Z,3247.52,19695294929
2024-01-24T21:00:00Z,3260.02,20648889070
2024-01-24T22:00:00Z,3219.08,19682561789
2024-01-24T23:00:00Z,3194.12,19427975241
2024-01-25T00:00:00Z,3203.76,20377166722
2024-01-25T01:00:00Z,3228.16,19801294522
2024-01-25T02:00:00Z,3208.56,20909073760
2024-01-25T03:00:00Z,3234.45,20488597954
2024-01-25T04:00:00Z,3279.29,19407610014
2024-01-25T05:00:00Z,3310.84,19797699465
2024-01-25T06:00:00Z,3353.65,19777523077
2024-01-25T07:00:00Z,3347.29,20902665188
2024-01-25T08:00:00Z,3311.63,20583488838
2024-01-25T09:00:00Z,3292.95,19546055764
2024-01-25T10:00:00Z,3330.47,20383042399
2024-01-25T11:00:00Z,3295.58,19515518402
2024-01-25T12:00:00Z,3255.47,20000759176
2024-01-25T13:00:00Z,3243.4,20569262944
2024-01-25T14:00:00Z,3232.13,20774024083
2024-01-25T15:00:00Z,3261.67,20976817285
2024-01-25T16:00:00Z,3266.44,19556551090
2024-01-25T17:00:00Z,3274.34,20595512088
2024-01-25T18:00:00Z,3300.21,19105065594
2024-01-25T19:00:00Z,3344.89,19666520704
2024-01-25T20:00:00Z,3371.61,19308123813
2024-01-25T21:00:00Z,3384.85,19697534318
2024-01-25T22:00:00Z,3383.68,19353371214
2024-01-25T23:00:00Z,3399.61,20376412106
2024-01-26T00:00:00Z,3398.75,19599304429
2024-01-26T01:00:00Z,3400.91,20996748259
2024-01-26T02:00:00Z,3441.39,19706004516
2024-01-26T03:00:00Z,3436.62,19601081946
2024-01-26T04:00:00Z,3461.74,20818961098
2024-01-26T05:00:00Z,3440.24,20877811188
2024-01-26T06:00:00Z,3412.48,20032788967
2024-01-26T07:00:00Z,3428.65,19609582722
2024-01-26T08:00:00Z,3479.28,19337032815
2024-01-26T09:00:00Z,3512.97,20131256257
2024-01-26T10:00:00Z,3463.51,20889098343
2024-01-26T11:00:00Z,3511.95,20003179824
2024-01-26T12:00:00Z,3521.06,20575460210
2024-01-26T13:00:00Z,3560.5,20485378830
2024-01-26T14:00:00Z,3513.71,19441373492
2024-01-26T15:00:00Z,3560.88,20585403292
2024-01-26T16:00:00Z,3514.33,20313510811
2024-01-26T17:00:00Z,3509.6,20436407258
2024-01-26T18:00:00Z,3519.15,20292607656
2024-01-26T19:00:00Z,3524.86,19990743287
2024-01-26T20:00:00Z,3552.73,19403087636
2024-01-26T21:00:00Z,3502.23,19432569145
2024-01-26T22:00:00Z,3540.82,19715485797
2024-01-26T23:00:00Z,3592.35,19019723770
2024-01-27T00:00:00Z,3597.3,20250191622
2024-01-27T01:00:00Z,3644.01,20306372863
2024-01-27T02:00:00Z,3648.08,20618795850
2024-01-27T03:00:00Z,3668.6,20990402255
2024-01-27T04:00:00Z,3699.42,20612294417
2024-01-27T05:00:00Z,3740.83,20839610813
2024-01-27T06:00:00Z,3740.42,20341370558
2024-01-27T07:00:00Z,3706.38,19369972284
2024-01-27T08:00:00Z,3725.31,20266953666
2024-01-27T09:00:00Z,3700.68,19935403529
2024-01-27T10:00:00Z,3678.94,19985195911
2024-01-27T11:00:00Z,3721.68,20351971982
2024-01-27T12:00:00Z,3754.51,19575620445
2024-01-27T13:00:00Z,3714.51,20677580988
2024-01-27T14:00:00Z,3759.33,20378423872
2024-01-27T15:00:00Z,3731.86,19095091451
2024-01-27T16:00:00Z,3743.9,20663807053
2024-01-27T17:00:00Z,3775.99,19321715876
2024-01-27T18:00:00Z,3786.87,19785952048
2024-01-27T19:00:00Z,3788.19,20807259476
2024-01-27T20:00:00Z,3791.18,19713167923
2024-01-27T21:00:00Z,3822.21,20940065293
2024-01-27T22:00:00Z,3821.58,20981303887
2024-01-27T23:00:00Z,3851.32,19495166431
2024-01-28T00:00:00Z,3903.33,19009101206
2024-01-28T01:00:00Z,3845.25,19302827502
2024-01-28T02:00:00Z,3868.63,20395401864
2024-01-28T03:00:00Z,3869.66,20679123899
2024-01-28T04:00:00Z,3841.67,19231951563
2024-01-28T05:00:00Z,3897.2,20836888386
2024-01-28T06:00:00Z,3869.05,19553632409
2024-01-28T07:00:00Z,3897.34,19315501026
2024-01-28T08:00:00Z,3878.94,19326994647
2024-01-28T09:00:00Z,3909.5,20198518389
2024-01-28T10:00:00Z,3961.12,20923209056
2024-01-28T11:00:00Z,3974.22,20210044798
2024-01-28T12:00:00Z,4015.78,20594613588
2024-01-28T13:00:00Z,4051.03,20651432175
2024-01-28T14:00:00Z,4017.93,20472635872
2024-01-28T15:00:00Z,4017.59,19632728152
2024-01-28T16:00:00Z,3998.93,19080388221
2024-01-28T17:00:00Z,4019.6,19954030614
2024-01-28T18:00:00Z,4011.51,19762209395
2024-01-28T19:00:00Z,4064.45,19762341233
2024-01-28T20:00:00Z,4091.44,19258591913
2024-01-28T21:00:00Z,4110.63,20850365549
2024-01-28T22:00:00Z,4108.78,19155043133
2024-01-28T23:00:00Z,4086.37,19456956429
2024-01-29T00:00:00Z,4081.57,20360476220
2024-01-29T01:00:00Z,4098.93,19541755677
2024-01-29T02:00:00Z,4121.85,19506988103
2024-01-29T03:00:00Z,4172.49,19159360947
2024-01-29T04:00:00Z,4206.24,19873777165
2024-01-29T05:00:00Z,4196.72,19851124231
2024-01-29T06:00:00Z,4201.36,19253502528
2024-01-29T07:00:00Z,4156.52,19859775862
2024-01-29T08:00:00Z,4198.23,20461899898
2024-01-29T09:00:00Z,4257.13,20438442504
2024-01-29T10:00:00Z,4307.36,19368482442
2024-01-29T11:00:00Z,4258.15,20938952551
2024-01-29T12:00:00Z,4318.77,20277220055
2024-01-29T13:00:00Z,4255.35,19046765118
2024-01-29T14:00:00Z,4233.29,19587246274
2024-01-29T15:00:00Z,4193.85,19307888472
2024-01-29T16:00:00Z,4218.91,19755650812
2024-01-29T17:00:00Z,4177.54,19230314645
2024-01-29T18:00:00Z,4142.16,19534533983
2024-01-29T19:00:00Z,4111.41,19578174800
2024-01-29T20:00:00Z,4071.79,20264095910
2024-01-29T21:00:00Z,4109.61,20075789495
2024-01-29T22:00:00Z,4058.42,19479916135
2024-01-29T23:00:00Z,4072.83,19198372571
2024-01-30T00:00:00Z,4025.37,19723360429
2024-01-30T01:00:00Z,4028.57,19095928377
2024-01-30T02:00:00Z,4047.42,20995616757
2024-01-30T03:00:00Z,4059.46,19032264672
2024-01-30T04:00:00Z,4080.76,19621804143
2024-01-30T05:00:00Z,4055.35,19456172061
2024-01-30T06:00:00Z,4042.97,20448022629
2024-01-30T07:00:00Z,4032.63,20439872034
2024-01-30T08:00:00Z,4050.09,20547505807
2024-01-30T09:00:00Z,4030.21,20210789726
2024-01-30T10:00:00Z,4088.24,20124531226
2024-01-30T11:00:00Z,4033.54,19362637849
2024-01-30T12:00:00Z,4009.23,19894917493
2024-01-30T13:00:00Z,3985.53,20835651334
2024-01-30T14:00:00Z,3983.3,19424552620
2024-01-30T15:00:00Z,3937.88,20865431782
2024-01-30T16:00:00Z,3989.13,19325693256
2024-01-30T17:00:00Z,3944.67,19142563710
2024-01-30T18:00:00Z,4001.1,19281909906
2024-01-30T19:00:00Z,3953.6,19959470841
2024-01-30T20:00:00Z,3961.78,20269455013
2024-01-30T21:00:00Z,3980.32,20933335744
2024-01-30T22:00:00Z,3973.68,20493453502
2024-01-30T23:00:00Z,3984.72,20518445763
2024-01-31T00:00:00Z,4027.45,20895050899
2024-01-31T01:00:00Z,3984.46,20601812766
2024-01-31T02:00:00Z,3997.36,20116553120
2024-01-31T03:00:00Z,4043.97,20058195320
2024-01-31T04:00:00Z,4008.58,19453610549
2024-01-31T05:00:00Z,4051.29,20449975783
2024-01-31T06:00:00Z,4041.71,19767758847
2024-01-31T07:00:00Z,4015.46,20661859784
2024-01-31T08:00:00Z,4004.54,19194248113
2024-01-31T09:00:00Z,3990.69,20500128087
2024-01-31T10:00:00Z,3947.75,19031868627
2024-01-31T11:00:00Z,3981.48,20662991530
2024-01-31T12:00:00Z,3995.5,20135606748
2024-01-31T13:00:00Z,3959.94,19304712298
2024-01-31T14:00:00Z,4002.14,20967630321
2024-01-31T15:00:00Z,4036.26,20400657098
2024-01-31T16:00:00Z,4067.03,20617479845
2024-01-31T17:00:00Z,4012.24,19159336322
2024-01-31T18:00:00Z,4056.15,20392525433
2024-01-31T19:00:00Z,4045.48,19513092364
2024-01-31T20:00:00Z,4096.88,20254791127
2024-01-31T21:00:00Z,4144.7,19468097209
2024-01-31T22:00:00Z,4161.79,19384312052
2024-01-31T23:00:00Z,4109.06,19926057238
2024-02-01T00:00:00Z,4149.24,19339740988
2024-02-01T01:00:00Z,4183.74,20815007967
2024-02-01T02:00:00Z,4166.75,20696789165
2024-02-01T03:00:00Z,4190.65,20409906999
2024-02-01T04:00:00Z,4137.14,19135045937
2024-02-01T05:00:00Z,4116.48,20538197440
2024-02-01T06:00:00Z,4125.54,19445369439
2024-02-01T07:00:00Z,4165.29,20441647858
2024-02-01T08:00:00Z,4144.09,19125355294
2024-02-01T09:00:00Z,4123.61,19717898046
2024-02-01T10:00:00Z,4072.76,20729529463
2024-02-01T11:00:00Z,4130.21,19056082599
2024-02-01T12:00:00Z,4093.98,19586958507
2024-02-01T13:00:00Z,4038.83,19193116218
2024-02-01T14:00:00Z,4021.11,20325836354
2024-02-01T15:00:00Z,3995.65,19570364041
2024-02-01T16:00:00Z,3958.51,19481511251
2024-02-01T17:00:00Z,3981.24,20605988511
2024-02-01T18:00:00Z,3961.42,19072565567
2024-02-01T19:00:00Z,3974.43,19321644961
2024-02-01T20:00:00Z,3960.03,19723742619
2024-02-01T21:00:00Z,3983.15,20017002911
2024-02-01T22:00:00Z,3985.45,20104817735
2024-02-01T23:00:00Z,4009.13,20955950390
2024-02-02T00:00:00Z,4058.69,20243307460
2024-02-02T01:00:00Z,4091.83,19502758078
2024-02-02T02:00:00Z,4053.71,19508482584
2024-02-02T03:00:00Z,4004.11,19875973871
2024-02-02T04:00:00Z,3999.19,19684599720
2024-02-02T05:00:00Z,3950.24,20789116375
2024-02-02T06:00:00Z,3924.33,19321356394
2024-02-02T07:00:00Z,3903.25,19652547442
2024-02-02T08:00:00Z,3943.24,19791033869
2024-02-02T09:00:00Z,3888.14,19201540684
2024-02-02T10:00:00Z,3872.07,20335803634
2024-02-02T11:00:00Z,3915.91,19182715599
2024-02-02T12:00:00Z,3970.98,20427875259
2024-02-02T13:00:00Z,3993.27,19002986614
2024-02-02T14:00:00Z,3949.38,20385440165
2024-02-02T15:00:00Z,3895.88,20572251845
2024-02-02T16:00:00Z,3944.06,20587947212
2024-02-02T17:00:00Z,3968.26,20581251995
2024-02-02T18:00:00Z,3995.33,20042308545
2024-02-02T19:00:00Z,4036.27,19791021365
2024-02-02T20:00:00Z,4015.27,19415030338
2024-02-02T21:00:00Z,3956.95,19318054204
2024-02-02T22:00:00Z,3961.41,20237791660
2024-02-02T23:00:00Z,3935.63,20288164252
2024-02-03T00:00:00Z,3901.21,19784936098
2024-02-03T01:00:00Z,3870.39,19029328425
2024-02-03T02:00:00Z,3879.78,20819505476
2024-02-03T03:00:00Z,3934.59,19118095801
2024-02-03T04:00:00Z,3894.43,19741524497
2024-02-03T05:00:00Z,3858.71,19482535076
2024-02-03T06:00:00Z,3878.26,19195485387
2024-02-03T07:00:00Z,3822.97,20767149939
2024-02-03T08:00:00Z,3799.42,20730487164
2024-02-03T09:00:00Z,3812.8,19059419796
2024-02-03T10:00:00Z,3793.79,19709634970
2024-02-03T11:00:00Z,3749.41,19053956118
2024-02-03T12:00:00Z,3790.34,20274281422
2024-02-03T13:00:00Z,3798.42,20476090935
2024-02-03T14:00:00Z,3758.16,19402688899
2024-02-03T15:00:00Z,3771.63,19580741017
2024-02-03T16:00:00Z,3772.85,19155474725
2024-02-03T17:00:00Z,3749.81,20676534772
2024-02-03T18:00:00Z,3742.89,20578326002
2024-02-03T19:00:00Z,3714.89,20030414699
2024-02-03T20:00:00Z,3667.27,19194641169
2024-02-03T21:00:00Z,3654.55,20501581108
2024-02-03T22:00:00Z,3621.99,19812170433
2024-02-03T23:00:00Z,3600.67,20547265981
2024-02-04T00:00:00Z,3606.81,20679663294
2024-02-04T01:00:00Z,3559.45,19371729750
2024-02-04T02:00:00Z,3545.53,19080025427
2024-02-04T03:00:00Z,3519.61,19375203997
2024-02-04T04:00:00Z,3524.77,19331382361
2024-02-04T05:00:00Z,3535.66,20452330410
2024-02-04T06:00:00Z,3536.42,19142821134
2024-02-04T07:00:00Z,3533.29,20408723968
2024-02-04T08:00:00Z,3543.4,20375775372
2024-02-04T09:00:00Z,3553.76,19901654383
2024-02-04T10:00:00Z,3567.94,19235720218
2024-02-04T11:00:00Z,3571.21,19836868889
2024-02-04T12:00:00Z,3586.83,20502681068
2024-02-04T13:00:00Z,3543.38,20557158340
2024-02-04T14:00:00Z,3547.41,19715536979
2024-02-04T15:00:00Z,3518.74,20666282637
2024-02-04T16:00:00Z,3507.16,20179553397
2024-02-04T17:00:00Z,3492.97,20582840888
2024-02-04T18:00:00Z,3529.68,19362130130
2024-02-04T19:00:00Z,3511.63,19636036479
2024-02-04T20:00:00Z,3536.12,20410636536
2024-02-04T21:00:00Z,3518.36,20201538341
2024-02-04T22:00:00Z,3539.79,20412829318
2024-02-04T23:00:00Z,3582.58,20897299254
2024-02-05T00:00:00Z,3632.73,20502765743
2024-02-05T01:00:00Z,3602.98,19606250514
2024-02-05T02:00:00Z,3655.57,19316986459
2024-02-05T03:00:00Z,3612.47,19407753646
2024-02-05T04:00:00Z,3656.98,20701945847
2024-02-05T05:00:00Z,3641.77,19231188881
2024-02-05T06:00:00Z,3637.93,19739840461
2024-02-05T07:00:00Z,3625.5,19935742994
2024-02-05T08:00:00Z,3669.51,20750990507
2024-02-05T09:00:00Z,3642.51,19222388107
2024-02-05T10:00:00Z,3590.48,19565333932
2024-02-05T11:00:00Z,3567.6,19535731912
2024-02-05T12:00:00Z,3569.03,19052025737
2024-02-05T13:00:00Z,3585.69,19866106842
2024-02-05T14:00:00Z,3532.01,20651836334
2024-02-05T15:00:00Z,3574.01,19721129505
2024-02-05T16:00:00Z,3618.9,19169045910
2024-02-05T17:00:00Z,3599.27,19908876102
2024-02-05T18:00:00Z,3600.25,19220869823
2024-02-05T19:00:00Z,3632.45,19143914469
2024-02-05T20:00:00Z,3619.45,19602224107
2024-02-05T21:00:00Z,3653.36,20304624999
2024-02-05T22:00:00Z,3643.79,20842977450
2024-02-05T23:00:00Z,3636.1,20400554326
2024-02-06T00:00:00Z,3599.16,20172211417
2024-02-06T01:00:00Z,3639.65,19371271765
2024-02-06T02:00:00Z,3590.43,20493638356
2024-02-06T03:00:00Z,3564.57,19295507746
2024-02-06T04:00:00Z,3570.75,19477360226
2024-02-06T05:00:00Z,3575.8,20644544895
2024-02-06T06:00:00Z,3531.2,19956859501
2024-02-06T07:00:00Z,3500.8,20964176593
2024-02-06T08:00:00Z,3470.58,19681857317
2024-02-06T09:00:00Z,3450.76,19328997451
2024-02-06T10:00:00Z,3474.77,20271323563
2024-02-06T11:00:00Z,3493.89,19479998064
2024-02-06T12:00:00Z,3537.88,19039518901
2024-02-06T13:00:00Z,3552.77,20932628401
2024-02-06T14:00:00Z,3570.88,20085513081
2024-02-06T15:00:00Z,3564.45,20839642857
2024-02-06T16:00:00Z,3539.54,20259453953
2024-02-06T17:00:00Z,3526.34,20600011493
2024-02-06T18:00:00Z,3561.76,19026321239
2024-02-06T19:00:00Z,3581.9,20781065001
2024-02-06T20:00:00Z,3608.62,20225568446
2024-02-06T21:00:00Z,3636.88,19726110016
2024-02-06T22:00:00Z,3596.52,20914612959
2024-02-06T23:00:00Z,3588.0,19161956917
2024-02-07T00:00:00Z,3615.56,20212409828
2024-02-07T01:00:00Z,3580.26,19674186550
2024-02-07T02:00:00Z,3590.49,19734605031
2024-02-07T03:00:00Z,3557.68,20672466483
2024-02-07T04:00:00Z,3604.22,19014338878
2024-02-07T05:00:00Z,3608.66,20595360747
2024-02-07T06:00:00Z,3650.93,20550273163
2024-02-07T07:00:00Z,3701.04,20219716772
2024-02-07T08:00:00Z,3714.96,20332391211
2024-02-07T09:00:00Z,3733.24,19829658993
2024-02-07T10:00:00Z,3772.92,20190123787
2024-02-07T11:00:00Z,3776.64,20866922983
2024-02-07T12:00:00Z,3742.34,19323991735
2024-02-07T13:00:00Z,3714.82,19344499192
2024-02-07T14:00:00Z,3761.11,19444009726
2024-02-07T15:00:00Z,3783.73,19364356488
2024-02-07T16:00:00Z,3839.11,20690315586
2024-02-07T17:00:00Z,3855.44,20475905117
2024-02-07T18:00:00Z,3888.61,19806533266
2024-02-07T19:00:00Z,3911.36,19207075313
2024-02-07T20:00:00Z,3899.18,19706761073
2024-02-07T21:00:00Z,3896.32,19054775854
2024-02-07T22:00:00Z,3872.57,19397886032
2024-02-07T23:00:00Z,3822.89,19921649236
2024-02-08T00:00:00Z,3832.45,19172530812
2024-02-08T01:00:00Z,3843.01,20539391444
2024-02-08T02:00:00Z,3839.47,20826974725
2024-02-08T03:00:00Z,3804.6,19676958237
2024-02-08T04:00:00Z,3815.24,20442753679
2024-02-08T05:00:00Z,3838.32,19419426695
2024-02-08T06:00:00Z,3856.55,20754750780
2024-02-08T07:00:00Z,3799.92,19086590674
2024-02-08T08:00:00Z,3797.59,20206732437
2024-02-08T09:00:00Z,3808.76,20657135312
2024-02-08T10:00:00Z,3812.45,20202644154
2024-02-08T11:00:00Z,3838.6,19682651505
2024-02-08T12:00:00Z,3796.86,19046066613
2024-02-08T13:00:00Z,3819.15,20285985978
2024-02-08T14:00:00Z,3846.78,19673641936
2024-02-08T15:00:00Z,3827.1,20825279314
2024-02-08T16:00:00Z,3881.76,20650842970
2024-02-08T17:00:00Z,3865.84,20700352279
2024-02-08T18:00:00Z,3886.43,19389696524
2024-02-08T19:00:00Z,3911.11,20292533695
2024-02-08T20:00:00Z,3869.91,19154259468
2024-02-08T21:00:00Z,3825.25,19221699423
2024-02-08T22:00:00Z,3865.6,20951590857
2024-02-08T23:00:00Z,3859.76,20065555216
2024-02-09T00:00:00Z,3823.3,19937250058
2024-02-09T01:00:00Z,3794.05,20338933425
2024-02-09T02:00:00Z,3841.87,19041519053
2024-02-09T03:00:00Z,3898.22,20431956628
2024-02-09T04:00:00Z,3860.14,19927421134
2024-02-09T05:00:00Z,3882.06,20207823683
2024-02-09T06:00:00Z,3842.28,19645851879
2024-02-09T07:00:00Z,3811.1,20523188281
2024-02-09T08:00:00Z,3804.99,19511389657
2024-02-09T09:00:00Z,3748.58,20484086700
2024-02-09T10:00:00Z,3693.73,19136621476
2024-02-09T11:00:00Z,3682.57,20857455519
2024-02-09T12:00:00Z,3628.21,19155750298
2024-02-09T13:00:00Z,3676.05,20131970078
2024-02-09T14:00:00Z,3723.95,19194923173
2024-02-09T15:00:00Z,3699.68,20333094456
2024-02-09T16:00:00Z,3748.32,19528639296
2024-02-09T17:00:00Z,3714.5,19021175623
2024-02-09T18:00:00Z,3685.71,19275460999
2024-02-09T19:00:00Z,3652.34,19487394288
2024-02-09T20:00:00Z,3668.08,20667615865
2024-02-09T21:00:00Z,3620.71,19043265618
2024-02-09T22:00:00Z,3651.21,19569465487
2024-02-09T23:00:00Z,3612.74,19715286924
2024-02-10T00:00:00Z,3558.97,19519365073
2024-02-10T01:00:00Z,3551.78,20104226493
2024-02-10T02:00:00Z,3555.91,19489258264
2024-02-10T03:00:00Z,3606.52,20483844205
2024-02-10T04:00:00Z,3629.3,20359536679
2024-02-10T05:00:00Z,3667.19,19635939180
2024-02-10T06:00:00Z,3695.31,19527557981
2024-02-10T07:00:00Z,3689.56,20111151399
2024-02-10T08:00:00Z,3685.05,19322516432
2024-02-10T09:00:00Z,3668.77,20011909246
2024-02-10T10:00:00Z,3678.87,19859487555
2024-02-10T11:00:00Z,3723.58,20553655423
2024-02-10T12:00:00Z,3748.84,20649620284
2024-02-10T13:00:00Z,3768.22,19666474498
2024-02-10T14:00:00Z,3772.48,20317759505
2024-02-10T15:00:00Z,3735.52,19867502136
2024-02-10T16:00:00Z,3704.14,20393489724
2024-02-10T17:00:00Z,3718.63,20630285797
2024-02-10T18:00:00Z,3688.58,19021433564
2024-02-10T19:00:00Z,3733.0,20291560675
2024-02-10T20:00:00Z,3718.38,19637482034
2024-02-10T21:00:00Z,3670.35,19764128320
2024-02-10T22:00:00Z,3707.14,19218610054
2024-02-10T23:00:00Z,3743.67,19399408484
2024-02-11T00:00:00Z,3776.58,19467032247
2024-02-11T01:00:00Z,3754.64,19650715842
2024-02-11T02:00:00Z,3705.64,19180869722
2024-02-11T03:00:00Z,3728.77,20571209982
2024-02-11T04:00:00Z,3765.97,19244316620
2024-02-11T05:00:00Z,3709.91,20613224151
2024-02-11T06:00:00Z,3698.8,19846937890
2024-02-11T07:00:00Z,3699.72,20612796722
2024-02-11T08:00:00Z,3747.71,19689631539
2024-02-11T09:00:00Z,3696.99,20051253451
2024-02-11T10:00:00Z,3736.35,19387955132
2024-02-11T11:00:00Z,3769.24,19129215800
2024-02-11T12:00:00Z,3758.04,19003965969
2024-02-11T13:00:00Z,3780.15,19808168192
2024-02-11T14:00:00Z,3764.12,19598195986
2024-02-11T15:00:00Z,3802.27,20138353619
2024-02-11T16:00:00Z,3790.65,19620744081
2024-02-11T17:00:00Z,3757.94,19403829391
2024-02-11T18:00:00Z,3812.59,19720171984
2024-02-11T19:00:00Z,3857.78,20910246386
2024-02-11T20:00:00Z,3850.47,19014829348
2024-02-11T21:00:00Z,3851.97,20552679043
2024-02-11T22:00:00Z,3795.12,20519442630
2024-02-11T23:00:00Z,3835.31,19219847531
2024-02-12T00:00:00Z,3876.98,19836008932
2024-02-12T01:00:00Z,3906.63,19559034229
2024-02-12T02:00:00Z,3882.23,20059799880
2024-02-12T03:00:00Z,3928.71,20620352332
2024-02-12T04:00:00Z,3894.15,19675703670
2024-02-12T05:00:00Z,3941.42,19530186629
2024-02-12T06:00:00Z,3953.22,19528990211
2024-02-12T07:00:00Z,4011.6,20942418513
2024-02-12T08:00:00Z,4042.17,19930426933
2024-02-12T09:00:00Z,4027.41,19583645428
2024-02-12T10:00:00Z,4065.17,20396780431
2024-02-12T11:00:00Z,4080.61,20055502617
2024-02-12T12:00:00Z,4071.33,19794094468
2024-02-12T13:00:00Z,4080.58,20564861567
2024-02-12T14:00:00Z,4135.57,19113256513
2024-02-12T15:00:00Z,4086.56,19295580157
2024-02-12T16:00:00Z,4026.03,19587369085
2024-02-12T17:00:00Z,4071.17,19802855760
2024-02-12T18:00:00Z,4053.08,19663357523
2024-02-12T19:00:00Z,3998.41,19849913112
2024-02-12T20:00:00Z,3994.34,20094316947
2024-02-12T21:00:00Z,3959.34,20295349502
2024-02-12T22:00:00Z,3979.98,20859835963
2024-02-12T23:00:00Z,3953.76,20160836012
2024-02-13T00:00:00Z,3920.01,19403875347
2024-02-13T01:00:00Z,3901.95,19807424134
2024-02-13T02:00:00Z,3856.95,19209051151
2024-02-13T03:00:00Z,3849.61,19610228544
2024-02-13T04:00:00Z,3864.66,20961950160
2024-02-13T05:00:00Z,3879.64,20630367106
2024-02-13T06:00:00Z,3871.14,20072617272
2024-02-13T07:00:00Z,3853.22,19817850189
2024-02-13T08:00:00Z,3870.26,19201126677
2024-02-13T09:00:00Z,3917.35,20686366107
2024-02-13T10:00:00Z,3893.23,20580287660
2024-02-13T11:00:00Z,3858.38,20918418155
2024-02-13T12:00:00Z,3823.12,20747063239
2024-02-13T13:00:00Z,3837.87,19311301182
2024-02-13T14:00:00Z,3845.91,19946333310
2024-02-13T15:00:00Z,3796.11,20687252869
2024-02-13T16:00:00Z,3740.82,19904885074
2024-02-13T17:00:00Z,3732.66,20108619278
2024-02-13T18:00:00Z,3694.58,19903051389
2024-02-13T19:00:00Z,3734.65,19468579443
2024-02-13T20:00:00Z,3682.02,20221200887
2024-02-13T21:00:00Z,3737.04,20204058990
2024-02-13T22:00:00Z,3784.77,20755596235
2024-02-13T23:00:00Z,3742.41,20899816991
2024-02-14T00:00:00Z,3794.74,19777505596
2024-02-14T01:00:00Z,3818.89,19956378943
2024-02-14T02:00:00Z,3789.92,20809638152
2024-02-14T03:00:00Z,3766.06,19725215677
2024-02-14T04:00:00Z,3760.47,19582306787
2024-02-14T05:00:00Z,3782.27,19542071507
2024-02-14T06:00:00Z,3829.71,20589484526
2024-02-14T07:00:00Z,3804.75,19061176770
2024-02-14T08:00:00Z,3853.12,20378682270
2024-02-14T09:00:00Z,3909.18,20243292404
2024-02-14T10:00:00Z,3967.58,19638389715
2024-02-14T11:00:00Z,3995.66,19484696014
2024-02-14T12:00:00Z,3943.08,20812271194
2024-02-14T13:00:00Z,3965.42,19150749997
2024-02-14T14:00:00Z,3976.98,20251189680
2024-02-14T15:00:00Z,3929.36,20925965993
2024-02-14T16:00:00Z,3874.71,20043221426
2024-02-14T17:00:00Z,3899.1,19892699616
2024-02-14T18:00:00Z,3915.01,19602842706
2024-02-14T19:00:00Z,3911.69,19963859859
2024-02-14T20:00:00Z,3863.56,20376548859
2024-02-14T21:00:00Z,3918.08,19465699552
2024-02-14T22:00:00Z,3927.08,20315868847
2024-02-14T23:00:00Z,3921.09,20351996756
2024-02-15T00:00:00Z,3876.61,20812402530
2024-02-15T01:00:00Z,3840.29,20782427656
2024-02-15T02:00:00Z,3826.16,20094794809
2024-02-15T03:00:00Z,3843.12,19142813732
2024-02-15T04:00:00Z,3808.93,19858867846
2024-02-15T05:00:00Z,3777.6,19218969353
2024-02-15T06:00:00Z,3770.2,20620913573
2024-02-15T07:00:00Z,3756.41,20395287516
2024-02-15T08:00:00Z,3732.52,19251481580
2024-02-15T09:00:00Z,3738.54,19562543182
2024-02-15T10:00:00Z,3733.52,19412115625
2024-02-15T11:00:00Z,3678.68,19533525009
2024-02-15T12:00:00Z,3721.71,20724811346
2024-02-15T13:00:00Z,3720.84,19835412967
2024-02-15T14:00:00Z,3772.52,20789285155
2024-02-15T15:00:00Z,3784.49,20403006232
2024-02-15T16:00:00Z,3765.82,20797905982
2024-02-15T17:00:00Z,3814.42,20476178734
2024-02-15T18:00:00Z,3869.25,20429485016
2024-02-15T19:00:00Z,3863.56,19590510208
2024-02-15T20:00:00Z,3841.99,19117789089
2024-02-15T21:00:00Z,3863.22,19871707642
2024-02-15T22:00:00Z,3854.56,20523018108
2024-02-15T23:00:00Z,3834.21,19045010882
2024-02-16T00:00:00Z,3853.46,20478228925
2024-02-16T01:00:00Z,3820.67,20003441861
2024-02-16T02:00:00Z,3768.49,19689140870
2024-02-16T03:00:00Z,3797.32,20226965924
2024-02-16T04:00:00Z,3786.31,19887646395
2024-02-16T05:00:00Z,3788.85,19505785281
2024-02-16T06:00:00Z,3784.6,20845166878
2024-02-16T07:00:00Z,3773.03,20498585738
2024-02-16T08:00:00Z,3794.12,20009731616
2024-02-16T09:00:00Z,3784.85,20889834686
2024-02-16T10:00:00Z,3792.9,19202205941
2024-02-16T11:00:00Z,3738.4,19854350092
2024-02-16T12:00:00Z,3712.67,20098146309
2024-02-16T13:00:00Z,3670.85,20861352866
2024-02-16T14:00:00Z,3627.14,20944542922
2024-02-16T15:00:00Z,3620.3,20670049758
2024-02-16T16:00:00Z,3573.08,20539298271
2024-02-16T17:00:00Z,3610.32,19783739668
2024-02-16T18:00:00Z,3653.08,20859148718
2024-02-16T19:00:00Z,3607.08,20777702526
2024-02-16T20:00:00Z,3567.57,20418598157
2024-02-16T21:00:00Z,3543.37,19124406638
2024-02-16T22:00:00Z,3531.14,19103610963
2024-02-16T23:00:00Z,3573.7,20229757526
2024-02-17T00:00:00Z,3536.83,19364564469
2024-02-17T01:00:00Z,3575.68,20889874961
2024-02-17T02:00:00Z,3618.67,20255400636
2024-02-17T03:00:00Z,3565.43,20541108990
2024-02-17T04:00:00Z,3536.61,20302177064
2024-02-17T05:00:00Z,3525.75,19952911651
2024-02-17T06:00:00Z,3485.03,19425565775
2024-02-17T07:00:00Z,3467.08,19056418498
2024-02-17T08:00:00Z,3441.38,19626707643
2024-02-17T09:00:00Z,3462.11,20166198300
2024-02-17T10:00:00Z,3434.88,20879601530
2024-02-17T11:00:00Z,3478.83,20956344340
2024-02-17T12:00:00Z,3439.62,19509334257
2024-02-17T13:00:00Z,3444.82,19315583218
2024-02-17T14:00:00Z,3404.33,20656344435
2024-02-17T15:00:00Z,3429.41,19721693583
2024-02-17T16:00:00Z,3473.07,19782708090
2024-02-17T17:00:00Z,3479.67,20217479593
2024-02-17T18:00:00Z,3513.62,19487920474
2024-02-17T19:00:00Z,3497.92,19022215908
2024-02-17T20:00:00Z,3532.42,19183405117
2024-02-17T21:00:00Z,3579.41,20418244256
2024-02-17T22:00:00Z,3576.72,20815178046
2024-02-17T23:00:00Z,3620.7,19913137297
2024-02-18T00:00:00Z,3598.28,20921183935
2024-02-18T01:00:00Z,3619.04,19737149352
2024-02-18T02:00:00Z,3585.02,20265516137
2024-02-18T03:00:00Z,3568.4,19884562059
2024-02-18T04:00:00Z,3588.63,19785714780
2024-02-18T05:00:00Z,3611.46,19522232298
2024-02-18T06:00:00Z,3624.2,20462145436
2024-02-18T07:00:00Z,3604.47,19786677082
2024-02-18T08:00:00Z,3614.26,20515963776
2024-02-18T09:00:00Z,3615.46,20838187930
2024-02-18T10:00:00Z,3623.76,20684411761
2024-02-18T11:00:00Z,3612.4,19424220718
2024-02-18T12:00:00Z,3563.58,19233276474
2024-02-18T13:00:00Z,3525.62,19879275924
2024-02-18T14:00:00Z,3562.43,19202716348
2024-02-18T15:00:00Z,3518.98,19751741746
2024-02-18T16:00:00Z,3495.62,20171468629
2024-02-18T17:00:00Z,3524.18,20611813756
2024-02-18T18:00:00Z,3474.27,19054853852
2024-02-18T19:00:00Z,3483.12,19147736907
2024-02-18T20:00:00Z,3531.08,20601010784
2024-02-18T21:00:00Z,3530.43,20637990799
2024-02-18T22:00:00Z,3492.54,20481307546
2024-02-18T23:00:00Z,3504.36,19806129156
2024-02-19T00:00:00Z,3522.77,19225432515
2024-02-19T01:00:00Z,3509.99,20920205439
2024-02-19T02:00:00Z,3508.07,19406905547
2024-02-19T03:00:00Z,3538.54,19865131142
2024-02-19T04:00:00Z,3531.32,20535015961
2024-02-19T05:00:00Z,3525.89,20535551192
2024-02-19T06:00:00Z,3574.49,20662424861
2024-02-19T07:00:00Z,3602.37,19163788874
2024-02-19T08:00:00Z,3549.4,19193910067
2024-02-19T09:00:00Z,3580.77,19289643999
2024-02-19T10:00:00Z,3631.06,20100143024
2024-02-19T11:00:00Z,3667.53,20985895724
2024-02-19T12:00:00Z,3707.03,19594525012
2024-02-19T13:00:00Z,3754.77,20314259083
2024-02-19T14:00:00Z,3725.14,20178835025
2024-02-19T15:00:00Z,3774.73,20539686580
2024-02-19T16:00:00Z,3795.83,20194066413
2024-02-19T17:00:00Z,3799.05,20575100733
2024-02-19T18:00:00Z,3764.98,19619295771
2024-02-19T19:00:00Z,3821.37,20384117095
2024-02-19T20:00:00Z,3855.14,19706488589
2024-02-19T21:00:00Z,3847.84,19006918121
2024-02-19T22:00:00Z,3850.21,20716877124
2024-02-19T23:00:00Z,3828.33,19960226250
2024-02-20T00:00:00Z,3809.39,19208292770
2024-02-20T01:00:00Z,3774.22,19846215410
2024-02-20T02:00:00Z,3757.2,19169247283
2024-02-20T03:00:00Z,3768.94,19663851257
2024-02-20T04:00:00Z,3748.02,19721673403
2024-02-20T05:00:00Z,3702.07,20349116867
2024-02-20T06:00:00Z,3718.11,20685791232
2024-02-20T07:00:00Z,3693.79,19383713652
2024-02-20T08:00:00Z,3681.87,20822564782
2024-02-20T09:00:00Z,3653.17,19968634250
2024-02-20T10:00:00Z,3692.91,20895035214
2024-02-20T11:00:00Z,3646.69,19174814027
2024-02-20T12:00:00Z,3687.94,20692736087
2024-02-20T13:00:00Z,3641.79,19032546007
2024-02-20T14:00:00Z,3599.65,19778702079
2024-02-20T15:00:00Z,3605.63,20270906499
2024-02-20T16:00:00Z,3640.42,19923335885
2024-02-20T17:00:00Z,3594.12,20150611555
2024-02-20T18:00:00Z,3625.99,20571759366
2024-02-20T19:00:00Z,3669.96,20370312869
2024-02-20T20:00:00Z,3674.45,20030199595
2024-02-20T21:00:00Z,3716.05,20955583271
2024-02-20T22:00:00Z,3701.44,19917806263
2024-02-20T23:00:00Z,3728.0,20603385035
2024-02-21T00:00:00Z,3689.06,20681946920
2024-02-21T01:00:00Z,3687.09,19755414390
2024-02-21T02:00:00Z,3695.16,20417264396
2024-02-21T03:00:00Z,3701.05,19912478808
2024-02-21T04:00:00Z,3718.67,20867722702
2024-02-21T05:00:00Z,3727.49,19896470413
2024-02-21T06:00:00Z,3737.79,19972837246
2024-02-21T07:00:00Z,3729.58,20488822595
2024-02-21T08:00:00Z,3691.45,20429395037
2024-02-21T09:00:00Z,3637.88,20875672890
2024-02-21T10:00:00Z,3609.24,20327036194
2024-02-21T11:00:00Z,3633.69,19549204135
2024-02-21T12:00:00Z,3671.74,19275901172
2024-02-21T13:00:00Z,3718.53,19210391779
2024-02-21T14:00:00Z,3697.88,19772355956
2024-02-21T15:00:00Z,3722.45,20192619509
2024-02-21T16:00:00Z,3706.53,20851842354
2024-02-21T17:00:00Z,3724.42,19441337650
2024-02-21T18:00:00Z,3750.15,19768374435
2024-02-21T19:00:00Z,3800.36,19222289377
2024-02-21T20:00:00Z,3833.49,20898323113
2024-02-21T21:00:00Z,3812.84,19083255387
2024-02-21T22:00:00Z,3756.74,20352911270
2024-02-21T23:00:00Z,3730.19,19898337514
2024-02-22T00:00:00Z,3721.77,20312879401
2024-02-22T01:00:00Z,3672.26,19663276623
2024-02-22T02:00:00Z,3646.64,20880730477
2024-02-22T03:00:00Z,3619.61,19143860594
2024-02-22T04:00:00Z,3656.47,19992089575
2024-02-22T05:00:00Z,3710.36,19562406053
2024-02-22T06:00:00Z,3734.03,20513093738
2024-02-22T07:00:00Z,3687.35,19378671914
2024-02-22T08:00:00Z,3698.91,20468362816
2024-02-22T09:00:00Z,3694.44,20055311796
2024-02-22T10:00:00Z,3693.9,19515699219
2024-02-22T11:00:00Z,3741.2,20682705743
2024-02-22T12:00:00Z,3712.97,20550113576
2024-02-22T13:00:00Z,3678.42,19190641591
2024-02-22T14:00:00Z,3632.5,20406523630
2024-02-22T15:00:00Z,3578.76,20420605802
2024-02-22T16:00:00Z,3554.44,19762163361
2024-02-22T17:00:00Z,3538.18,19345309663
2024-02-22T18:00:00Z,3495.33,20575717508
2024-02-22T19:00:00Z,3452.01,20927032650
2024-02-22T20:00:00Z,3468.34,19964586064
2024-02-22T21:00:00Z,3457.56,20044502755
2024-02-22T22:00:00Z,3407.1,19624347784
2024-02-22T23:00:00Z,3421.81,19038283253
2024-02-23T00:00:00Z,3386.27,19709217941
2024-02-23T01:00:00Z,3382.77,19817974906
2024-02-23T02:00:00Z,3418.42,19645531944
2024-02-23T03:00:00Z,3414.93,19810720214
2024-02-23T04:00:00Z,3415.49,19214856734
2024-02-23T05:00:00Z,3385.5,20237715421
2024-02-23T06:00:00Z,3425.35,19472365254
2024-02-23T07:00:00Z,3433.8,19367326573
2024-02-23T08:00:00Z,3422.17,20543410969
2024-02-23T09:00:00Z,3440.18,20594077489
2024-02-23T10:00:00Z,3400.1,19019674921
2024-02-23T11:00:00Z,3410.17,20186230310
2024-02-23T12:00:00Z,3453.61,19389682217
2024-02-23T13:00:00Z,3474.66,20780681723
2024-02-23T14:00:00Z,3518.36,19194267890
2024-02-23T15:00:00Z,3466.45,19273407896
2024-02-23T16:00:00Z,3419.38,20817895449
2024-02-23T17:00:00Z,3446.49,20608877778
2024-02-23T18:00:00Z,3474.23,19218774499
2024-02-23T19:00:00Z,3440.26,19520927504
2024-02-23T20:00:00Z,3414.13,20275435073
2024-02-23T21:00:00Z,3379.12,19036491639
2024-02-23T22:00:00Z,3334.82,20576425028
2024-02-23T23:00:00Z,3332.38,19620727443
2024-02-24T00:00:00Z,3322.06,19047723323
2024-02-24T01:00:00Z,3303.15,20926962286
2024-02-24T02:00:00Z,3288.95,20134906088
2024-02-24T03:00:00Z,3300.04,19523168871
2024-02-24T04:00:00Z,3296.03,19190616788
2024-02-24T05:00:00Z,3262.9,20543050873
2024-02-24T06:00:00Z,3255.98,19713089662
2024-02-24T07:00:00Z,3216.82,19157597253
2024-02-24T08:00:00Z,3211.17,19000841453
2024-02-24T09:00:00Z,3200.24,20242748580
2024-02-24T10:00:00Z,3215.95,20326318894
2024-02-24T11:00:00Z,3247.76,20191115446
2024-02-24T12:00:00Z,3224.52,20420337975
2024-02-24T13:00:00Z,3262.86,19219052946
2024-02-24T14:00:00Z,3274.15,19856056059
2024-02-24T15:00:00Z,3235.92,19923666533
2024-02-24T16:00:00Z,3238.84,20012098354
2024-02-24T17:00:00Z,3192.59,19667491340
2024-02-24T18:00:00Z,3189.22,19055147539
2024-02-24T19:00:00Z,3235.53,20623985155
2024-02-24T20:00:00Z,3235.63,20301545400
2024-02-24T21:00:00Z,3218.46,19071227354
2024-02-24T22:00:00Z,3205.47,20532576924
2024-02-24T23:00:00Z,3206.59,20503589247
2024-02-25T00:00:00Z,3164.58,19020097181
2024-02-25T01:00:00Z,3174.04,20490590186
2024-02-25T02:00:00Z,3212.89,20436438867
2024-02-25T03:00:00Z,3178.31,20726697019
2024-02-25T04:00:00Z,3154.31,19499528767
2024-02-25T05:00:00Z,3193.25,20390633700
2024-02-25T06:00:00Z,3204.85,20912358830
2024-02-25T07:00:00Z,3181.56,20531184315
2024-02-25T08:00:00Z,3174.15,20278425024
2024-02-25T09:00:00Z,3133.94,20811220663
2024-02-25T10:00:00Z,3092.31,19713798982
2024-02-25T11:00:00Z,3126.99,20092770774
2024-02-25T12:00:00Z,3107.6,20970791619
2024-02-25T13:00:00Z,3066.56,19125714552
2024-02-25T14:00:00Z,3070.03,19570710481
2024-02-25T15:00:00Z,3097.48,20098578916
2024-02-25T16:00:00Z,3092.08,20814943329
2024-02-25T17:00:00Z,3069.34,19408080889
2024-02-25T18:00:00Z,3082.53,19872012721
2024-02-25T19:00:00Z,3070.82,20618339414
2024-02-25T20:00:00Z,3042.89,19889344673
2024-02-25T21:00:00Z,3008.36,20013297715
2024-02-25T22:00:00Z,2974.34,19299398222
2024-02-25T23:00:00Z,2946.62,20523700505
2024-02-26T00:00:00Z,2965.5,19891588171
2024-02-26T01:00:00Z,2951.06,19264445266
2024-02-26T02:00:00Z,2974.77,19454307596
2024-02-26T03:00:00Z,3015.15,20882798092
2024-02-26T04:00:00Z,3045.87,19770727837
2024-02-26T05:00:00Z,3021.19,19819798051
2024-02-26T06:00:00Z,2998.37,20611516908
2024-02-26T07:00:00Z,3042.47,19783526846
2024-02-26T08:00:00Z,3000.41,19145273480
2024-02-26T09:00:00Z,2979.6,20616687757
2024-02-26T10:00:00Z,2987.53,19600517905
2024-02-26T11:00:00Z,2980.8,19073654914
2024-02-26T12:00:00Z,2970.89,20592706123
2024-02-26T13:00:00Z,3013.46,20150070757
2024-02-26T14:00:00Z,2989.66,19942105876
2024-02-26T15:00:00Z,2945.42,20019452242
2024-02-26T16:00:00Z,2979.26,19154908492
2024-02-26T17:00:00Z,3009.1,20358621510
2024-02-26T18:00:00Z,2968.93,20429937985
2024-02-26T19:00:00Z,3012.31,19685210725
2024-02-26T20:00:00Z,3004.77,19206601153
2024-02-26T21:00:00Z,2981.39,19724004412
2024-02-26T22:00:00Z,2991.23,19077981048
2024-02-26T23:00:00Z,3027.9,20493931201
2024-02-27T00:00:00Z,3014.03,19453636895
2024-02-27T01:00:00Z,3025.02,20725604097
2024-02-27T02:00:00Z,3026.92,20273628908
2024-02-27T03:00:00Z,3030.87,19070765385
2024-02-27T04:00:00Z,3041.43,19406538911
2024-02-27T05:00:00Z,3030.35,20154273948
2024-02-27T06:00:00Z,3066.28,19620331483
2024-02-27T07:00:00Z,3073.28,19067223414
2024-02-27T08:00:00Z,3035.28,20819120569
2024-02-27T09:00:00Z,3013.75,20492551377
2024-02-27T10:00:00Z,3016.09,19072717606
2024-02-27T11:00:00Z,2992.73,20427587172
2024-02-27T12:00:00Z,3031.59,20931729134
2024-02-27T13:00:00Z,3071.1,19640539074
2024-02-27T14:00:00Z,3071.67,19477705704
2024-02-27T15:00:00Z,3055.12,20909908636
2024-02-27T16:00:00Z,3060.01,20068325280
2024-02-27T17:00:00Z,3028.05,19293097470
2024-02-27T18:00:00Z,3019.25,19674945378
2024-02-27T19:00:00Z,3003.22,20511483665
2024-02-27T20:00:00Z,3005.05,20920859772
2024-02-27T21:00:00Z,3004.45,19770635011
2024-02-27T22:00:00Z,2982.03,19062856032
2024-02-27T23:00:00Z,2996.13,20599364339
2024-02-28T00:00:00Z,3022.03,20008643380
2024-02-28T01:00:00Z,3023.59,20513141593
2024-02-28T02:00:00Z,3020.28,19104219230
2024-02-28T03:00:00Z,2983.7,20798820287
2024-02-28T04:00:00Z,2967.91,20532590550
2024-02-28T05:00:00Z,2934.73,19079269978
2024-02-28T06:00:00Z,2967.01,20940493854
2024-02-28T07:00:00Z,2955.77,20268014985
2024-02-28T08:00:00Z,2989.91,20858434897
2024-02-28T09:00:00Z,2951.26,19104372962
2024-02-28T10:00:00Z,2970.53,19667272237
2024-02-28T11:00:00Z,2988.84,20834027288
2024-02-28T12:00:00Z,3030.29,19772834008
2024-02-28T13:00:00Z,3062.62,20431645517
2024-02-28T14:00:00Z,3078.6,20609666688
2024-02-28T15:00:00Z,3048.49,20900905487
2024-02-28T16:00:00Z,3063.66,19713688164
2024-02-28T17:00:00Z,3053.24,19986256616
2024-02-28T18:00:00Z,3008.61,19336661154
2024-02-28T19:00:00Z,2987.12,19065187198
2024-02-28T20:00:00Z,3019.83,20026574509
2024-02-28T21:00:00Z,3059.46,20426390927
2024-02-28T22:00:00Z,3056.74,20304040760
2024-02-28T23:00:00Z,3086.89,20470452831
2024-02-29T00:00:00Z,3121.56,20329453597
2024-02-29T01:00:00Z,3137.36,19146947052
2024-02-29T02:00:00Z,3144.33,20510287251
2024-02-29T03:00:00Z,3115.74,20191943623
2024-02-29T04:00:00Z,3139.58,20008107567
2024-02-29T05:00:00Z,3133.26,20127408669
2024-02-29T06:00:00Z,3146.15,20987128824
2024-02-29T07:00:00Z,3155.85,20245779142
2024-02-29T08:00:00Z,3137.15,20522137300
2024-02-29T09:00:00Z,3177.22,19300422378
2024-02-29T10:00:00Z,3158.92,19935779634
2024-02-29T11:00:00Z,3178.87,19419883389
2024-02-29T12:00:00Z,3160.83,19331522065
2024-02-29T13:00:00Z,3203.18,20396753541
2024-02-29T14:00:00Z,3187.0,19763158008
2024-02-29T15:00:00Z,3220.4,20899804747
2024-02-29T16:00:00Z,3241.16,20650956836
2024-02-29T17:00:00Z,3265.09,19594586535
2024-02-29T18:00:00Z,3252.96,19144267393
2024-02-29T19:00:00Z,3249.34,20927816774
2024-02-29T20:00:00Z,3255.77,19355388650
2024-02-29T21:00:00Z,3244.78,20985998069
2024-02-29T22:00:00Z,3207.03,20316823134
2024-02-29T23:00:00Z,3180.76,19213500560
2024-03-01T00:00:00Z,3211.78,19517480835
2024-03-01T01:00:00Z,3185.14,20352102270
2024-03-01T02:00:00Z,3225.36,19949738572
2024-03-01T03:00:00Z,3211.2,20585637390
2024-03-01T04:00:00Z,3188.6,20709136642
2024-03-01T05:00:00Z,3194.7,20073135417
2024-03-01T06:00:00Z,3185.8,19683306796
2024-03-01T07:00:00Z,3230.26,19736636663
2024-03-01T08:00:00Z,3241.44,20987987420
2024-03-01T09:00:00Z,3241.74,19160240627
2024-03-01T10:00:00Z,3210.16,20005142427
2024-03-01T11:00:00Z,3201.69,19591504296
2024-03-01T12:00:00Z,3240.68,19167471541
2024-03-01T13:00:00Z,3282.91,20516706939
2024-03-01T14:00:00Z,3315.31,19310649489
2024-03-01T15:00:00Z,3328.99,19795378019
2024-03-01T16:00:00Z,3323.3,20581488036
2024-03-01T17:00:00Z,3287.29,20015804645
2024-03-01T18:00:00Z,3304.66,20322652245
2024-03-01T19:00:00Z,3323.02,19423769022
2024-03-01T20:00:00Z,3299.9,20999966399
2024-03-01T21:00:00Z,3307.01,19959851341
2024-03-01T22:00:00Z,3326.82,20821432054
2024-03-01T23:00:00Z,3291.51,20681525416
2024-03-02T00:00:00Z,3258.19,19689670963
2024-03-02T01:00:00Z,3234.73,19712640853
2024-03-02T02:00:00Z,3238.5,20033134963
2024-03-02T03:00:00Z,3218.24,20550276475
2024-03-02T04:00:00Z,3255.42,20870681882
2024-03-02T05:00:00Z,3233.1,20774205735
2024-03-02T06:00:00Z,3239.47,20902936564
2024-03-02T07:00:00Z,3205.03,19325099908
2024-03-02T08:00:00Z,3202.77,19437653982
2024-03-02T09:00:00Z,3222.58,19117011169
2024-03-02T10:00:00Z,3196.73,19118055783
2024-03-02T11:00:00Z,3238.49,20357376906
2024-03-02T12:00:00Z,3229.79,19942328544
2024-03-02T13:00:00Z,3274.03,19374365257
2024-03-02T14:00:00Z,3269.76,19994644238
2024-03-02T15:00:00Z,3300.3,19365301563
2024-03-02T16:00:00Z,3260.4,20642732956
2024-03-02T17:00:00Z,3266.02,20081493947
2024-03-02T18:00:00Z,3307.83,20165358235
2024-03-02T19:00:00Z,3281.14,20773758925
2024-03-02T20:00:00Z,3323.72,19398615808
2024-03-02T21:00:00Z,3344.73,20396356842
2024-03-02T22:00:00Z,3322.53,20955058620
2024-03-02T23:00:00Z,3333.62,20409041941
2024-03-03T00:00:00Z,3308.04,19776630788
2024-03-03T01:00:00Z,3353.72,20620934342
2024-03-03T02:00:00Z,3306.29,20627446470
2024-03-03T03:00:00Z,3266.96,20055273330
2024-03-03T04:00:00Z,3247.21,19625280913
2024-03-03T05:00:00Z,3286.73,19370818505
2024-03-03T06:00:00Z,3256.65,20238219853
2024-03-03T07:00:00Z,3264.04,20855945969
2024-03-03T08:00:00Z,3277.51,20636167598
2024-03-03T09:00:00Z,3237.52,20637832546
2024-03-03T10:00:00Z,3232.5,19963214379
2024-03-03T11:00:00Z,3199.05,20421430222
2024-03-03T12:00:00Z,3196.75,19815403343
2024-03-03T13:00:00Z,3221.77,19074054092
2024-03-03T14:00:00Z,3232.58,20190423495
2024-03-03T15:00:00Z,3264.65,20166605419
2024-03-03T16:00:00Z,3265.01,19647890256
2024-03-03T17:00:00Z,3246.71,19541296423
2024-03-03T18:00:00Z,3243.65,20898297052
2024-03-03T19:00:00Z,3282.16,19663484651
2024-03-03T20:00:00Z,3242.44,19465564708
2024-03-03T21:00:00Z,3268.64,20631785478
2024-03-03T22:00:00Z,3281.68,20569655929
2024-03-03T23:00:00Z,3262.29,20970691809
2024-03-04T00:00:00Z,3260.86,20064042612
2024-03-04T01:00:00Z,3286.17,19727894108
2024-03-04T02:00:00Z,3254.18,19399341315
2024-03-04T03:00:00Z,3234.04,20764318404
2024-03-04T04:00:00Z,3232.6,19013517763
2024-03-04T05:00:00Z,3279.71,19592484638
2024-03-04T06:00:00Z,3271.35,20321720961
2024-03-04T07:00:00Z,3319.1,19942964941
2024-03-04T08:00:00Z,3362.78,19508852199
2024-03-04T09:00:00Z,3409.05,19650810055
2024-03-04T10:00:00Z,3391.75,20906819937
2024-03-04T11:00:00Z,3346.53,20975778282
2024-03-04T12:00:00Z,3387.5,20355233224
2024-03-04T13:00:00Z,3386.75,19479313291
2024-03-04T14:00:00Z,3394.38,20546133174
2024-03-04T15:00:00Z,3422.43,20374169641
2024-03-04T16:00:00Z,3447.92,19836818228
2024-03-04T17:00:00Z,3418.48,20649644794
2024-03-04T18:00:00Z,3389.46,20471108022
2024-03-04T19:00:00Z,3428.57,20958417682
2024-03-04T20:00:00Z,3422.67,19425430211
2024-03-04T21:00:00Z,3397.33,19289230313
2024-03-04T22:00:00Z,3408.19,20963001791
2024-03-04T23:00:00Z,3454.29,19826962740
2024-03-05T00:00:00Z,3485.03,20270428375
2024-03-05T01:00:00Z,3511.83,20269556450
2024-03-05T02:00:00Z,3554.78,20398733661
2024-03-05T03:00:00Z,3524.93,19466081325
2024-03-05T04:00:00Z,3498.16,20914181001
2024-03-05T05:00:00Z,3528.84,19383043242
2024-03-05T06:00:00Z,3528.63,20167052060
2024-03-05T07:00:00Z,3485.62,19886700851
2024-03-05T08:00:00Z,3487.15,19086448546
2024-03-05T09:00:00Z,3471.83,19818726325
2024-03-05T10:00:00Z,3497.0,20956237219
2024-03-05T11:00:00Z,3519.24,19431770311
2024-03-05T12:00:00Z,3534.72,19443578432
2024-03-05T13:00:00Z,3497.19,19776670345
2024-03-05T14:00:00Z,3481.53,19612802158
2024-03-05T15:00:00Z,3456.14,20536515000
2024-03-05T16:00:00Z,3443.85,20920665938
2024-03-05T17:00:00Z,3467.07,20006252481
2024-03-05T18:00:00Z,3452.32,20618386107
2024-03-05T19:00:00Z,3413.16,19850076756
2024-03-05T20:00:00Z,3371.39,20848141875
2024-03-05T21:00:00Z,3419.59,20808169330
2024-03-05T22:00:00Z,3408.87,20284678509
2024-03-05T23:00:00Z,3457.23,20716069438
2024-03-06T00:00:00Z,3423.17,20558416166
2024-03-06T01:00:00Z,3438.05,19605718009
2024-03-06T02:00:00Z,3458.75,20998813683
2024-03-06T03:00:00Z,3493.46,20916593695
2024-03-06T04:00:00Z,3467.76,20870183505
2024-03-06T05:00:00Z,3423.89,20527114496
2024-03-06T06:00:00Z,3415.46,19392689204
2024-03-06T07:00:00Z,3414.67,20627717006
2024-03-06T08:00:00Z,3455.41,20655538107
2024-03-06T09:00:00Z,3423.84,19441554240
2024-03-06T10:00:00Z,3474.56,20160077065
2024-03-06T11:00:00Z,3475.24,19305244953
2024-03-06T12:00:00Z,3472.36,20461868015
2024-03-06T13:00:00Z,3478.33,20919465370
2024-03-06T14:00:00Z,3503.36,20838407961
2024-03-06T15:00:00Z,3495.79,20832046289
2024-03-06T16:00:00Z,3527.43,19275750048
2024-03-06T17:00:00Z,3553.87,20631315986
2024-03-06T18:00:00Z,3550.65,19314226326
2024-03-06T19:00:00Z,3532.23,20508368597
2024-03-06T20:00:00Z,3496.36,19899999237
2024-03-06T21:00:00Z,3537.66,19519248412
2024-03-06T22:00:00Z,3537.03,19518871449
2024-03-06T23:00:00Z,3588.39,19391698715
2024-03-07T00:00:00Z,3568.66,20617252182
2024-03-07T01:00:00Z,3536.39,19947068469
2024-03-07T02:00:00Z,3578.66,19098864646
2024-03-07T03:00:00Z,3589.36,20142518016
2024-03-07T04:00:00Z,3548.13,19883548248
2024-03-07T05:00:00Z,3529.84,19210187508
2024-03-07T06:00:00Z,3568.83,20022851009
2024-03-07T07:00:00Z,3568.81,19969091775
2024-03-07T08:00:00Z,3549.7,20589303512
2024-03-07T09:00:00Z,3580.03,19443977604
2024-03-07T10:00:00Z,3599.99,20481306594
2024-03-07T11:00:00Z,3616.53,20188930659
2024-03-07T12:00:00Z,3664.46,19021860771
2024-03-07T13:00:00Z,3681.42,19995565974
2024-03-07T14:00:00Z,3701.95,19848135328
2024-03-07T15:00:00Z,3710.76,19864457721
2024-03-07T16:00:00Z,3695.83,19510873322
2024-03-07T17:00:00Z,3648.77,20341083774
2024-03-07T18:00:00Z,3595.24,20923882950
2024-03-07T19:00:00Z,3597.0,20807788205
2024-03-07T20:00:00Z,3644.27,20720113557
2024-03-07T21:00:00Z,3595.16,19651958386
2024-03-07T22:00:00Z,3580.39,19540395880
2024-03-07T23:00:00Z,3625.06,19137538981
2024-03-08T00:00:00Z,3673.01,19537680508
2024-03-08T01:00:00Z,3726.54,19691488286
2024-03-08T02:00:00Z,3745.79,19488954538
2024-03-08T03:00:00Z,3706.17,20896286511
2024-03-08T04:00:00Z,3688.62,19922881091
2024-03-08T05:00:00Z,3691.26,20417950041
2024-03-08T06:00:00Z,3653.67,19819107820
2024-03-08T07:00:00Z,3610.42,20821856901
2024-03-08T08:00:00Z,3649.93,20657138815
2024-03-08T09:00:00Z,3634.28,20890722746
2024-03-08T10:00:00Z,3634.95,19618162042
2024-03-08T11:00:00Z,3632.6,20852566856
2024-03-08T12:00:00Z,3625.04,20985196391
2024-03-08T13:00:00Z,3666.73,19307922686
2024-03-08T14:00:00Z,3701.46,20551504724
2024-03-08T15:00:00Z,3740.44,19140720153
2024-03-08T16:00:00Z,3727.81,20144968633
2024-03-08T17:00:00Z,3688.84,20177034098
2024-03-08T18:00:00Z,3676.87,19646861634
2024-03-08T19:00:00Z,3713.65,20374188542
2024-03-08T20:00:00Z,3746.34,20756990695
2024-03-08T21:00:00Z,3752.67,20584808962
2024-03-08T22:00:00Z,3773.08,20035585960
2024-03-08T23:00:00Z,3755.12,19725361040
2024-03-09T00:00:00Z,3747.05,19494307026
2024-03-09T01:00:00Z,3742.49,19271090589
2024-03-09T02:00:00Z,3731.67,20549745931
2024-03-09T03:00:00Z,3722.27,19653749437
2024-03-09T04:00:00Z,3707.09,19033761445
2024-03-09T05:00:00Z,3728.28,19097200100
2024-03-09T06:00:00Z,3776.46,19001117155
2024-03-09T07:00:00Z,3779.25,19955828215
2024-03-09T08:00:00Z,3786.42,20650688186
2024-03-09T09:00:00Z,3748.53,19652167718
2024-03-09T10:00:00Z,3714.82,19144715559
2024-03-09T11:00:00Z,3736.44,19040587896
2024-03-09T12:00:00Z,3689.44,20127705229
2024-03-09T13:00:00Z,3692.09,20685527705
2024-03-09T14:00:00Z,3725.58,19182504481
2024-03-09T15:00:00Z,3722.62,20708627171
2024-03-09T16:00:00Z,3757.07,19064264972
2024-03-09T17:00:00Z,3764.02,19486442798
2024-03-09T18:00:00Z,3804.05,19858856997
2024-03-09T19:00:00Z,3853.53,20603012739
2024-03-09T20:00:00Z,3815.79,19319902438
2024-03-09T21:00:00Z,3819.48,20856701901
2024-03-09T22:00:00Z,3817.09,20840314979
2024-03-09T23:00:00Z,3858.33,20821307980
2024-03-10T00:00:00Z,3808.31,20071575731
2024-03-10T01:00:00Z,3848.74,19923753764
2024-03-10T02:00:00Z,3895.57,20734009880
2024-03-10T03:00:00Z,3872.79,19934602120
2024-03-10T04:00:00Z,3919.22,19689633546
2024-03-10T05:00:00Z,3896.68,19891318119
2024-03-10T06:00:00Z,3870.64,20249447879
2024-03-10T07:00:00Z,3878.67,20857614415
2024-03-10T08:00:00Z,3827.0,19589444001
2024-03-10T09:00:00Z,3854.91,19198968989
2024-03-10T10:00:00Z,3859.1,19095285631
2024-03-10T11:00:00Z,3844.99,19583133257
2024-03-10T12:00:00Z,3869.25,20614311931
2024-03-10T13:00:00Z,3896.02,19410578715
2024-03-10T14:00:00Z,3899.17,20757028406
2024-03-10T15:00:00Z,3949.62,20189761742
2024-03-10T16:00:00Z,3947.49,19091011206
2024-03-10T17:00:00Z,3921.87,19143691025
2024-03-10T18:00:00Z,3908.1,20081901011
2024-03-10T19:00:00Z,3862.33,20910346374
2024-03-10T20:00:00Z,3843.23,19846758821
2024-03-10T21:00:00Z,3868.11,20029104016
2024-03-10T22:00:00Z,3847.46,19901964753
2024-03-10T23:00:00Z,3803.26,19694059719
2024-03-11T00:00:00Z,3847.16,19264286815
2024-03-11T01:00:00Z,3887.86,20691770357
2024-03-11T02:00:00Z,3868.53,20513787830
2024-03-11T03:00:00Z,3855.99,20487510322
2024-03-11T04:00:00Z,3848.4,20829292297
2024-03-11T05:00:00Z,3819.1,20565338733
2024-03-11T06:00:00Z,3874.42,19804236420
2024-03-11T07:00:00Z,3887.54,20976848474
2024-03-11T08:00:00Z,3908.7,19629587765
2024-03-11T09:00:00Z,3888.1,19099440161
2024-03-11T10:00:00Z,3883.85,20018520517
2024-03-11T11:00:00Z,3896.67,20651482217
2024-03-11T12:00:00Z,3945.43,19585477504
2024-03-11T13:00:00Z,3977.67,20533678151
2024-03-11T14:00:00Z,4000.04,19662465683
2024-03-11T15:00:00Z,3968.92,20556690978
2024-03-11T16:00:00Z,3941.55,19179050901
2024-03-11T17:00:00Z,3945.22,19693996538
2024-03-11T18:00:00Z,3947.59,20752674758
2024-03-11T19:00:00Z,3917.85,20991650358
2024-03-11T20:00:00Z,3958.16,20956549409
2024-03-11T21:00:00Z,4015.84,19021685197
2024-03-11T22:00:00Z,4035.61,20141141022
2024-03-11T23:00:00Z,4022.78,19673763948
2024-03-12T00:00:00Z,3974.1,19906598122
2024-03-12T01:00:00Z,3979.02,20578481558
2024-03-12T02:00:00Z,4004.3,19236800118
2024-03-12T03:00:00Z,3951.11,20128279874
2024-03-12T04:00:00Z,3979.44,20297335426
2024-03-12T05:00:00Z,3969.54,20791735770
2024-03-12T06:00:00Z,3989.74,20950646556
2024-03-12T07:00:00Z,4034.81,19241415327
2024-03-12T08:00:00Z,4066.51,19503175215
2024-03-12T09:00:00Z,4091.88,20190138016
2024-03-12T10:00:00Z,4150.19,19040172829
2024-03-12T11:00:00Z,4179.77,19048685491
2024-03-12T12:00:00Z,4150.32,19258258122
2024-03-12T13:00:00Z,4188.94,19763516241
2024-03-12T14:00:00Z,4230.85,20529462215
2024-03-12T15:00:00Z,4193.68,20904136075
2024-03-12T16:00:00Z,4251.63,20619500951
2024-03-12T17:00:00Z,4235.48,19256897211
2024-03-12T18:00:00Z,4240.69,19327145880
2024-03-12T19:00:00Z,4279.36,20851305384
2024-03-12T20:00:00Z,4330.41,20005800308
2024-03-12T21:00:00Z,4268.21,19732230737
2024-03-12T22:00:00Z,4328.99,19386344612
2024-03-12T23:00:00Z,4349.24,19073114730
2024-03-13T00:00:00Z,4291.9,19786822105
2024-03-13T01:00:00Z,4303.29,19971496160
2024-03-13T02:00:00Z,4310.25,20496823893
2024-03-13T03:00:00Z,4351.19,20684523173
2024-03-13T04:00:00Z,4374.96,19575582098
2024-03-13T05:00:00Z,4394.31,19586247714
2024-03-13T06:00:00Z,4342.0,19046256358
2024-03-13T07:00:00Z,4380.65,19961112042
2024-03-13T08:00:00Z,4422.42,20611739919
2024-03-13T09:00:00Z,4363.93,20244266892
2024-03-13T10:00:00Z,4384.58,19739714344
2024-03-13T11:00:00Z,4333.4,20351421305
2024-03-13T12:00:00Z,4339.33,20804038020
2024-03-13T13:00:00Z,4339.12,19827863446
2024-03-13T14:00:00Z,4375.51,20841222672
2024-03-13T15:00:00Z,4344.91,20721513995
2024-03-13T16:00:00Z,4293.34,19761317481
2024-03-13T17:00:00Z,4330.57,20110208211
2024-03-13T18:00:00Z,4384.88,20915489034
2024-03-13T19:00:00Z,4403.97,20821536787
2024-03-13T20:00:00Z,4375.64,19651018502
2024-03-13T21:00:00Z,4346.78,20810804373
2024-03-13T22:00:00Z,4330.26,20495286843
2024-03-13T23:00:00Z,4389.52,19110423844
2024-03-14T00:00:00Z,4360.88,19966143999
2024-03-14T01:00:00Z,4338.65,19046180967
2024-03-14T02:00:00Z,4364.17,19159352980
2024-03-14T03:00:00Z,4310.91,19814133539
2024-03-14T04:00:00Z,4364.81,19264004613
2024-03-14T05:00:00Z,4377.99,19424474478
2024-03-14T06:00:00Z,4369.82,20014093624
2024-03-14T07:00:00Z,4426.62,19420884129
2024-03-14T08:00:00Z,4418.46,20355243130
2024-03-14T09:00:00Z,4411.88,19562568148
2024-03-14T10:00:00Z,4420.02,19868092661
2024-03-14T11:00:00Z,4414.63,19076209962
2024-03-14T12:00:00Z,4406.79,20346166355
2024-03-14T13:00:00Z,4347.28,20390476049
2024-03-14T14:00:00Z,4358.72,19690081893
2024-03-14T15:00:00Z,4379.28,20866167779
2024-03-14T16:00:00Z,4355.73,20905107984
2024-03-14T17:00:00Z,4403.61,20091333076
2024-03-14T18:00:00Z,4462.19,20480517503
2024-03-14T19:00:00Z,4510.16,20188643864
2024-03-14T20:00:00Z,4498.8,19992821531
2024-03-14T21:00:00Z,4525.28,20022971312
2024-03-14T22:00:00Z,4502.17,20409450050
2024-03-14T23:00:00Z,4488.18,19955803343
2024-03-15T00:00:00Z,4530.0,20097794215
2024-03-15T01:00:00Z,4559.05,20302153537
2024-03-15T02:00:00Z,4615.52,19742782634
2024-03-15T03:00:00Z,4669.83,20916122944
2024-03-15T04:00:00Z,4670.64,20989007431
2024-03-15T05:00:00Z,4601.98,19892123513
2024-03-15T06:00:00Z,4639.01,19563115599
2024-03-15T07:00:00Z,4603.89,20273142291
2024-03-15T08:00:00Z,4593.33,19899790063
2024-03-15T09:00:00Z,4584.28,19447878933
2024-03-15T10:00:00Z,4524.96,19070510414
2024-03-15T11:00:00Z,4560.8,19914950550
2024-03-15T12:00:00Z,4623.87,20127398459
2024-03-15T13:00:00Z,4563.23,19855776654
2024-03-15T14:00:00Z,4513.99,20022170149
2024-03-15T15:00:00Z,4455.48,19797638131
2024-03-15T16:00:00Z,4466.42,19534559916
2024-03-15T17:00:00Z,4427.82,19542081026
2024-03-15T18:00:00Z,4491.67,20095370119
2024-03-15T19:00:00Z,4540.35,20383800208
2024-03-15T20:00:00Z,4596.37,19354220787
2024-03-15T21:00:00Z,4634.42,19702825201
2024-03-15T22:00:00Z,4600.49,19042639634
2024-03-15T23:00:00Z,4632.44,20205081703
2024-03-16T00:00:00Z,4686.96,19780494236
2024-03-16T01:00:00Z,4737.17,19339221527
2024-03-16T02:00:00Z,4745.16,20235077359
2024-03-16T03:00:00Z,4701.8,19248915045
2024-03-16T04:00:00Z,4741.48,19051953751
2024-03-16T05:00:00Z,4678.57,20306842290
2024-03-16T06:00:00Z,4641.6,20460156634
2024-03-16T07:00:00Z,4588.79,20063656158
2024-03-16T08:00:00Z,4579.56,19044398210
2024-03-16T09:00:00Z,4572.08,20583275249
2024-03-16T10:00:00Z,4538.78,20468695617
2024-03-16T11:00:00Z,4562.59,19085579401
2024-03-16T12:00:00Z,4545.14,19319006563
2024-03-16T13:00:00Z,4499.69,20867731333
2024-03-16T14:00:00Z,4467.41,20975316852
2024-03-16T15:00:00Z,4436.35,19302488344
2024-03-16T16:00:00Z,4487.66,20517332409
2024-03-16T17:00:00Z,4541.6,20789910018
2024-03-16T18:00:00Z,4474.72,20898567249
2024-03-16T19:00:00Z,4438.04,19818557713
2024-03-16T20:00:00Z,4425.04,20801678573
2024-03-16T21:00:00Z,4401.53,20967265834
2024-03-16T22:00:00Z,4364.22,20207472596
2024-03-16T23:00:00Z,4303.23,20236222194
2024-03-17T00:00:00Z,4323.68,19144920738
2024-03-17T01:00:00Z,4384.46,20436385689
2024-03-17T02:00:00Z,4324.35,19944640239
2024-03-17T03:00:00Z,4381.36,20552606728
2024-03-17T04:00:00Z,4435.57,19819674741
2024-03-17T05:00:00Z,4454.13,19733283308
2024-03-17T06:00:00Z,4504.14,20414475371
2024-03-17T07:00:00Z,4491.23,20057989012
2024-03-17T08:00:00Z,4451.53,20409805278
2024-03-17T09:00:00Z,4456.49,20383209171
2024-03-17T10:00:00Z,4392.93,20816913483
2024-03-17T11:00:00Z,4400.15,20030942360
2024-03-17T12:00:00Z,4396.31,20665270035
2024-03-17T13:00:00Z,4386.09,19623911343
2024-03-17T14:00:00Z,4387.82,19690129008
2024-03-17T15:00:00Z,4367.47,20673893951
2024-03-17T16:00:00Z,4408.62,19986483934
2024-03-17T17:00:00Z,4377.06,19061823608
2024-03-17T18:00:00Z,4393.74,19096884999
2024-03-17T19:00:00Z,4409.59,20049876305
2024-03-17T20:00:00Z,4434.15,19552740035
2024-03-17T21:00:00Z,4410.46,20698891454
2024-03-17T22:00:00Z,4421.32,19993089059
2024-03-17T23:00:00Z,4455.02,19789571448
2024-03-18T00:00:00Z,4514.53,20754143243
2024-03-18T01:00:00Z,4573.63,20587864108
2024-03-18T02:00:00Z,4521.76,20983177190
2024-03-18T03:00:00Z,4573.05,20156258576
2024-03-18T04:00:00Z,4571.78,20499388302
2024-03-18T05:00:00Z,4583.76,19434843565
2024-03-18T06:00:00Z,4523.19,20237195857
2024-03-18T07:00:00Z,4487.7,19819790113
2024-03-18T08:00:00Z,4537.29,19095123889
2024-03-18T09:00:00Z,4519.89,20978677036
2024-03-18T10:00:00Z,4503.29,19108540588
2024-03-18T11:00:00Z,4461.13,19798896447
2024-03-18T12:00:00Z,4430.13,19278986351
2024-03-18T13:00:00Z,4369.57,19524475809
2024-03-18T14:00:00Z,4389.27,20495422562
2024-03-18T15:00:00Z,4343.46,20404844459
2024-03-18T16:00:00Z,4337.95,20415571512
2024-03-18T17:00:00Z,4340.61,20982416198
2024-03-18T18:00:00Z,4337.08,20665733899
2024-03-18T19:00:00Z,4383.79,20587890697
2024-03-18T20:00:00Z,4401.63,20881256411
2024-03-18T21:00:00Z,4415.24,20591852028
2024-03-18T22:00:00Z,4460.04,19925000457
2024-03-18T23:00:00Z,4427.3,19116170103
2024-03-19T00:00:00Z,4378.53,19676779313
2024-03-19T01:00:00Z,4337.11,19540786460
2024-03-19T02:00:00Z,4331.88,19133922730
2024-03-19T03:00:00Z,4359.12,20207526835
2024-03-19T04:00:00Z,4343.08,19443843890
2024-03-19T05:00:00Z,4382.03,20401439833
2024-03-19T06:00:00Z,4392.13,20155341944
2024-03-19T07:00:00Z,4349.17,19315339951
2024-03-19T08:00:00Z,4376.89,19100647234
2024-03-19T09:00:00Z,4415.81,19337527960
2024-03-19T10:00:00Z,4456.65,19342268261
2024-03-19T11:00:00Z,4402.48,19433518879
2024-03-19T12:00:00Z,4386.3,20119937180
2024-03-19T13:00:00Z,4413.31,20595312508
2024-03-19T14:00:00Z,4390.74,19860962292
2024-03-19T15:00:00Z,4455.74,20223568867
2024-03-19T16:00:00Z,4440.39,20106351523
2024-03-19T17:00:00Z,4405.84,20004259450
2024-03-19T18:00:00Z,4457.62,19865246691
2024-03-19T19:00:00Z,4504.35,19522269296
2024-03-19T20:00:00Z,4501.74,19318776896
2024-03-19T21:00:00Z,4466.11,19137039430
2024-03-19T22:00:00Z,4415.39,19669613309
2024-03-19T23:00:00Z,4431.79,20613189856
2024-03-20T00:00:00Z,4387.89,20866881838
2024-03-20T01:00:00Z,4444.63,20716510859
2024-03-20T02:00:00Z,4406.62,19834186130
2024-03-20T03:00:00Z,4450.15,20209012193
2024-03-20T04:00:00Z,4476.04,19481471425
2024-03-20T05:00:00Z,4417.18,19579218870
2024-03-20T06:00:00Z,4358.87,19037576736
2024-03-20T07:00:00Z,4352.62,20779465917
2024-03-20T08:00:00Z,4393.11,19051864634
2024-03-20T09:00:00Z,4405.22,20572084234
2024-03-20T10:00:00Z,4415.51,20484502197
2024-03-20T11:00:00Z,4433.71,20393926949
2024-03-20T12:00:00Z,4428.99,19372400293
2024-03-20T13:00:00Z,4364.37,19379926057
2024-03-20T14:00:00Z,4373.06,20544288986
2024-03-20T15:00:00Z,4412.09,19160278156
2024-03-20T16:00:00Z,4364.19,20589208447
2024-03-20T17:00:00Z,4379.52,19040422650
2024-03-20T18:00:00Z,4348.7,20412820773
2024-03-20T19:00:00Z,4351.33,19357233240
2024-03-20T20:00:00Z,4341.49,20815244952
2024-03-20T21:00:00Z,4310.6,20444804681
2024-03-20T22:00:00Z,4276.37,19416405198
2024-03-20T23:00:00Z,4314.62,20073398159
2024-03-21T00:00:00Z,4297.45,20635214394
2024-03-21T01:00:00Z,4296.77,20295512867
2024-03-21T02:00:00Z,4298.07,19321497359
2024-03-21T03:00:00Z,4248.07,20814812131
2024-03-21T04:00:00Z,4191.13,19662661780
2024-03-21T05:00:00Z,4166.23,20392191756
2024-03-21T06:00:00Z,4198.57,20408038106
2024-03-21T07:00:00Z,4141.65,19166485236
2024-03-21T08:00:00Z,4159.03,20821035678
2024-03-21T09:00:00Z,4182.93,20190906796
2024-03-21T10:00:00Z,4209.27,19639902858
2024-03-21T11:00:00Z,4246.13,20713432793
2024-03-21T12:00:00Z,4243.08,19886753589
2024-03-21T13:00:00Z,4246.09,19830002779
2024-03-21T14:00:00Z,4248.82,19620962834
2024-03-21T15:00:00Z,4194.46,19617479366
2024-03-21T16:00:00Z,4229.99,20308472552
2024-03-21T17:00:00Z,4283.33,19335804221
2024-03-21T18:00:00Z,4269.91,20164972383
2024-03-21T19:00:00Z,4290.42,19658774786
2024-03-21T20:00:00Z,4261.41,19754434446
2024-03-21T21:00:00Z,4272.93,19877783989
2024-03-21T22:00:00Z,4256.29,19554410920
2024-03-21T23:00:00Z,4255.95,19268857348
2024-03-22T00:00:00Z,4198.98,20539045299
2024-03-22T01:00:00Z,4137.82,20855526427
2024-03-22T02:00:00Z,4139.49,20019040749
2024-03-22T03:00:00Z,4107.71,19290331572
2024-03-22T04:00:00Z,4162.12,20880041126
2024-03-22T05:00:00Z,4158.54,20930938637
2024-03-22T06:00:00Z,4120.35,19491664477
2024-03-22T07:00:00Z,4163.7,20672685031
2024-03-22T08:00:00Z,4180.93,19533486318
2024-03-22T09:00:00Z,4189.32,19816594615
2024-03-22T10:00:00Z,4139.08,20138401361
2024-03-22T11:00:00Z,4197.69,19774682606
2024-03-22T12:00:00Z,4199.33,20855941136
2024-03-22T13:00:00Z,4156.98,20612686862
2024-03-22T14:00:00Z,4169.38,19800737526
2024-03-22T15:00:00Z,4113.6,19605412391
2024-03-22T16:00:00Z,4102.43,20230304086
2024-03-22T17:00:00Z,4128.89,20496465929
2024-03-22T18:00:00Z,4115.94,20124332978
2024-03-22T19:00:00Z,4104.9,19966150383
2024-03-22T20:00:00Z,4149.83,20888142347
2024-03-22T21:00:00Z,4110.64,19137373541
2024-03-22T22:00:00Z,4163.85,20332365515
2024-03-22T23:00:00Z,4185.21,20370828011
2024-03-23T00:00:00Z,4130.08,20566584560
2024-03-23T01:00:00Z,4127.72,19860001946
2024-03-23T02:00:00Z,4099.53,19967209615
2024-03-23T03:00:00Z,4127.62,20799804040
2024-03-23T04:00:00Z,4184.97,20534071734
2024-03-23T05:00:00Z,4198.15,20664007389
2024-03-23T06:00:00Z,4176.86,20847629093
2024-03-23T07:00:00Z,4192.76,19237514771
2024-03-23T08:00:00Z,4149.61,20990699664
2024-03-23T09:00:00Z,4168.45,20506998284
2024-03-23T10:00:00Z,4213.6,20208531452
2024-03-23T11:00:00Z,4208.98,19128407089
2024-03-23T12:00:00Z,4271.08,19339822156
2024-03-23T13:00:00Z,4292.85,20389346195
2024-03-23T14:00:00Z,4294.08,19576773273
2024-03-23T15:00:00Z,4268.44,19364963295
2024-03-23T16:00:00Z,4254.39,20815795004
2024-03-23T17:00:00Z,4279.83,20838108037
2024-03-23T18:00:00Z,4241.04,19168758103
2024-03-23T19:00:00Z,4185.52,20496388243
2024-03-23T20:00:00Z,4188.14,19891281541
2024-03-23T21:00:00Z,4182.44,20717185366
2024-03-23T22:00:00Z,4167.5,19221952999
2024-03-23T23:00:00Z,4181.51,20404202743
2024-03-24T00:00:00Z,4181.69,20923378380
2024-03-24T01:00:00Z,4151.22,20222454038
2024-03-24T02:00:00Z,4201.67,19578796577
2024-03-24T03:00:00Z,4148.0,19838712990
2024-03-24T04:00:00Z,4192.11,19415349582
2024-03-24T05:00:00Z,4210.34,20778961215
2024-03-24T06:00:00Z,4184.22,20370868014
2024-03-24T07:00:00Z,4236.47,19483089375
2024-03-24T08:00:00Z,4251.46,19630892376
2024-03-24T09:00:00Z,4224.8,19567347431
2024-03-24T10:00:00Z,4198.35,20395589470
2024-03-24T11:00:00Z,4254.46,20955448247
2024-03-24T12:00:00Z,4291.74,20662497953
2024-03-24T13:00:00Z,4344.88,20712655412
2024-03-24T14:00:00Z,4386.92,20316845586
2024-03-24T15:00:00Z,4339.89,19461430874
2024-03-24T16:00:00Z,4279.12,19670046739
2024-03-24T17:00:00Z,4311.3,20454770910
2024-03-24T18:00:00Z,4358.42,19351664261
2024-03-24T19:00:00Z,4325.61,19123742193
2024-03-24T20:00:00Z,4288.13,20407056677
2024-03-24T21:00:00Z,4249.16,20210221655
2024-03-24T22:00:00Z,4192.78,19079792471
2024-03-24T23:00:00Z,4246.22,20270868168
2024-03-25T00:00:00Z,4236.85,19565995445
2024-03-25T01:00:00Z,4298.54,19946894164
2024-03-25T02:00:00Z,4314.02,19465359419
2024-03-25T03:00:00Z,4266.83,20329965417
2024-03-25T04:00:00Z,4309.66,19435295162
2024-03-25T05:00:00Z,4285.3,20464993682
2024-03-25T06:00:00Z,4317.65,19929834875
2024-03-25T07:00:00Z,4274.2,20787873951
2024-03-25T08:00:00Z,4243.11,20056954728
2024-03-25T09:00:00Z,4237.1,20704773652
2024-03-25T10:00:00Z,4234.59,20006469681
2024-03-25T11:00:00Z,4208.09,20526064896
2024-03-25T12:00:00Z,4150.93,20119034814
2024-03-25T13:00:00Z,4171.08,19861982222
2024-03-25T14:00:00Z,4189.47,20892405228
2024-03-25T15:00:00Z,4174.07,20801676888
2024-03-25T16:00:00Z,4167.11,19353427559
2024-03-25T17:00:00Z,4137.39,20935283835
2024-03-25T18:00:00Z,4165.34,20375834530
2024-03-25T19:00:00Z,4191.46,20096492109
2024-03-25T20:00:00Z,4155.23,19028427920
2024-03-25T21:00:00Z,4152.39,20693332047
2024-03-25T22:00:00Z,4168.78,20917429216
2024-03-25T23:00:00Z,4152.05,19563675934
2024-03-26T00:00:00Z,4135.91,20507642346
2024-03-26T01:00:00Z,4167.15,20898881620
2024-03-26T02:00:00Z,4161.94,19679193126
2024-03-26T03:00:00Z,4172.03,20561600792
2024-03-26T04:00:00Z,4133.65,20422639531
2024-03-26T05:00:00Z,4136.5,19155010219
2024-03-26T06:00:00Z,4100.64,19180947855
2024-03-26T07:00:00Z,4045.27,20773408777
2024-03-26T08:00:00Z,4053.94,20889645216
2024-03-26T09:00:00Z,4017.4,19572776666
2024-03-26T10:00:00Z,4012.5,20606036680
2024-03-26T11:00:00Z,4002.05,20665144928
2024-03-26T12:00:00Z,3957.93,19956266605
2024-03-26T13:00:00Z,3917.75,20586536738
2024-03-26T14:00:00Z,3867.56,20400902315
2024-03-26T15:00:00Z,3907.33,20685152373
2024-03-26T16:00:00Z,3949.74,19334914904
2024-03-26T17:00:00Z,3910.49,20265634552
2024-03-26T18:00:00Z,3962.1,20492107217
2024-03-26T19:00:00Z,3928.16,20942528870
2024-03-26T20:00:00Z,3893.42,20240140320
2024-03-26T21:00:00Z,3877.07,20429158080
2024-03-26T22:00:00Z,3872.12,20895793287
2024-03-26T23:00:00Z,3818.17,20455589847
2024-03-27T00:00:00Z,3791.01,19585345555
2024-03-27T01:00:00Z,3779.23,20913950624
2024-03-27T02:00:00Z,3741.57,19685981879
2024-03-27T03:00:00Z,3776.42,19563397009
2024-03-27T04:00:00Z,3746.14,19250077083
2024-03-27T05:00:00Z,3721.5,19161499756
2024-03-27T06:00:00Z,3718.85,20944618425
2024-03-27T07:00:00Z,3704.24,20768109645
2024-03-27T08:00:00Z,3668.46,19581307506
2024-03-27T09:00:00Z,3708.05,19665486445
2024-03-27T10:00:00Z,3711.53,19637612787
2024-03-27T11:00:00Z,3678.73,20383184859
2024-03-27T12:00:00Z,3719.34,20775421208
2024-03-27T13:00:00Z,3763.59,20130572398
2024-03-27T14:00:00Z,3788.6,19243983721
2024-03-27T15:00:00Z,3748.04,20080064888
2024-03-27T16:00:00Z,3769.31,20750562845
2024-03-27T17:00:00Z,3731.13,19008568708
2024-03-27T18:00:00Z,3716.8,19381890635
2024-03-27T19:00:00Z,3755.66,19140891921
2024-03-27T20:00:00Z,3752.3,20499099957
2024-03-27T21:00:00Z,3717.33,20015138803
2024-03-27T22:00:00Z,3677.21,19846603171
2024-03-27T23:00:00Z,3702.23,19566812467
2024-03-28T00:00:00Z,3695.45,20274676007
2024-03-28T01:00:00Z,3701.5,20958943078
2024-03-28T02:00:00Z,3718.45,19173089440
2024-03-28T03:00:00Z,3769.42,19773973318
2024-03-28T04:00:00Z,3809.08,19914442443
2024-03-28T05:00:00Z,3796.29,19823419058
2024-03-28T06:00:00Z,3798.85,19275355437
2024-03-28T07:00:00Z,3819.3,20316909561
2024-03-28T08:00:00Z,3837.18,19710483852
2024-03-28T09:00:00Z,3805.17,20718577369
2024-03-28T10:00:00Z,3826.48,20470444705
2024-03-28T11:00:00Z,3827.61,20701314750
2024-03-28T12:00:00Z,3777.79,19159217319
2024-03-28T13:00:00Z,3767.8,19827747776
2024-03-28T14:00:00Z,3790.09,20154427162
2024-03-28T15:00:00Z,3833.14,19756197563
2024-03-28T16:00:00Z,3867.87,20527884850
2024-03-28T17:00:00Z,3854.25,19782475975
2024-03-28T18:00:00Z,3805.96,19588717764
2024-03-28T19:00:00Z,3777.68,19406345944
2024-03-28T20:00:00Z,3754.17,20889272790
2024-03-28T21:00:00Z,3802.32,19815079100
2024-03-28T22:00:00Z,3843.18,20679976749
2024-03-28T23:00:00Z,3871.79,20184062304
2024-03-29T00:00:00Z,3928.52,20029849819
2024-03-29T01:00:00Z,3895.8,20943070296
2024-03-29T02:00:00Z,3930.49,20510292888
2024-03-29T03:00:00Z,3987.13,20574948023
2024-03-29T04:00:00Z,3990.43,19833536513
2024-03-29T05:00:00Z,3982.12,19039220587
2024-03-29T06:00:00Z,4031.32,19442506914
2024-03-29T07:00:00Z,4062.33,20894549772
2024-03-29T08:00:00Z,4118.91,20701290866
2024-03-29T09:00:00Z,4080.72,19422701351
2024-03-29T10:00:00Z,4060.37,19565742125
2024-03-29T11:00:00Z,4007.14,20363443771
2024-03-29T12:00:00Z,4047.59,20275547521
2024-03-29T13:00:00Z,4032.87,19888802988
2024-03-29T14:00:00Z,4038.93,20037099636
2024-03-29T15:00:00Z,4034.22,19945161630
2024-03-29T16:00:00Z,4029.99,20532265294
2024-03-29T17:00:00Z,3978.15,19832356885
2024-03-29T18:00:00Z,3945.23,20143395670
2024-03-29T19:00:00Z,3887.54,20449498603
2024-03-29T20:00:00Z,3846.92,20895721428
2024-03-29T21:00:00Z,3802.29,20397346721
2024-03-29T22:00:00Z,3793.9,20653925693
2024-03-29T23:00:00Z,3764.52,20284033979
2024-03-30T00:00:00Z,3813.42,20020022929
2024-03-30T01:00:00Z,3822.6,19358936573
2024-03-30T02:00:00Z,3766.19,19073637382
2024-03-30T03:00:00Z,3749.58,19696777400
2024-03-30T04:00:00Z,3734.36,20509681951
2024-03-30T05:00:00Z,3691.93,19135152522
2024-03-30T06:00:00Z,3683.98,19866835307
2024-03-30T07:00:00Z,3688.98,19610450666
2024-03-30T08:00:00Z,3646.33,20220668170
2024-03-30T09:00:00Z,3649.06,20340721964
2024-03-30T10:00:00Z,3673.66,20902822349
2024-03-30T11:00:00Z,3646.78,20515133564
2024-03-30T12:00:00Z,3690.51,20287925761
2024-03-30T13:00:00Z,3743.38,19424321272
2024-03-30T14:00:00Z,3726.43,19548691842
2024-03-30T15:00:00Z,3683.41,19404531324
2024-03-30T16:00:00Z,3678.28,19952574971
2024-03-30T17:00:00Z,3722.29,19059139133
2024-03-30T18:00:00Z,3701.65,20716950153
2024-03-30T19:00:00Z,3664.44,20701898604
2024-03-30T20:00:00Z,3670.39,19370515974
2024-03-30T21:00:00Z,3713.89,19296066518
2024-03-30T22:00:00Z,3762.55,19302083821
2024-03-30T23:00:00Z,3765.21,20266484060
2024-03-31T00:00:00Z,3732.11,19899697059
2024-03-31T01:00:00Z,3705.51,20507090284
2024-03-31T02:00:00Z,3752.22,20280588831
2024-03-31T03:00:00Z,3778.49,19432811911
2024-03-31T04:00:00Z,3761.86,19616348188
2024-03-31T05:00:00Z,3776.61,20903436800
2024-03-31T06:00:00Z,3816.68,19425372641
2024-03-31T07:00:00Z,3847.81,20798133467
2024-03-31T08:00:00Z,3809.15,20546754362
2024-03-31T09:00:00Z,3816.48,19156095118
2024-03-31T10:00:00Z,3764.57,19867301231
2024-03-31T11:00:00Z,3779.55,19620632896
2024-03-31T12:00:00Z,3733.37,19762859360
2024-03-31T13:00:00Z,3743.95,20670713212
2024-03-31T14:00:00Z,3745.52,20866795155
2024-03-31T15:00:00Z,3783.97,19481163873
2024-03-31T16:00:00Z,3814.93,20476451359
2024-03-31T17:00:00Z,3806.23,19187155284
2024-03-31T18:00:00Z,3796.66,19363532165
2024-03-31T19:00:00Z,3789.57,19998425078
2024-03-31T20:00:00Z,3763.73,20572816866
2024-03-31T21:00:00Z,3814.3,20416347123
2024-03-31T22:00:00Z,3808.92,19517246832
2024-03-31T23:00:00Z,3846.86,20810691223
2024-04-01T00:00:00Z,3867.72,20241268484
2024-04-01T01:00:00Z,3812.85,19605501900
2024-04-01T02:00:00Z,3855.8,20462321205
2024-04-01T03:00:00Z,3825.34,20459539946
2024-04-01T04:00:00Z,3800.95,20395225570
2024-04-01T05:00:00Z,3810.96,20219335629
2024-04-01T06:00:00Z,3810.4,19030116578
2024-04-01T07:00:00Z,3755.89,20232496408
2024-04-01T08:00:00Z,3762.6,19082689933
2024-04-01T09:00:00Z,3800.73,20747683560
2024-04-01T10:00:00Z,3758.53,19262160966
2024-04-01T11:00:00Z,3806.64,19686488637
2024-04-01T12:00:00Z,3795.17,20939679391
2024-04-01T13:00:00Z,3822.0,20964707006
2024-04-01T14:00:00Z,3771.33,19097592664
2024-04-01T15:00:00Z,3765.29,19509281658
2024-04-01T16:00:00Z,3817.36,19970902210
2024-04-01T17:00:00Z,3818.07,20008458932
2024-04-01T18:00:00Z,3871.45,19589451607
2024-04-01T19:00:00Z,3819.49,19941981018
2024-04-01T20:00:00Z,3814.68,20982372757
2024-04-01T21:00:00Z,3774.49,20385587352
2024-04-01T22:00:00Z,3752.51,20835269664
2024-04-01T23:00:00Z,3755.63,20764569222
2024-04-02T00:00:00Z,3717.17,20471885496
2024-04-02T01:00:00Z,3729.58,20534450932
2024-04-02T02:00:00Z,3785.14,20028092985
2024-04-02T03:00:00Z,3836.01,19541421093
2024-04-02T04:00:00Z,3801.62,19315171137
2024-04-02T05:00:00Z,3781.95,20403155277
2024-04-02T06:00:00Z,3732.25,19605488305
2024-04-02T07:00:00Z,3737.07,20894316369
2024-04-02T08:00:00Z,3746.29,19391093776
2024-04-02T09:00:00Z,3694.96,20507409411
2024-04-02T10:00:00Z,3723.29,20151400049
2024-04-02T11:00:00Z,3722.59,20939324876
2024-04-02T12:00:00Z,3698.14,19989651082
2024-04-02T13:00:00Z,3698.03,19369626373
2024-04-02T14:00:00Z,3652.89,20678126934
2024-04-02T15:00:00Z,3605.6,20662837485
2024-04-02T16:00:00Z,3588.61,20707442593
2024-04-02T17:00:00Z,3608.78,20839893114
2024-04-02T18:00:00Z,3591.95,20352556568
2024-04-02T19:00:00Z,3554.64,20104527581
2024-04-02T20:00:00Z,3567.89,20291335678
2024-04-02T21:00:00Z,3592.94,20718967837
2024-04-02T22:00:00Z,3629.76,20262110820
2024-04-02T23:00:00Z,3623.6,20776158878
2024-04-03T00:00:00Z,3653.42,19469207065
2024-04-03T01:00:00Z,3608.79,20583064521
2024-04-03T02:00:00Z,3613.0,19697935476
2024-04-03T03:00:00Z,3575.79,19414920284
2024-04-03T04:00:00Z,3607.22,20541162186
2024-04-03T05:00:00Z,3621.33,20914455831
2024-04-03T06:00:00Z,3666.37,20413033148
2024-04-03T07:00:00Z,3718.02,19367654859
2024-04-03T08:00:00Z,3693.76,20469808998
2024-04-03T09:00:00Z,3719.78,20874324787
2024-04-03T10:00:00Z,3743.72,19601748454
2024-04-03T11:00:00Z,3709.37,20232054020
2024-04-03T12:00:00Z,3693.66,19036686213
2024-04-03T13:00:00Z,3654.67,19258631573
2024-04-03T14:00:00Z,3682.53,19574447604
2024-04-03T15:00:00Z,3645.27,20033720149
2024-04-03T16:00:00Z,3656.35,19907304263
2024-04-03T17:00:00Z,3609.17,19162668193
2024-04-03T18:00:00Z,3612.72,19431610428
2024-04-03T19:00:00Z,3573.21,19344078152
2024-04-03T20:00:00Z,3606.22,19777485219
2024-04-03T21:00:00Z,3557.84,19669196521
2024-04-03T22:00:00Z,3568.75,20704983436
2024-04-03T23:00:00Z,3526.78,20793484675
2024-04-04T00:00:00Z,3556.63,20339586237
2024-04-04T01:00:00Z,3546.18,20018655908
2024-04-04T02:00:00Z,3556.35,19282074464
2024-04-04T03:00:00Z,3531.95,19866049158
2024-04-04T04:00:00Z,3557.99,19945301012
2024-04-04T05:00:00Z,3610.6,19552924851
2024-04-04T06:00:00Z,3578.18,19278476269
2024-04-04T07:00:00Z,3617.03,19302558928
2024-04-04T08:00:00Z,3661.3,20153598709
2024-04-04T09:00:00Z,3715.15,20572708444
2024-04-04T10:00:00Z,3717.91,19923277716
2024-04-04T11:00:00Z,3738.9,19967868764
2024-04-04T12:00:00Z,3705.52,20602987761
2024-04-04T13:00:00Z,3687.46,19330664316
2024-04-04T14:00:00Z,3726.98,20881042591
2024-04-04T15:00:00Z,3683.45,19228537855
2024-04-04T16:00:00Z,3657.09,20135259260
2024-04-04T17:00:00Z,3656.48,19709551784
2024-04-04T18:00:00Z,3616.22,20470585716
2024-04-04T19:00:00Z,3654.54,19571039954
2024-04-04T20:00:00Z,3628.73,19037685554
2024-04-04T21:00:00Z,3611.21,19702918587
2024-04-04T22:00:00Z,3562.84,19024456826
2024-04-04T23:00:00Z,3599.65,19057191281
2024-04-05T00:00:00Z,3643.45,19390859199
2024-04-05T01:00:00Z,3599.5,19350753922
2024-04-05T02:00:00Z,3586.69,19858715405
2024-04-05T03:00:00Z,3613.61,20831168778
2024-04-05T04:00:00Z,3656.21,20852606284
2024-04-05T05:00:00Z,3624.89,20051647274
2024-04-05T06:00:00Z,3652.7,19555149785
2024-04-05T07:00:00Z,3703.84,20442256847
2024-04-05T08:00:00Z,3703.46,20516082403
2024-04-05T09:00:00Z,3735.35,20790931359
2024-04-05T10:00:00Z,3701.33,20888993076
2024-04-05T11:00:00Z,3672.0,19051089571
2024-04-05T12:00:00Z,3637.34,20041069716
2024-04-05T13:00:00Z,3583.26,20009362043
2024-04-05T14:00:00Z,3633.85,19449175354
2024-04-05T15:00:00Z,3679.37,20479061166
2024-04-05T16:00:00Z,3659.81,19954288832
2024-04-05T17:00:00Z,3605.53,19870723848
2024-04-05T18:00:00Z,3637.56,20182261990
2024-04-05T19:00:00Z,3610.4,19437059424
2024-04-05T20:00:00Z,3629.12,20113320960
2024-04-05T21:00:00Z,3667.86,19564573474
2024-04-05T22:00:00Z,3690.57,19809215262
2024-04-05T23:00:00Z,3660.7,20647808230
2024-04-06T00:00:00Z,3612.26,20526401910
2024-04-06T01:00:00Z,3588.21,19612486693
2024-04-06T02:00:00Z,3608.38,19184562035
2024-04-06T03:00:00Z,3649.81,20608084791
2024-04-06T04:00:00Z,3658.84,19937312874
2024-04-06T05:00:00Z,3610.26,20943205700
2024-04-06T06:00:00Z,3646.09,20632366768
2024-04-06T07:00:00Z,3644.12,19385104387
2024-04-06T08:00:00Z,3625.17,20025208789
2024-04-06T09:00:00Z,3668.07,20330690665
2024-04-06T10:00:00Z,3688.0,19055955846
2024-04-06T11:00:00Z,3721.43,20778895590
2024-04-06T12:00:00Z,3751.65,20562254040
2024-04-06T13:00:00Z,3771.14,19796771250
2024-04-06T14:00:00Z,3765.16,19178983170
2024-04-06T15:00:00Z,3818.26,19838681068
2024-04-06T16:00:00Z,3816.93,19010700059
2024-04-06T17:00:00Z,3871.16,19209720566
2024-04-06T18:00:00Z,3902.37,20062736348
2024-04-06T19:00:00Z,3846.98,20214384921
2024-04-06T20:00:00Z,3827.95,20646349800
2024-04-06T21:00:00Z,3776.69,19120330828
2024-04-06T22:00:00Z,3726.01,19561711326
2024-04-06T23:00:00Z,3765.63,20253730089
2024-04-07T00:00:00Z,3739.15,19345355738
2024-04-07T01:00:00Z,3683.97,19379093040
2024-04-07T02:00:00Z,3704.83,19800726063
2024-04-07T03:00:00Z,3737.98,20529419785
2024-04-07T04:00:00Z,3696.12,20708269110
2024-04-07T05:00:00Z,3683.37,19491282961
2024-04-07T06:00:00Z,3706.64,20932650451
2024-04-07T07:00:00Z,3734.9,19801390483
2024-04-07T08:00:00Z,3784.64,20796401187
2024-04-07T09:00:00Z,3732.49,20288986421
2024-04-07T10:00:00Z,3770.54,20747676682
2024-04-07T11:00:00Z,3786.15,20327698266
2024-04-07T12:00:00Z,3785.84,19484147906
2024-04-07T13:00:00Z,3789.76,19481603818
2024-04-07T14:00:00Z,3739.3,20128291320
2024-04-07T15:00:00Z,3713.78,19000200811
2024-04-07T16:00:00Z,3736.35,20632930485
2024-04-07T17:00:00Z,3750.43,20648534878
2024-04-07T18:00:00Z,3750.2,20566953630
2024-04-07T19:00:00Z,3720.51,20790671231
2024-04-07T20:00:00Z,3681.56,20729835688
2024-04-07T21:00:00Z,3666.42,20859022372
2024-04-07T22:00:00Z,3624.92,20330846946
2024-04-07T23:00:00Z,3634.64,20988504718
2024-04-08T00:00:00Z,3656.25,19146906201
2024-04-08T01:00:00Z,3701.18,19372514489
2024-04-08T02:00:00Z,3682.18,20592363186
2024-04-08T03:00:00Z,3711.13,19695558475
2024-04-08T04:00:00Z,3732.07,20981702670
2024-04-08T05:00:00Z,3751.78,19933417656
2024-04-08T06:00:00Z,3717.43,19691942823
2024-04-08T07:00:00Z,3733.13,19626242633
2024-04-08T08:00:00Z,3680.78,20834482251
2024-04-08T09:00:00Z,3664.95,20687573152
2024-04-08T10:00:00Z,3684.91,20113284003
2024-04-08T11:00:00Z,3689.51,20720312205
2024-04-08T12:00:00Z,3702.97,19450442450
2024-04-08T13:00:00Z,3706.67,20554763006
2024-04-08T14:00:00Z,3675.41,19824425766
2024-04-08T15:00:00Z,3635.26,20338951787
2024-04-08T16:00:00Z,3662.49,19443323624
2024-04-08T17:00:00Z,3716.77,19272977600
2024-04-08T18:00:00Z,3681.77,19053556950
2024-04-08T19:00:00Z,3727.15,20359751877
2024-04-08T20:00:00Z,3774.4,19387269666
2024-04-08T21:00:00Z,3760.05,20490072157
2024-04-08T22:00:00Z,3752.79,20974812403
2024-04-08T23:00:00Z,3786.84,20980240918
2024-04-09T00:00:00Z,3749.16,19911430936
2024-04-09T01:00:00Z,3711.37,20883067986
2024-04-09T02:00:00Z,3661.5,19692497156
2024-04-09T03:00:00Z,3707.06,20596530520
2024-04-09T04:00:00Z,3750.43,20991848580
2024-04-09T05:00:00Z,3710.52,20648234440
2024-04-09T06:00:00Z,3660.46,19900441003
2024-04-09T07:00:00Z,3713.78,19781226884
2024-04-09T08:00:00Z,3750.41,19347352786
2024-04-09T09:00:00Z,3804.11,19239752355
2024-04-09T10:00:00Z,3841.94,20264186407
2024-04-09T11:00:00Z,3807.89,20069930475
2024-04-09T12:00:00Z,3789.59,20202872527
2024-04-09T13:00:00Z,3774.27,19194103892
2024-04-09T14:00:00Z,3752.89,20161967748
2024-04-09T15:00:00Z,3700.77,19407162039
2024-04-09T16:00:00Z,3745.99,19248819036
2024-04-09T17:00:00Z,3782.02,20770389290
2024-04-09T18:00:00Z,3798.45,19726749141
2024-04-09T19:00:00Z,3829.48,19883505140
2024-04-09T20:00:00Z,3779.9,20359741903
2024-04-09T21:00:00Z,3821.77,20495976094
2024-04-09T22:00:00Z,3783.18,20461968792
2024-04-09T23:00:00Z,3765.95,20418340533
2024-04-10T00:00:00Z,3764.91,19897068450
2024-04-10T01:00:00Z,3715.35,20543364631
2024-04-10T02:00:00Z,3729.28,20480837304
2024-04-10T03:00:00Z,3764.75,20250322895
2024-04-10T04:00:00Z,3811.32,20259086690
2024-04-10T05:00:00Z,3800.21,20653570929
2024-04-10T06:00:00Z,3759.94,20655262537
2024-04-10T07:00:00Z,3706.97,20307252799
2024-04-10T08:00:00Z,3744.08,19132242665
2024-04-10T09:00:00Z,3757.94,19560168873
2024-04-10T10:00:00Z,3719.54,19358402599
2024-04-10T11:00:00Z,3730.58,19614462731
2024-04-10T12:00:00Z,3736.65,19759356128
2024-04-10T13:00:00Z,3736.65,20852555096
2024-04-10T14:00:00Z,3783.01,20489370583
2024-04-10T15:00:00Z,3783.02,20864655422
2024-04-10T16:00:00Z,3750.93,20871011854
2024-04-10T17:00:00Z,3781.64,19944274476
2024-04-10T18:00:00Z,3755.45,19800294110
2024-04-10T19:00:00Z,3741.35,19756166222
2024-04-10T20:00:00Z,3779.84,20170106572
2024-04-10T21:00:00Z,3821.43,19605537455
2024-04-10T22:00:00Z,3778.87,20215822736
2024-04-10T23:00:00Z,3794.66,19615676771
2024-04-11T00:00:00Z,3835.82,19125271159
2024-04-11T01:00:00Z,3824.57,19192039645
2024-04-11T02:00:00Z,3858.93,19564987362
2024-04-11T03:00:00Z,3876.93,19069191852
2024-04-11T04:00:00Z,3822.59,19163920754
2024-04-11T05:00:00Z,3873.76,19458298795
2024-04-11T06:00:00Z,3821.47,20013900265
2024-04-11T07:00:00Z,3793.49,19657569748
2024-04-11T08:00:00Z,3770.41,19234839479
2024-04-11T09:00:00Z,3714.22,19119312029
2024-04-11T10:00:00Z,3736.69,19922156621
2024-04-11T11:00:00Z,3704.42,20337855231
2024-04-11T12:00:00Z,3758.08,19069695914
2024-04-11T13:00:00Z,3740.97,20682767271
2024-04-11T14:00:00Z,3710.42,19024064191
2024-04-11T15:00:00Z,3687.05,19445608535
2024-04-11T16:00:00Z,3693.94,20628182637
2024-04-11T17:00:00Z,3686.47,20953076653
2024-04-11T18:00:00Z,3713.51,19059807799
2024-04-11T19:00:00Z,3718.92,19585741715
2024-04-11T20:00:00Z,3755.8,19056895939
2024-04-11T21:00:00Z,3786.27,20128998564
2024-04-11T22:00:00Z,3731.46,19446075087
2024-04-11T23:00:00Z,3708.71,20833044392
2024-04-12T00:00:00Z,3741.78,20494079168
2024-04-12T01:00:00Z,3775.86,20787178231
2024-04-12T02:00:00Z,3768.52,19159750859
2024-04-12T03:00:00Z,3801.61,20950425095
2024-04-12T04:00:00Z,3854.7,20948320358
2024-04-12T05:00:00Z,3801.04,20015826562
2024-04-12T06:00:00Z,3832.42,20386076583
2024-04-12T07:00:00Z,3888.64,19322371930
2024-04-12T08:00:00Z,3842.08,19054810875
2024-04-12T09:00:00Z,3875.14,20101282611
2024-04-12T10:00:00Z,3893.67,19723157405
2024-04-12T11:00:00Z,3845.65,20524395079
2024-04-12T12:00:00Z,3860.61,20457701364
2024-04-12T13:00:00Z,3910.03,20574777770
2024-04-12T14:00:00Z,3903.02,20486476245
2024-04-12T15:00:00Z,3854.7,19130161731
2024-04-12T16:00:00Z,3872.25,19908937879
2024-04-12T17:00:00Z,3850.98,19499053223
2024-04-12T18:00:00Z,3861.1,20630628486
2024-04-12T19:00:00Z,3866.94,20629649146
2024-04-12T20:00:00Z,3850.01,20055097810
2024-04-12T21:00:00Z,3856.71,20562625924
2024-04-12T22:00:00Z,3873.68,19602385346
2024-04-12T23:00:00Z,3851.36,19854156217
2024-04-13T00:00:00Z,3829.59,20700931752
2024-04-13T01:00:00Z,3815.41,19359720038
2024-04-13T02:00:00Z,3779.1,19463540584
2024-04-13T03:00:00Z,3826.25,19231132701
2024-04-13T04:00:00Z,3820.62,19428834250
2024-04-13T05:00:00Z,3850.49,20832833920
2024-04-13T06:00:00Z,3888.19,20951346353
2024-04-13T07:00:00Z,3893.44,20563130132
2024-04-13T08:00:00Z,3858.51,20711442705
2024-04-13T09:00:00Z,3803.09,20277272457
2024-04-13T10:00:00Z,3812.21,20933590232
2024-04-13T11:00:00Z,3794.05,19047832114
2024-04-13T12:00:00Z,3831.4,20181426128
2024-04-13T13:00:00Z,3843.47,20642300875
2024-04-13T14:00:00Z,3841.13,20344113756
2024-04-13T15:00:00Z,3865.97,20259413699
2024-04-13T16:00:00Z,3880.81,20185039722
2024-04-13T17:00:00Z,3860.82,19845709133
2024-04-13T18:00:00Z,3848.31,19748290039
2024-04-13T19:00:00Z,3875.51,20726528244
2024-04-13T20:00:00Z,3919.9,19905589112
2024-04-13T21:00:00Z,3873.07,19785619760
2024-04-13T22:00:00Z,3867.29,20681530824
2024-04-13T23:00:00Z,3849.11,20490563785
2024-04-14T00:00:00Z,3801.36,20534044005
2024-04-14T01:00:00Z,3808.06,20842887396
2024-04-14T02:00:00Z,3780.06,20486061527
2024-04-14T03:00:00Z,3835.49,20991466514
2024-04-14T04:00:00Z,3889.7,19394153991
2024-04-14T05:00:00Z,3855.68,20326728294
2024-04-14T06:00:00Z,3827.57,19802939930
2024-04-14T07:00:00Z,3783.43,20832448367
2024-04-14T08:00:00Z,3834.46,19814345809
2024-04-14T09:00:00Z,3840.71,20280751407
2024-04-14T10:00:00Z,3811.35,20339443471
2024-04-14T11:00:00Z,3853.5,19778370942
2024-04-14T12:00:00Z,3848.25,19417192136
2024-04-14T13:00:00Z,3811.89,20659334865
2024-04-14T14:00:00Z,3848.06,20533687234
2024-04-14T15:00:00Z,3798.7,19657818036
2024-04-14T16:00:00Z,3850.13,20253440634
2024-04-14T17:00:00Z,3818.64,19447966867
2024-04-14T18:00:00Z,3872.7,19077476714
2024-04-14T19:00:00Z,3922.12,20679365007
2024-04-14T20:00:00Z,3948.7,20046509831
2024-04-14T21:00:00Z,3907.46,20405932085
2024-04-14T22:00:00Z,3947.68,20367284669
2024-04-14T23:00:00Z,3974.98,19957001493
2024-04-15T00:00:00Z,3935.13,19673201517
2024-04-15T01:00:00Z,3957.23,20092968916
2024-04-15T02:00:00Z,3905.94,19125688574
2024-04-15T03:00:00Z,3935.73,19023130605
2024-04-15T04:00:00Z,3989.12,19860113290
2024-04-15T05:00:00Z,3937.67,19195422524
2024-04-15T06:00:00Z,3926.12,20390129223
2024-04-15T07:00:00Z,3944.91,20159732805
2024-04-15T08:00:00Z,3915.26,20516918225
2024-04-15T09:00:00Z,3947.58,19289053084
2024-04-15T10:00:00Z,4001.21,19836732598
2024-04-15T11:00:00Z,4055.94,19236001015
2024-04-15T12:00:00Z,4092.7,20095859176
2024-04-15T13:00:00Z,4095.99,19210486889
2024-04-15T14:00:00Z,4067.5,20446620629
2024-04-15T15:00:00Z,4065.32,20065706782
2024-04-15T16:00:00Z,4125.3,19235359883
2024-04-15T17:00:00Z,4175.29,19609846526
2024-04-15T18:00:00Z,4233.8,20872902227
2024-04-15T19:00:00Z,4212.86,20277882990
2024-04-15T20:00:00Z,4218.01,19270357759
2024-04-15T21:00:00Z,4220.86,20519423247
2024-04-15T22:00:00Z,4247.02,19462795969
2024-04-15T23:00:00Z,4242.2,19504104695
2024-04-16T00:00:00Z,4205.27,20316938814
2024-04-16T01:00:00Z,4195.82,19993039105
2024-04-16T02:00:00Z,4223.44,19175053006
2024-04-16T03:00:00Z,4280.75,19104893416
2024-04-16T04:00:00Z,4331.69,19230365832
2024-04-16T05:00:00Z,4353.53,20196561521
2024-04-16T06:00:00Z,4399.82,19621607444
2024-04-16T07:00:00Z,4352.82,19353733196
2024-04-16T08:00:00Z,4393.61,20447508675
2024-04-16T09:00:00Z,4448.44,19179513019
2024-04-16T10:00:00Z,4403.86,19071299788
2024-04-16T11:00:00Z,4463.67,20116816429
2024-04-16T12:00:00Z,4463.46,20403780956
2024-04-16T13:00:00Z,4501.11,19310627673
2024-04-16T14:00:00Z,4499.04,19582805814
2024-04-16T15:00:00Z,4474.48,19106527682
2024-04-16T16:00:00Z,4495.32,20352309481
2024-04-16T17:00:00Z,4532.26,20572993993
2024-04-16T18:00:00Z,4567.09,19308373207
2024-04-16T19:00:00Z,4517.84,19402835391
2024-04-16T20:00:00Z,4508.11,20861753610
2024-04-16T21:00:00Z,4509.28,20286607605
2024-04-16T22:00:00Z,4550.39,19718327885
2024-04-16T23:00:00Z,4607.48,20585365692
2024-04-17T00:00:00Z,4567.37,20886177029
2024-04-17T01:00:00Z,4588.76,20403675231
2024-04-17T02:00:00Z,4575.51,19344730964
2024-04-17T03:00:00Z,4513.67,20432820548
2024-04-17T04:00:00Z,4556.63,19805403995
2024-04-17T05:00:00Z,4582.92,20881025806
2024-04-17T06:00:00Z,4606.52,19418996576
2024-04-17T07:00:00Z,4562.53,19556846608
2024-04-17T08:00:00Z,4555.36,20271790276
2024-04-17T09:00:00Z,4509.24,19732740165
2024-04-17T10:00:00Z,4468.7,20648835520
2024-04-17T11:00:00Z,4408.13,20385610414
2024-04-17T12:00:00Z,4390.59,19787784261
2024-04-17T13:00:00Z,4364.41,19910951152
2024-04-17T14:00:00Z,4387.96,20348373926
2024-04-17T15:00:00Z,4435.53,20791165209
2024-04-17T16:00:00Z,4393.34,19499412049
2024-04-17T17:00:00Z,4425.68,19191156221
2024-04-17T18:00:00Z,4466.22,19567880537
2024-04-17T19:00:00Z,4508.86,20268121560
2024-04-17T20:00:00Z,4497.41,20552130200
2024-04-17T21:00:00Z,4556.91,19623153989
2024-04-17T22:00:00Z,4617.94,20224005687
2024-04-17T23:00:00Z,4659.66,19924376275
2024-04-18T00:00:00Z,4658.68,19234411284
2024-04-18T01:00:00Z,4702.95,19332884392
2024-04-18T02:00:00Z,4688.34,20739637025
2024-04-18T03:00:00Z,4721.71,19557865116
2024-04-18T04:00:00Z,4666.14,20197776441
2024-04-18T05:00:00Z,4698.83,20074811793
2024-04-18T06:00:00Z,4677.08,20559940334
2024-04-18T07:00:00Z,4717.95,20369245401
2024-04-18T08:00:00Z,4730.15,20746384728
2024-04-18T09:00:00Z,4797.84,19767362191
2024-04-18T10:00:00Z,4866.38,20026059573
2024-04-18T11:00:00Z,4813.97,20626037133
2024-04-18T12:00:00Z,4861.89,20428368094
2024-04-18T13:00:00Z,4876.62,20789282571
2024-04-18T14:00:00Z,4891.51,20624844557
2024-04-18T15:00:00Z,4910.77,19722311318
2024-04-18T16:00:00Z,4866.76,20292240319
2024-04-18T17:00:00Z,4853.56,19460880608
2024-04-18T18:00:00Z,4793.55,20171772429
2024-04-18T19:00:00Z,4837.97,20980331362
2024-04-18T20:00:00Z,4780.78,20778899552
2024-04-18T21:00:00Z,4809.67,20103666921
2024-04-18T22:00:00Z,4842.2,20947538264
2024-04-18T23:00:00Z,4820.25,19734017537
2024-04-19T00:00:00Z,4888.8,19752232676
2024-04-19T01:00:00Z,4950.25,19199975168
2024-04-19T02:00:00Z,5023.74,20818219188
2024-04-19T03:00:00Z,4988.0,19691761981
2024-04-19T04:00:00Z,5044.24,19036669309
2024-04-19T05:00:00Z,5020.07,19866778834
2024-04-19T06:00:00Z,5087.82,20969122299
2024-04-19T07:00:00Z,5118.14,19824376627
2024-04-19T08:00:00Z,5155.14,19466131484
2024-04-19T09:00:00Z,5137.95,19669878288
2024-04-19T10:00:00Z,5125.16,20452924641
2024-04-19T11:00:00Z,5190.49,19792499479
2024-04-19T12:00:00Z,5214.21,19972330131
2024-04-19T13:00:00Z,5261.41,20211080096
2024-04-19T14:00:00Z,5250.11,20478506937
2024-04-19T15:00:00Z,5244.74,20369969468
2024-04-19T16:00:00Z,5269.32,19722441973
2024-04-19T17:00:00Z,5195.52,20161175652
2024-04-19T18:00:00Z,5209.69,19874342495
2024-04-19T19:00:00Z,5279.06,19388159501
2024-04-19T20:00:00Z,5256.12,19766405951
2024-04-19T21:00:00Z,5328.24,19668003561
2024-04-19T22:00:00Z,5407.6,20994003897
2024-04-19T23:00:00Z,5408.64,19739299088
2024-04-20T00:00:00Z,5409.16,19318340672
2024-04-20T01:00:00Z,5365.96,20951302642
2024-04-20T02:00:00Z,5442.31,19890470586
2024-04-20T03:00:00Z,5371.35,19428283943
2024-04-20T04:00:00Z,5305.66,20251373046
2024-04-20T05:00:00Z,5335.07,20044739390
2024-04-20T06:00:00Z,5341.54,19312665988
2024-04-20T07:00:00Z,5372.05,19480783255
2024-04-20T08:00:00Z,5435.17,20092020115
2024-04-20T09:00:00Z,5474.34,19637602049
2024-04-20T10:00:00Z,5477.83,19073512812
2024-04-20T11:00:00Z,5499.03,20236991302
2024-04-20T12:00:00Z,5576.11,20193953276
2024-04-20T13:00:00Z,5586.77,19892573410
2024-04-20T14:00:00Z,5582.05,19422305458
2024-04-20T15:00:00Z,5622.87,20832383027
2024-04-20T16:00:00Z,5669.92,20026320786
2024-04-20T17:00:00Z,5598.91,19993788210
2024-04-20T18:00:00Z,5679.53,20005594690
2024-04-20T19:00:00Z,5607.7,20842686589
2024-04-20T20:00:00Z,5550.84,19733059117
2024-04-20T21:00:00Z,5547.64,20798921775
2024-04-20T22:00:00Z,5630.29,20746108642
2024-04-20T23:00:00Z,5626.31,20234390784
2024-04-21T00:00:00Z,5694.16,20111062148
2024-04-21T01:00:00Z,5735.69,19891953997
2024-04-21T02:00:00Z,5760.96,19659306225
2024-04-21T03:00:00Z,5709.87,19083255202
2024-04-21T04:00:00Z,5685.42,19853732914
2024-04-21T05:00:00Z,5754.81,19390237975
2024-04-21T06:00:00Z,5770.34,19847204926
2024-04-21T07:00:00Z,5838.06,20144700790
2024-04-21T08:00:00Z,5836.01,20879929990
2024-04-21T09:00:00Z,5768.83,19149628205
2024-04-21T10:00:00Z,5756.48,19240560027
2024-04-21T11:00:00Z,5817.95,20070336616
2024-04-21T12:00:00Z,5892.77,20835407604
2024-04-21T13:00:00Z,5970.52,20302296373
2024-04-21T14:00:00Z,6010.8,20467623033
2024-04-21T15:00:00Z,5938.55,19349273865
2024-04-21T16:00:00Z,5966.67,19498639862
2024-04-21T17:00:00Z,5944.42,19519812705
2024-04-21T18:00:00Z,5919.57,20154776889
2024-04-21T19:00:00Z,5976.25,20322020678
2024-04-21T20:00:00Z,6064.38,19281044619
2024-04-21T21:00:00Z,6077.78,20479334138
2024-04-21T22:00:00Z,6161.76,19870380861
2024-04-21T23:00:00Z,6239.94,19459692125
2024-04-22T00:00:00Z,6182.71,20367039830
2024-04-22T01:00:00Z,6237.64,20480955964
2024-04-22T02:00:00Z,6168.47,19430302516
2024-04-22T03:00:00Z,6103.75,20160096451
2024-04-22T04:00:00Z,6179.04,19659794154
2024-04-22T05:00:00Z,6155.46,20187474159
2024-04-22T06:00:00Z,6133.04,20196739525
2024-04-22T07:00:00Z,6041.43,20516403160
2024-04-22T08:00:00Z,6129.78,19734326839
2024-04-22T09:00:00Z,6064.89,19774833343
2024-04-22T10:00:00Z,6014.52,20431374878
2024-04-22T11:00:00Z,5961.05,19426366043
2024-04-22T12:00:00Z,5938.7,20068526221
2024-04-22T13:00:00Z,5909.1,20870926728
2024-04-22T14:00:00Z,5889.63,20597327671
2024-04-22T15:00:00Z,5903.02,19364346117
2024-04-22T16:00:00Z,5909.87,20694020278
2024-04-22T17:00:00Z,5827.61,20575541167
2024-04-22T18:00:00Z,5782.88,20431412768
2024-04-22T19:00:00Z,5698.99,20634732684
2024-04-22T20:00:00Z,5624.47,19159551651
2024-04-22T21:00:00Z,5550.89,19081122587
2024-04-22T22:00:00Z,5484.58,19524104304
2024-04-22T23:00:00Z,5531.77,19474175393
2024-04-23T00:00:00Z,5459.55,19577053858
2024-04-23T01:00:00Z,5419.96,20668084194
2024-04-23T02:00:00Z,5431.99,19458649908
2024-04-23T03:00:00Z,5507.21,19765001735
2024-04-23T04:00:00Z,5457.44,20077095581
2024-04-23T05:00:00Z,5459.24,20299878957
2024-04-23T06:00:00Z,5403.9,19271866532
2024-04-23T07:00:00Z,5335.79,20384413376
2024-04-23T08:00:00Z,5265.67,20241286394
2024-04-23T09:00:00Z,5221.61,20345914249
2024-04-23T10:00:00Z,5212.11,20075865219
2024-04-23T11:00:00Z,5288.28,19655153457
2024-04-23T12:00:00Z,5333.03,19030446164
2024-04-23T13:00:00Z,5328.05,19159716160
2024-04-23T14:00:00Z,5335.85,20252452900
2024-04-23T15:00:00Z,5262.37,19558499296
2024-04-23T16:00:00Z,5246.11,19630337592
2024-04-23T17:00:00Z,5215.23,20864793555
2024-04-23T18:00:00Z,5183.84,19326197997
2024-04-23T19:00:00Z,5121.3,20904326690
2024-04-23T20:00:00Z,5055.01,19762765952
2024-04-23T21:00:00Z,5103.49,19179705426
2024-04-23T22:00:00Z,5177.59,19018820530
2024-04-23T23:00:00Z,5208.27,19539443504
2024-04-24T00:00:00Z,5189.94,19636210646
2024-04-24T01:00:00Z,5174.5,19809701704
2024-04-24T02:00:00Z,5106.7,19507396271
2024-04-24T03:00:00Z,5108.63,19977664375
2024-04-24T04:00:00Z,5089.3,20884121303
2024-04-24T05:00:00Z,5133.95,20790662002
2024-04-24T06:00:00Z,5148.52,20838586946
2024-04-24T07:00:00Z,5211.42,19494222707
2024-04-24T08:00:00Z,5285.77,20808633215
2024-04-24T09:00:00Z,5275.14,19698033877
2024-04-24T10:00:00Z,5310.93,19613746425
2024-04-24T11:00:00Z,5301.03,19126884201
2024-04-24T12:00:00Z,5282.44,20443453033
2024-04-24T13:00:00Z,5276.9,19474445218
2024-04-24T14:00:00Z,5208.93,19572396518
2024-04-24T15:00:00Z,5170.28,20162150013
2024-04-24T16:00:00Z,5226.01,19444394800
2024-04-24T17:00:00Z,5282.34,20758889874
2024-04-24T18:00:00Z,5352.62,19641869702
2024-04-24T19:00:00Z,5381.97,19297816867
2024-04-24T20:00:00Z,5325.9,20547437081
2024-04-24T21:00:00Z,5324.37,20331806482
2024-04-24T22:00:00Z,5338.87,20642428528
2024-04-24T23:00:00Z,5370.09,20020587948
2024-04-25T00:00:00Z,5297.94,20114373462
2024-04-25T01:00:00Z,5304.51,19587219765
2024-04-25T02:00:00Z,5231.32,19316290258
2024-04-25T03:00:00Z,5301.76,20516891372
2024-04-25T04:00:00Z,5289.37,19564045410
2024-04-25T05:00:00Z,5279.56,20635718426
2024-04-25T06:00:00Z,5295.5,19705267801
2024-04-25T07:00:00Z,5340.86,20655096609
2024-04-25T08:00:00Z,5296.58,20303473052
2024-04-25T09:00:00Z,5224.76,19127736727
2024-04-25T10:00:00Z,5199.04,19389942040
2024-04-25T11:00:00Z,5226.21,20540596344
2024-04-25T12:00:00Z,5217.06,19133896387
2024-04-25T13:00:00Z,5239.53,19773336601
2024-04-25T14:00:00Z,5317.06,19318884290
2024-04-25T15:00:00Z,5286.83,19128004712
2024-04-25T16:00:00Z,5323.99,19572934067
2024-04-25T17:00:00Z,5282.18,20178135548
2024-04-25T18:00:00Z,5221.42,19012766863
2024-04-25T19:00:00Z,5174.54,19755774836
2024-04-25T20:00:00Z,5145.61,19807164856
2024-04-25T21:00:00Z,5162.74,20333379610
2024-04-25T22:00:00Z,5116.83,20487576092
2024-04-25T23:00:00Z,5120.76,20221479862
2024-04-26T00:00:00Z,5133.14,19520052084
2024-04-26T01:00:00Z,5151.72,20936962713
2024-04-26T02:00:00Z,5205.47,20302924097
2024-04-26T03:00:00Z,5150.53,19030083311
2024-04-26T04:00:00Z,5162.46,20429131309
2024-04-26T05:00:00Z,5147.21,20072835852
2024-04-26T06:00:00Z,5205.88,19045883588
2024-04-26T07:00:00Z,5245.05,20490567403
2024-04-26T08:00:00Z,5172.89,20669644714
2024-04-26T09:00:00Z,5185.21,20527935607
2024-04-26T10:00:00Z,5223.67,20022611160
2024-04-26T11:00:00Z,5196.9,20716539157
2024-04-26T12:00:00Z,5207.52,19375921888
2024-04-26T13:00:00Z,5270.86,19028318380
2024-04-26T14:00:00Z,5193.27,19558605662
2024-04-26T15:00:00Z,5148.0,20938600090
2024-04-26T16:00:00Z,5185.82,20099937811
2024-04-26T17:00:00Z,5240.16,19739981433
2024-04-26T18:00:00Z,5311.88,20090438050
2024-04-26T19:00:00Z,5276.53,19076607723
2024-04-26T20:00:00Z,5354.72,20869518937
2024-04-26T21:00:00Z,5383.32,19274591708
2024-04-26T22:00:00Z,5357.75,20755745876
2024-04-26T23:00:00Z,5396.58,19629221290
2024-04-27T00:00:00Z,5332.88,20535256350
2024-04-27T01:00:00Z,5355.95,20503523315
2024-04-27T02:00:00Z,5429.28,19860562023
2024-04-27T03:00:00Z,5408.13,19722081831
2024-04-27T04:00:00Z,5391.9,20854587887
2024-04-27T05:00:00Z,5434.89,20047146857
2024-04-27T06:00:00Z,5435.31,20046529502
2024-04-27T07:00:00Z,5400.37,19303633223
2024-04-27T08:00:00Z,5415.24,19214731463
2024-04-27T09:00:00Z,5377.57,20565415584
2024-04-27T10:00:00Z,5358.11,20160305813
2024-04-27T11:00:00Z,5348.72,19642966256
2024-04-27T12:00:00Z,5366.41,20997022156
2024-04-27T13:00:00Z,5385.67,19642878626
2024-04-27T14:00:00Z,5382.0,20764160380
2024-04-27T15:00:00Z,5448.95,20511026753
2024-04-27T16:00:00Z,5435.03,19493137975
2024-04-27T17:00:00Z,5508.88,20457589408
2024-04-27T18:00:00Z,5464.31,20109095194
2024-04-27T19:00:00Z,5494.78,19781026291
2024-04-27T20:00:00Z,5469.63,19838192981
2024-04-27T21:00:00Z,5470.91,20167412904
2024-04-27T22:00:00Z,5418.6,19899225185
2024-04-27T23:00:00Z,5483.36,19733285977
2024-04-28T00:00:00Z,5536.07,19625284551
2024-04-28T01:00:00Z,5470.73,20587890449
2024-04-28T02:00:00Z,5497.18,20945924095
2024-04-28T03:00:00Z,5443.49,20884905018
2024-04-28T04:00:00Z,5439.14,20299166792
2024-04-28T05:00:00Z,5369.49,19490588996
2024-04-28T06:00:00Z,5363.96,20094258235
2024-04-28T07:00:00Z,5396.14,20577480047
2024-04-28T08:00:00Z,5412.46,19688202745
2024-04-28T09:00:00Z,5331.69,20283060425
2024-04-28T10:00:00Z,5289.38,20592539815
2024-04-28T11:00:00Z,5296.74,19403172275
2024-04-28T12:00:00Z,5332.52,20193835664
2024-04-28T13:00:00Z,5410.08,20386958515
2024-04-28T14:00:00Z,5484.73,20319890904
2024-04-28T15:00:00Z,5446.02,19243114762
2024-04-28T16:00:00Z,5381.05,19055614403
2024-04-28T17:00:00Z,5380.32,19830974794
2024-04-28T18:00:00Z,5395.05,19403205989
2024-04-28T19:00:00Z,5466.87,20188509186
2024-04-28T20:00:00Z,5525.95,20423538686
2024-04-28T21:00:00Z,5578.07,19004742596
2024-04-28T22:00:00Z,5622.19,19884579701
2024-04-28T23:00:00Z,5638.7,20406874549
2024-04-29T00:00:00Z,5643.89,19634973692
2024-04-29T01:00:00Z,5695.4,20947400095
2024-04-29T02:00:00Z,5671.83,19928643065
2024-04-29T03:00:00Z,5756.71,20070888482
2024-04-29T04:00:00Z,5791.86,20693916673
2024-04-29T05:00:00Z,5770.78,19050745241
2024-04-29T06:00:00Z,5687.17,19216241541
2024-04-29T07:00:00Z,5687.47,20585196727
2024-04-29T08:00:00Z,5638.33,19316367689
2024-04-29T09:00:00Z,5632.55,20202321080
2024-04-29T10:00:00Z,5634.69,19571673292
2024-04-29T11:00:00Z,5715.81,20909848837
2024-04-29T12:00:00Z,5675.25,19437550259
2024-04-29T13:00:00Z,5741.12,19109199348
2024-04-29T14:00:00Z,5799.31,19922372485
2024-04-29T15:00:00Z,5832.22,20317146706
2024-04-29T16:00:00Z,5821.0,20367940939
2024-04-29T17:00:00Z,5771.39,19891725992
2024-04-29T18:00:00Z,5701.87,20554488780
2024-04-29T19:00:00Z,5685.44,19215389516
2024-04-29T20:00:00Z,5765.4,20924875986
2024-04-29T21:00:00Z,5778.3,19560588601
2024-04-29T22:00:00Z,5838.9,20005484011
2024-04-29T23:00:00Z,5755.47,19391007925
2024-04-30T00:00:00Z,5685.27,20118644999
2024-04-30T01:00:00Z,5680.58,20629521270
2024-04-30T02:00:00Z,5670.6,20515240251
2024-04-30T03:00:00Z,5607.01,19493486717
2024-04-30T04:00:00Z,5636.01,19402187263
2024-04-30T05:00:00Z,5572.85,19643169614
2024-04-30T06:00:00Z,5504.35,20492451792
2024-04-30T07:00:00Z,5556.26,20490069494
2024-04-30T08:00:00Z,5544.65,19565772930
2024-04-30T09:00:00Z,5558.79,19739354593
2024-04-30T10:00:00Z,5518.42,20921071531
2024-04-30T11:00:00Z,5565.18,19472445070
2024-04-30T12:00:00Z,5500.14,19276650291
2024-04-30T13:00:00Z,5559.09,20844131936
2024-04-30T14:00:00Z,5476.79,20698429449
2024-04-30T15:00:00Z,5489.25,19974189881
2024-04-30T16:00:00Z,5470.03,20531990469
2024-04-30T17:00:00Z,5496.2,19784311210
2024-04-30T18:00:00Z,5467.37,20975834235
2024-04-30T19:00:00Z,5428.97,19431772254
2024-04-30T20:00:00Z,5507.92,20567457630
2024-04-30T21:00:00Z,5519.68,19437211780
2024-04-30T22:00:00Z,5472.55,19069939074
2024-04-30T23:00:00Z,5446.57,20906980638
2024-05-01T00:00:00Z,5486.65,20969919194
2024-05-01T01:00:00Z,5492.08,20283724405
2024-05-01T02:00:00Z,5556.99,20296291158
2024-05-01T03:00:00Z,5516.59,20956450629
2024-05-01T04:00:00Z,5567.86,20813754568
2024-05-01T05:00:00Z,5647.13,19548180775
2024-05-01T06:00:00Z,5575.88,19115787117
2024-05-01T07:00:00Z,5586.08,20504028699
2024-05-01T08:00:00Z,5627.47,19374879729
2024-05-01T09:00:00Z,5548.4,19802119858
2024-05-01T10:00:00Z,5481.71,20386038524
2024-05-01T11:00:00Z,5464.24,20462499212
2024-05-01T12:00:00Z,5432.87,19184099956
2024-05-01T13:00:00Z,5453.99,19637104810
2024-05-01T14:00:00Z,5402.98,19868195567
2024-05-01T15:00:00Z,5462.63,20047329487
2024-05-01T16:00:00Z,5503.17,19296700087
2024-05-01T17:00:00Z,5440.38,20435368808
2024-05-01T18:00:00Z,5380.57,20661295591
2024-05-01T19:00:00Z,5444.9,19660646015
2024-05-01T20:00:00Z,5474.0,19620655064
2024-05-01T21:00:00Z,5496.19,20532853012
2024-05-01T22:00:00Z,5499.5,20359017633
2024-05-01T23:00:00Z,5548.21,19615540993
2024-05-02T00:00:00Z,5590.23,20021889429
2024-05-02T01:00:00Z,5668.24,20933029766
2024-05-02T02:00:00Z,5683.01,20125035095
2024-05-02T03:00:00Z,5658.69,20525678540
2024-05-02T04:00:00Z,5739.42,19297246321
2024-05-02T05:00:00Z,5737.84,20217777797
2024-05-02T06:00:00Z,5759.68,19059007455
2024-05-02T07:00:00Z,5690.6,19842173769
2024-05-02T08:00:00Z,5662.77,20025854948
2024-05-02T09:00:00Z,5730.47,20992458709
2024-05-02T10:00:00Z,5690.48,20967679629
2024-05-02T11:00:00Z,5737.81,19225929408
2024-05-02T12:00:00Z,5678.93,20224413321
2024-05-02T13:00:00Z,5641.04,19118298247
2024-05-02T14:00:00Z,5647.37,19949735175
2024-05-02T15:00:00Z,5731.34,20169935301
2024-05-02T16:00:00Z,5707.43,20044597236
2024-05-02T17:00:00Z,5762.48,19085792983
2024-05-02T18:00:00Z,5776.82,19782325173
2024-05-02T19:00:00Z,5747.76,20837366620
2024-05-02T20:00:00Z,5779.53,19772698478
2024-05-02T21:00:00Z,5776.29,19398550310
2024-05-02T22:00:00Z,5796.03,19113592468
2024-05-02T23:00:00Z,5774.14,19312955641
2024-05-03T00:00:00Z,5857.89,20810822215
2024-05-03T01:00:00Z,5884.42,20552913080
2024-05-03T02:00:00Z,5930.27,19910574530
2024-05-03T03:00:00Z,5915.93,19419793922
2024-05-03T04:00:00Z,5885.56,19178594877
2024-05-03T05:00:00Z,5841.37,20081168543
2024-05-03T06:00:00Z,5825.52,20169436810
2024-05-03T07:00:00Z,5891.27,20867012319
2024-05-03T08:00:00Z,5878.14,20320688769
2024-05-03T09:00:00Z,5893.15,20642989097
2024-05-03T10:00:00Z,5942.27,19210006108
2024-05-03T11:00:00Z,5898.09,19461515160
2024-05-03T12:00:00Z,5949.25,19701213226
2024-05-03T13:00:00Z,5860.57,19436142682
2024-05-03T14:00:00Z,5787.61,20918013881
2024-05-03T15:00:00Z,5765.93,19239566206
2024-05-03T16:00:00Z,5788.02,20503702173
2024-05-03T17:00:00Z,5837.07,20208687038
2024-05-03T18:00:00Z,5796.99,19599388918
2024-05-03T19:00:00Z,5750.09,19046586520
2024-05-03T20:00:00Z,5794.78,19156166653
2024-05-03T21:00:00Z,5790.39,19764829885
2024-05-03T22:00:00Z,5782.29,20004061879
2024-05-03T23:00:00Z,5767.31,19441150112
2024-05-04T00:00:00Z,5714.13,19911432055
2024-05-04T01:00:00Z,5637.95,19307206442
2024-05-04T02:00:00Z,5630.97,20187070295
2024-05-04T03:00:00Z,5646.28,19526151340
2024-05-04T04:00:00Z,5577.61,20950517744
2024-05-04T05:00:00Z,5649.5,19392563194
2024-05-04T06:00:00Z,5603.12,19393085346
2024-05-04T07:00:00Z,5602.85,19020819811
2024-05-04T08:00:00Z,5657.27,20373740330
2024-05-04T09:00:00Z,5720.08,20394095414
2024-05-04T10:00:00Z,5788.07,19405548491
2024-05-04T11:00:00Z,5787.04,19352560272
2024-05-04T12:00:00Z,5776.99,19130555720
2024-05-04T13:00:00Z,5765.59,20442103754
2024-05-04T14:00:00Z,5755.42,20503702249
2024-05-04T15:00:00Z,5825.94,20179496088
2024-05-04T16:00:00Z,5769.0,19396580189
2024-05-04T17:00:00Z,5801.74,20985332530
2024-05-04T18:00:00Z,5731.64,20861190137
2024-05-04T19:00:00Z,5748.59,20627498073
2024-05-04T20:00:00Z,5760.56,20832903046
2024-05-04T21:00:00Z,5674.86,19579717961
2024-05-04T22:00:00Z,5664.99,19141541820
2024-05-04T23:00:00Z,5600.82,19110094207
2024-05-05T00:00:00Z,5602.33,19491516211
2024-05-05T01:00:00Z,5671.93,19562999853
2024-05-05T02:00:00Z,5746.38,20226966503
2024-05-05T03:00:00Z,5677.72,19568791510
2024-05-05T04:00:00Z,5685.83,20573445111
2024-05-05T05:00:00Z,5760.98,19880247361
2024-05-05T06:00:00Z,5693.71,20325037258
2024-05-05T07:00:00Z,5746.21,19491442936
2024-05-05T08:00:00Z,5677.48,20947639618
2024-05-05T09:00:00Z,5726.24,19505587343
2024-05-05T10:00:00Z,5811.43,19631542245
2024-05-05T11:00:00Z,5876.87,20428180006
2024-05-05T12:00:00Z,5851.15,20414782496
2024-05-05T13:00:00Z,5780.96,20256544421
2024-05-05T14:00:00Z,5783.22,20485460573
2024-05-05T15:00:00Z,5795.94,19731336141
2024-05-05T16:00:00Z,5785.94,20649982217
2024-05-05T17:00:00Z,5846.79,19507006339
2024-05-05T18:00:00Z,5840.15,19953910329
2024-05-05T19:00:00Z,5840.2,19108792314
2024-05-05T20:00:00Z,5800.54,20620229971
2024-05-05T21:00:00Z,5760.4,19352252407
2024-05-05T22:00:00Z,5807.05,20122812284
2024-05-05T23:00:00Z,5883.43,19333495505
2024-05-06T00:00:00Z,5886.45,20578014184
2024-05-06T01:00:00Z,5952.39,20018063640
2024-05-06T02:00:00Z,5888.37,19092976830
2024-05-06T03:00:00Z,5876.13,19106273112
2024-05-06T04:00:00Z,5901.98,19841721132
2024-05-06T05:00:00Z,5907.53,19572146220
2024-05-06T06:00:00Z,5861.65,19488996418
2024-05-06T07:00:00Z,5854.09,19529100791
2024-05-06T08:00:00Z,5831.4,19712155003
2024-05-06T09:00:00Z,5906.84,19315879451
2024-05-06T10:00:00Z,5889.09,20269793029
2024-05-06T11:00:00Z,5962.03,19703936568
2024-05-06T12:00:00Z,5890.15,19906942357
2024-05-06T13:00:00Z,5868.46,20203938337
2024-05-06T14:00:00Z,5874.17,20970057479
2024-05-06T15:00:00Z,5950.67,19285052669
2024-05-06T16:00:00Z,5869.5,20411366068
2024-05-06T17:00:00Z,5839.25,19163308985
2024-05-06T18:00:00Z,5868.78,20494195406
2024-05-06T19:00:00Z,5923.86,20816429467
2024-05-06T20:00:00Z,5842.22,19021724519
2024-05-06T21:00:00Z,5918.38,19745278063
2024-05-06T22:00:00Z,5883.5,20377024171
2024-05-06T23:00:00Z,5818.58,19477338166
2024-05-07T00:00:00Z,5836.21,19457692282
2024-05-07T01:00:00Z,5832.5,20919173371
2024-05-07T02:00:00Z,5866.87,19066043729
2024-05-07T03:00:00Z,5932.59,19736590234
2024-05-07T04:00:00Z,5982.44,19458469850
2024-05-07T05:00:00Z,5970.83,20095751573
2024-05-07T06:00:00Z,6016.47,20250254906
2024-05-07T07:00:00Z,5980.21,20445462815
2024-05-07T08:00:00Z,5981.85,20617960129
2024-05-07T09:00:00Z,5980.69,19513939178
2024-05-07T10:00:00Z,5909.92,19848678428
2024-05-07T11:00:00Z,5824.16,19452118025
2024-05-07T12:00:00Z,5833.97,19679736507
2024-05-07T13:00:00Z,5835.0,20184319364
2024-05-07T14:00:00Z,5764.54,20534446753
2024-05-07T15:00:00Z,5729.56,20988675613
2024-05-07T16:00:00Z,5719.53,20553304293
2024-05-07T17:00:00Z,5731.94,19697896591
2024-05-07T18:00:00Z,5796.62,20447637763
2024-05-07T19:00:00Z,5743.95,19436720783
2024-05-07T20:00:00Z,5797.55,20134423641
2024-05-07T21:00:00Z,5729.59,19582205796
2024-05-07T22:00:00Z,5670.49,19252012252
2024-05-07T23:00:00Z,5674.94,20452904943
2024-05-08T00:00:00Z,5753.15,20391553818
2024-05-08T01:00:00Z,5698.11,20164226232
2024-05-08T02:00:00Z,5694.57,19700428138
2024-05-08T03:00:00Z,5761.99,20965579223
2024-05-08T04:00:00Z,5767.3,19508369356
2024-05-08T05:00:00Z,5794.49,20810242061
2024-05-08T06:00:00Z,5859.11,19250314143
2024-05-08T07:00:00Z,5864.24,20328156959
2024-05-08T08:00:00Z,5798.4,19323758031
2024-05-08T09:00:00Z,5740.17,20008595163
2024-05-08T10:00:00Z,5795.6,19256657566
2024-05-08T11:00:00Z,5766.42,20682255292
2024-05-08T12:00:00Z,5813.82,19763315954
2024-05-08T13:00:00Z,5833.64,20991147159
2024-05-08T14:00:00Z,5867.84,20778887115
2024-05-08T15:00:00Z,5826.15,19375616703
2024-05-08T16:00:00Z,5909.35,19648699519
2024-05-08T17:00:00Z,5894.11,20182330802
2024-05-08T18:00:00Z,5828.09,20484792664
2024-05-08T19:00:00Z,5827.32,19847582287
2024-05-08T20:00:00Z,5849.27,20099840745
2024-05-08T21:00:00Z,5807.74,19271112763
2024-05-08T22:00:00Z,5825.94,19952911248
2024-05-08T23:00:00Z,5797.52,19414183369
2024-05-09T00:00:00Z,5856.6,20486949616
2024-05-09T01:00:00Z,5870.07,20117868621
2024-05-09T02:00:00Z,5891.67,19045647773
2024-05-09T03:00:00Z,5935.1,19986048885
2024-05-09T04:00:00Z,5855.92,20425383490
2024-05-09T05:00:00Z,5878.74,20382410050
2024-05-09T06:00:00Z,5924.02,19177299961
2024-05-09T07:00:00Z,5924.94,19146335974
2024-05-09T08:00:00Z,5841.98,20971071421
2024-05-09T09:00:00Z,5851.58,19158053758
2024-05-09T10:00:00Z,5780.01,19670919076
2024-05-09T11:00:00Z,5697.72,19009645480
2024-05-09T12:00:00Z,5623.07,19074383046
2024-05-09T13:00:00Z,5606.39,19804908055
2024-05-09T14:00:00Z,5595.88,20492197039
2024-05-09T15:00:00Z,5540.72,20381742061
2024-05-09T16:00:00Z,5556.48,19099157017
2024-05-09T17:00:00Z,5579.53,19076201486
2024-05-09T18:00:00Z,5522.27,19065668093
2024-05-09T19:00:00Z,5516.48,20570636498
2024-05-09T20:00:00Z,5585.53,20317249838
2024-05-09T21:00:00Z,5666.93,19739058904
2024-05-09T22:00:00Z,5623.92,20076467739
2024-05-09T23:00:00Z,5691.49,19878165969
2024-05-10T00:00:00Z,5608.81,20591507215
2024-05-10T01:00:00Z,5606.21,19106316100
2024-05-10T02:00:00Z,5672.51,19412918847
2024-05-10T03:00:00Z,5626.25,20570626451
2024-05-10T04:00:00Z,5667.27,20507598833
2024-05-10T05:00:00Z,5639.83,20710176277
2024-05-10T06:00:00Z,5584.5,19608716290
2024-05-10T07:00:00Z,5594.21,19566451401
2024-05-10T08:00:00Z,5656.67,19501160972
2024-05-10T09:00:00Z,5586.85,20963878721
2024-05-10T10:00:00Z,5639.77,20970276332
2024-05-10T11:00:00Z,5684.25,20186861496
2024-05-10T12:00:00Z,5669.61,19439929011
2024-05-10T13:00:00Z,5628.25,19737561026
2024-05-10T14:00:00Z,5681.77,19974383500
2024-05-10T15:00:00Z,5745.35,20685583536
2024-05-10T16:00:00Z,5716.12,19556029141
2024-05-10T17:00:00Z,5648.62,19813903287
2024-05-10T18:00:00Z,5653.87,19221699617
2024-05-10T19:00:00Z,5660.44,20706251432
2024-05-10T20:00:00Z,5593.0,20840030741
2024-05-10T21:00:00Z,5523.36,20622363113
2024-05-10T22:00:00Z,5532.75,20121675284
2024-05-10T23:00:00Z,5548.84,20856088208
2024-05-11T00:00:00Z,5544.93,19426313822
2024-05-11T01:00:00Z,5507.31,19132104411
2024-05-11T02:00:00Z,5482.05,20037290024
2024-05-11T03:00:00Z,5445.14,20557813552
2024-05-11T04:00:00Z,5378.62,19381835040
2024-05-11T05:00:00Z,5390.74,20078562871
2024-05-11T06:00:00Z,5370.75,19434033838
2024-05-11T07:00:00Z,5314.3,20073693457
2024-05-11T08:00:00Z,5391.76,20668637871
2024-05-11T09:00:00Z,5467.53,20605533222
2024-05-11T10:00:00Z,5515.97,19757063596
2024-05-11T11:00:00Z,5540.57,19402609356
2024-05-11T12:00:00Z,5499.25,19805137181
2024-05-11T13:00:00Z,5469.53,20274420614
2024-05-11T14:00:00Z,5468.13,19214478883
2024-05-11T15:00:00Z,5425.07,20104432073
2024-05-11T16:00:00Z,5482.58,19276823406
2024-05-11T17:00:00Z,5546.07,19290062745
2024-05-11T18:00:00Z,5463.59,20034152285
2024-05-11T19:00:00Z,5535.81,19329933440
2024-05-11T20:00:00Z,5521.89,20315405269
2024-05-11T21:00:00Z,5597.98,20349819146
2024-05-11T22:00:00Z,5650.56,19492000477
2024-05-11T23:00:00Z,5582.01,20513520491
2024-05-12T00:00:00Z,5604.29,20298175464
2024-05-12T01:00:00Z,5530.7,20338149754
2024-05-12T02:00:00Z,5563.64,19062676986
2024-05-12T03:00:00Z,5551.65,20055071866
2024-05-12T04:00:00Z,5504.39,20463320174
2024-05-12T05:00:00Z,5520.83,20652080751
2024-05-12T06:00:00Z,5538.02,19109355909
2024-05-12T07:00:00Z,5596.12,20829538156
2024-05-12T08:00:00Z,5598.49,20371371328
2024-05-12T09:00:00Z,5609.03,19043433901
2024-05-12T10:00:00Z,5623.06,20273377058
2024-05-12T11:00:00Z,5602.79,20324205075
2024-05-12T12:00:00Z,5585.66,19980408695
2024-05-12T13:00:00Z,5594.41,20865835348
2024-05-12T14:00:00Z,5575.09,20234588680
2024-05-12T15:00:00Z,5636.24,20679770928
2024-05-12T16:00:00Z,5590.79,19379984303
2024-05-12T17:00:00Z,5625.4,19275316279
2024-05-12T18:00:00Z,5552.7,19419694837
2024-05-12T19:00:00Z,5592.93,20889438435
2024-05-12T20:00:00Z,5669.87,20722433959
2024-05-12T21:00:00Z,5660.49,19928334621
2024-05-12T22:00:00Z,5610.06,19261949123
2024-05-12T23:00:00Z,5601.6,19846990088
2024-05-13T00:00:00Z,5677.78,19798097976
2024-05-13T01:00:00Z,5746.63,19507108652
2024-05-13T02:00:00Z,5816.0,20003069492
2024-05-13T03:00:00Z,5827.59,19470924800
2024-05-13T04:00:00Z,5773.22,19808221790
2024-05-13T05:00:00Z,5768.95,19298181733
2024-05-13T06:00:00Z,5818.69,19985246910
2024-05-13T07:00:00Z,5758.06,20500639907
2024-05-13T08:00:00Z,5770.28,20722229146
2024-05-13T09:00:00Z,5805.26,19073791536
2024-05-13T10:00:00Z,5879.35,19626454371
2024-05-13T11:00:00Z,5943.68,20627354314
2024-05-13T12:00:00Z,6013.45,20128993658
2024-05-13T13:00:00Z,5958.18,19030365722
2024-05-13T14:00:00Z,5957.5,20235233101
2024-05-13T15:00:00Z,5942.9,19381496234
2024-05-13T16:00:00Z,6005.3,19732371196
2024-05-13T17:00:00Z,6069.46,19247554332
2024-05-13T18:00:00Z,6115.77,20692556428
2024-05-13T19:00:00Z,6175.67,20323035116
2024-05-13T20:00:00Z,6151.09,20783091052
2024-05-13T21:00:00Z,6150.13,20048850914
2024-05-13T22:00:00Z,6114.5,19289616282
2024-05-13T23:00:00Z,6069.63,20340399549
2024-05-14T00:00:00Z,6118.91,20392547480
2024-05-14T01:00:00Z,6154.97,19970350184
2024-05-14T02:00:00Z,6102.77,20709254633
2024-05-14T03:00:00Z,6186.82,20252417684
2024-05-14T04:00:00Z,6243.82,20764506519
2024-05-14T05:00:00Z,6177.86,19765565004
2024-05-14T06:00:00Z,6176.51,19926518645
2024-05-14T07:00:00Z,6143.22,19788754526
2024-05-14T08:00:00Z,6187.82,20476668474
2024-05-14T09:00:00Z,6164.63,20093754340
2024-05-14T10:00:00Z,6188.01,20883620476
2024-05-14T11:00:00Z,6233.48,20076639914
2024-05-14T12:00:00Z,6263.27,19368270468
2024-05-14T13:00:00Z,6224.94,20333101747
2024-05-14T14:00:00Z,6309.89,20272525045
2024-05-14T15:00:00Z,6238.8,19794437528
2024-05-14T16:00:00Z,6281.01,19653435433
2024-05-14T17:00:00Z,6248.14,20775001328
2024-05-14T18:00:00Z,6256.1,19152829679
2024-05-14T19:00:00Z,6330.27,20506414842
2024-05-14T20:00:00Z,6303.13,20666095906
2024-05-14T21:00:00Z,6339.1,20615797076
2024-05-14T22:00:00Z,6366.42,20567305778
2024-05-14T23:00:00Z,6304.44,20216129928
2024-05-15T00:00:00Z,6324.5,19782962620
2024-05-15T01:00:00Z,6397.43,20150143723
2024-05-15T02:00:00Z,6472.4,20774508815
2024-05-15T03:00:00Z,6565.81,19111270519
2024-05-15T04:00:00Z,6566.16,19141162741
2024-05-15T05:00:00Z,6625.97,19553020199
2024-05-15T06:00:00Z,6626.45,20102997959
2024-05-15T07:00:00Z,6658.06,19316139199
2024-05-15T08:00:00Z,6697.31,20846922408
2024-05-15T09:00:00Z,6630.15,19821465493
2024-05-15T10:00:00Z,6641.33,19930694896
2024-05-15T11:00:00Z,6605.81,20205378396
2024-05-15T12:00:00Z,6578.37,20100075710
2024-05-15T13:00:00Z,6581.25,20861173522
2024-05-15T14:00:00Z,6624.39,20124280926
2024-05-15T15:00:00Z,6590.81,19991288551
2024-05-15T16:00:00Z,6639.65,20169992714
2024-05-15T17:00:00Z,6690.04,20311608377
2024-05-15T18:00:00Z,6749.12,20237723192
2024-05-15T19:00:00Z,6683.62,19549771527
2024-05-15T20:00:00Z,6644.86,20615247525
2024-05-15T21:00:00Z,6630.5,20064634129
2024-05-15T22:00:00Z,6715.21,20864297412
2024-05-15T23:00:00Z,6723.84,19215549603
2024-05-16T00:00:00Z,6637.85,19825633474
2024-05-16T01:00:00Z,6681.52,20441561414
2024-05-16T02:00:00Z,6645.06,19751560489
2024-05-16T03:00:00Z,6719.59,19341432939
2024-05-16T04:00:00Z,6775.93,20302782301
2024-05-16T05:00:00Z,6713.6,20239927344
2024-05-16T06:00:00Z,6669.72,19732704332
2024-05-16T07:00:00Z,6570.36,19414109878
2024-05-16T08:00:00Z,6510.3,20968817240
2024-05-16T09:00:00Z,6496.53,20416026173
2024-05-16T10:00:00Z,6444.93,20714089879
2024-05-16T11:00:00Z,6382.81,19278089689
2024-05-16T12:00:00Z,6408.33,19752235691
2024-05-16T13:00:00Z,6426.31,19475985785
2024-05-16T14:00:00Z,6400.55,19158253088
2024-05-16T15:00:00Z,6365.45,19922758339
2024-05-16T16:00:00Z,6366.85,20751277583
2024-05-16T17:00:00Z,6367.2,19306024300
2024-05-16T18:00:00Z,6350.87,20586308144
2024-05-16T19:00:00Z,6438.39,20320698655
2024-05-16T20:00:00Z,6431.69,19566791041
2024-05-16T21:00:00Z,6393.07,19785347743
2024-05-16T22:00:00Z,6482.02,19708277810
2024-05-16T23:00:00Z,6416.68,20321691202
2024-05-17T00:00:00Z,6348.42,20166913275
2024-05-17T01:00:00Z,6321.23,20386078832
2024-05-17T02:00:00Z,6354.98,20399133561
2024-05-17T03:00:00Z,6441.04,20712192591
2024-05-17T04:00:00Z,6502.47,19402645247
2024-05-17T05:00:00Z,6462.87,20918625262
2024-05-17T06:00:00Z,6470.57,19028042174
2024-05-17T07:00:00Z,6416.41,20966511917
2024-05-17T08:00:00Z,6431.2,19442365576
2024-05-17T09:00:00Z,6373.97,20904705927
2024-05-17T10:00:00Z,6352.57,19495639642
2024-05-17T11:00:00Z,6336.9,19600286192
2024-05-17T12:00:00Z,6254.27,19055610751
2024-05-17T13:00:00Z,6290.93,19484641803
2024-05-17T14:00:00Z,6205.19,20365619204
2024-05-17T15:00:00Z,6251.59,20169210732
2024-05-17T16:00:00Z,6274.13,19045539032
2024-05-17T17:00:00Z,6196.87,20625262303
2024-05-17T18:00:00Z,6171.59,20058224992
2024-05-17T19:00:00Z,6194.26,20710557146
2024-05-17T20:00:00Z,6241.34,20215445963
2024-05-17T21:00:00Z,6181.1,19581160341
2024-05-17T22:00:00Z,6177.32,20379676046
2024-05-17T23:00:00Z,6269.61,20389887385
2024-05-18T00:00:00Z,6274.44,20912260803
2024-05-18T01:00:00Z,6223.71,19337688111
2024-05-18T02:00:00Z,6289.49,19066835319
2024-05-18T03:00:00Z,6259.28,20279866295
2024-05-18T04:00:00Z,6333.46,20547770007
2024-05-18T05:00:00Z,6371.39,19665518823
2024-05-18T06:00:00Z,6297.67,20866469119
2024-05-18T07:00:00Z,6350.13,19507738897
2024-05-18T08:00:00Z,6368.46,20481174472
2024-05-18T09:00:00Z,6310.98,20625575506
2024-05-18T10:00:00Z,6318.18,20297348121
2024-05-18T11:00:00Z,6363.04,19187539265
2024-05-18T12:00:00Z,6327.93,19192759756
2024-05-18T13:00:00Z,6406.26,20443463467
2024-05-18T14:00:00Z,6379.68,20868434615
2024-05-18T15:00:00Z,6464.94,20625401254
2024-05-18T16:00:00Z,6548.32,20781698683
2024-05-18T17:00:00Z,6494.27,19780022063
2024-05-18T18:00:00Z,6413.44,20452031472
2024-05-18T19:00:00Z,6440.15,20061809516
2024-05-18T20:00:00Z,6405.52,19482987016
2024-05-18T21:00:00Z,6496.94,19161641544
2024-05-18T22:00:00Z,6531.51,20532646774
2024-05-18T23:00:00Z,6623.17,20807132504
2024-05-19T00:00:00Z,6595.14,19883008676
2024-05-19T01:00:00Z,6567.62,20871409935
2024-05-19T02:00:00Z,6539.56,20644400134
2024-05-19T03:00:00Z,6590.78,19719459105
2024-05-19T04:00:00Z,6605.09,19029330803
2024-05-19T05:00:00Z,6599.97,20341379034
2024-05-19T06:00:00Z,6526.02,19499018127
2024-05-19T07:00:00Z,6477.26,20786016304
2024-05-19T08:00:00Z,6409.16,19419836721
2024-05-19T09:00:00Z,6436.24,20970923219
2024-05-19T10:00:00Z,6524.3,19586541691
2024-05-19T11:00:00Z,6541.75,19481156872
2024-05-19T12:00:00Z,6554.21,20664040450
2024-05-19T13:00:00Z,6546.01,19044779413
2024-05-19T14:00:00Z,6539.39,19734324725
2024-05-19T15:00:00Z,6470.57,19172327788
2024-05-19T16:00:00Z,6464.73,20602984537
2024-05-19T17:00:00Z,6556.51,19448191336
2024-05-19T18:00:00Z,6570.92,19652482687
2024-05-19T19:00:00Z,6501.26,19038313864
2024-05-19T20:00:00Z,6545.45,19804080868
2024-05-19T21:00:00Z,6462.74,19250840822
2024-05-19T22:00:00Z,6425.04,20118463428
2024-05-19T23:00:00Z,6346.64,19123173906
2024-05-20T00:00:00Z,6392.18,20979609692
2024-05-20T01:00:00Z,6412.72,19100667452
2024-05-20T02:00:00Z,6398.67,19069641569
2024-05-20T03:00:00Z,6487.58,20693611709
2024-05-20T04:00:00Z,6412.62,19975189964
2024-05-20T05:00:00Z,6404.52,20492339899
2024-05-20T06:00:00Z,6311.47,19170805984
2024-05-20T07:00:00Z,6218.7,19626365477
2024-05-20T08:00:00Z,6212.66,20983887696
2024-05-20T09:00:00Z,6168.52,19412451705
2024-05-20T10:00:00Z,6117.75,20611973137
2024-05-20T11:00:00Z,6052.76,20128416009
2024-05-20T12:00:00Z,6000.87,20693520562
2024-05-20T13:00:00Z,5966.16,20601030854
2024-05-20T14:00:00Z,6027.04,20587258944
2024-05-20T15:00:00Z,6084.87,19262799292
2024-05-20T16:00:00Z,6134.49,20869639040
2024-05-20T17:00:00Z,6199.7,20039527825
2024-05-20T18:00:00Z,6216.54,20452010410
2024-05-20T19:00:00Z,6236.09,20540319090
2024-05-20T20:00:00Z,6309.07,19263981426
2024-05-20T21:00:00Z,6225.24,19738489059
2024-05-20T22:00:00Z,6147.71,19301134000
2024-05-20T23:00:00Z,6146.39,20504703544
2024-05-21T00:00:00Z,6158.64,20772939499
2024-05-21T01:00:00Z,6147.39,19998580920
2024-05-21T02:00:00Z,6077.64,19207053086
2024-05-21T03:00:00Z,6162.38,20776561104
2024-05-21T04:00:00Z,6252.31,19991194527
2024-05-21T05:00:00Z,6295.32,19826485080
2024-05-21T06:00:00Z,6347.51,19069490847
2024-05-21T07:00:00Z,6271.99,19315136882
2024-05-21T08:00:00Z,6186.37,19867703726
2024-05-21T09:00:00Z,6126.94,19884791746
2024-05-21T10:00:00Z,6187.75,20312741171
2024-05-21T11:00:00Z,6207.67,20487800741
2024-05-21T12:00:00Z,6160.36,20925536702
2024-05-21T13:00:00Z,6246.11,20236025296
2024-05-21T14:00:00Z,6278.86,20516204604
2024-05-21T15:00:00Z,6302.47,20295352751
2024-05-21T16:00:00Z,6317.67,19146362625
2024-05-21T17:00:00Z,6406.39,19679161921
2024-05-21T18:00:00Z,6443.48,20006576047
2024-05-21T19:00:00Z,6473.46,19080809801
2024-05-21T20:00:00Z,6520.63,19649780941
2024-05-21T21:00:00Z,6435.62,20942973358
2024-05-21T22:00:00Z,6419.13,19047541525
2024-05-21T23:00:00Z,6375.32,19513632877
2024-05-22T00:00:00Z,6411.67,19342528845
2024-05-22T01:00:00Z,6339.3,19192333411
2024-05-22T02:00:00Z,6373.19,19364244735
2024-05-22T03:00:00Z,6321.6,20309433906
2024-05-22T04:00:00Z,6278.59,20294563515
2024-05-22T05:00:00Z,6338.26,19436066473
2024-05-22T06:00:00Z,6341.6,19950926674
2024-05-22T07:00:00Z,6306.48,19321996704
2024-05-22T08:00:00Z,6372.23,20396338955
2024-05-22T09:00:00Z,6334.66,19163993585
2024-05-22T10:00:00Z,6352.68,19114899189
2024-05-22T11:00:00Z,6433.98,19749392179
2024-05-22T12:00:00Z,6445.86,19358662982
2024-05-22T13:00:00Z,6393.78,19129180598
2024-05-22T14:00:00Z,6450.95,19059669670
2024-05-22T15:00:00Z,6407.02,19021040626
2024-05-22T16:00:00Z,6357.61,20557611910
2024-05-22T17:00:00Z,6265.62,19285531744
2024-05-22T18:00:00Z,6295.71,19568243711
2024-05-22T19:00:00Z,6327.24,19469932026
2024-05-22T20:00:00Z,6265.57,19566748531
2024-05-22T21:00:00Z,6303.81,20906896788
2024-05-22T22:00:00Z,6248.94,20765848892
2024-05-22T23:00:00Z,6284.25,19253623603
2024-05-23T00:00:00Z,6347.85,20537461687
2024-05-23T01:00:00Z,6311.72,19951914309
2024-05-23T02:00:00Z,6277.6,19710637738
2024-05-23T03:00:00Z,6253.24,19321466856
2024-05-23T04:00:00Z,6322.75,19373998208
2024-05-23T05:00:00Z,6319.72,20934101070
2024-05-23T06:00:00Z,6247.09,19285987914
2024-05-23T07:00:00Z,6233.66,20323007742
2024-05-23T08:00:00Z,6290.41,20900825620
2024-05-23T09:00:00Z,6379.26,19468832841
2024-05-23T10:00:00Z,6346.89,19949085350
2024-05-23T11:00:00Z,6298.65,19938594869
2024-05-23T12:00:00Z,6306.05,19575805694
2024-05-23T13:00:00Z,6400.34,19921812339
2024-05-23T14:00:00Z,6305.82,19910818173
2024-05-23T15:00:00Z,6324.13,19872084290
2024-05-23T16:00:00Z,6298.65,20820172064
2024-05-23T17:00:00Z,6263.45,20958384816
2024-05-23T18:00:00Z,6248.12,19817596806
2024-05-23T19:00:00Z,6156.57,19196718105
2024-05-23T20:00:00Z,6159.01,19315761158
2024-05-23T21:00:00Z,6191.12,19372606735
2024-05-23T22:00:00Z,6225.73,19921629277
2024-05-23T23:00:00Z,6286.64,20621422685
2024-05-24T00:00:00Z,6353.91,19739557354
2024-05-24T01:00:00Z,6392.61,19117134984
2024-05-24T02:00:00Z,6470.1,20106412184
2024-05-24T03:00:00Z,6488.16,20081464087
2024-05-24T04:00:00Z,6505.05,19335286036
2024-05-24T05:00:00Z,6597.96,20514670180
2024-05-24T06:00:00Z,6608.0,19399703050
2024-05-24T07:00:00Z,6555.75,19142705691
2024-05-24T08:00:00Z,6489.17,19157654853
2024-05-24T09:00:00Z,6479.4,19675654811
2024-05-24T10:00:00Z,6495.87,20232001379
2024-05-24T11:00:00Z,6416.74,20590641731
2024-05-24T12:00:00Z,6470.0,20858937469
2024-05-24T13:00:00Z,6476.64,19226761290
2024-05-24T14:00:00Z,6542.13,19312563357
2024-05-24T15:00:00Z,6615.46,20830993963
2024-05-24T16:00:00Z,6609.82,20246884036
2024-05-24T17:00:00Z,6696.7,20882816553
2024-05-24T18:00:00Z,6665.54,20292008902
2024-05-24T19:00:00Z,6724.98,19240833603
2024-05-24T20:00:00Z,6798.53,20471605147
2024-05-24T21:00:00Z,6712.41,20085420022
2024-05-24T22:00:00Z,6773.9,20437872401
2024-05-24T23:00:00Z,6753.65,19253757942
2024-05-25T00:00:00Z,6805.2,20351864370
2024-05-25T01:00:00Z,6751.21,19231416509
2024-05-25T02:00:00Z,6677.18,19892776794
2024-05-25T03:00:00Z,6600.07,19530287940
2024-05-25T04:00:00Z,6660.44,20356749712
2024-05-25T05:00:00Z,6655.93,19831492288
2024-05-25T06:00:00Z,6595.73,20930185785
2024-05-25T07:00:00Z,6599.9,20114583043
2024-05-25T08:00:00Z,6638.89,19694240681
2024-05-25T09:00:00Z,6616.25,20979879430
2024-05-25T10:00:00Z,6692.97,19551746525
2024-05-25T11:00:00Z,6742.4,20537698396
2024-05-25T12:00:00Z,6765.44,20976405622
2024-05-25T13:00:00Z,6864.29,19652455092
2024-05-25T14:00:00Z,6863.34,20951998666
2024-05-25T15:00:00Z,6913.55,20039457057
2024-05-25T16:00:00Z,6956.04,19341781703
2024-05-25T17:00:00Z,6992.59,19179050399
2024-05-25T18:00:00Z,6906.01,19332374990
2024-05-25T19:00:00Z,6911.15,20669366271
2024-05-25T20:00:00Z,7007.83,19747569851
2024-05-25T21:00:00Z,7055.06,20070995890
2024-05-25T22:00:00Z,7006.86,19082150386
2024-05-25T23:00:00Z,6972.7,20747991931
2024-05-26T00:00:00Z,7075.62,19131737737
2024-05-26T01:00:00Z,7056.81,19710767289
2024-05-26T02:00:00Z,7052.87,19433166208
2024-05-26T03:00:00Z,7056.78,19002402479
2024-05-26T04:00:00Z,6965.21,19360441956
2024-05-26T05:00:00Z,6918.88,20660260458
2024-05-26T06:00:00Z,6895.98,19165954422
2024-05-26T07:00:00Z,6873.97,19404394391
2024-05-26T08:00:00Z,6898.66,20770820483
2024-05-26T09:00:00Z,6809.96,20064155841
2024-05-26T10:00:00Z,6824.48,20270358276
2024-05-26T11:00:00Z,6896.75,20157879507
2024-05-26T12:00:00Z,6909.94,19428211973
2024-05-26T13:00:00Z,6991.04,20072006775
2024-05-26T14:00:00Z,6898.21,20889325899
2024-05-26T15:00:00Z,6894.0,19308544390
2024-05-26T16:00:00Z,6949.74,20506247076
2024-05-26T17:00:00Z,7003.16,20618094236
2024-05-26T18:00:00Z,6981.94,20789087059
2024-05-26T19:00:00Z,7048.72,19373771771
2024-05-26T20:00:00Z,7099.86,19344531795
2024-05-26T21:00:00Z,7057.66,20216059111
2024-05-26T22:00:00Z,7120.17,19090241488
2024-05-26T23:00:00Z,7095.69,20887354554
2024-05-27T00:00:00Z,7124.56,19378307843
2024-05-27T01:00:00Z,7218.37,20790822196
2024-05-27T02:00:00Z,7206.52,19895122577
2024-05-27T03:00:00Z,7265.37,20251799971
2024-05-27T04:00:00Z,7360.2,20577488481
2024-05-27T05:00:00Z,7347.63,20254915915
2024-05-27T06:00:00Z,7270.81,20498146490
2024-05-27T07:00:00Z,7353.52,20960678261
2024-05-27T08:00:00Z,7316.01,19539850558
2024-05-27T09:00:00Z,7246.37,20122725701
2024-05-27T10:00:00Z,7297.28,20467870724
2024-05-27T11:00:00Z,7296.71,20722700912
2024-05-27T12:00:00Z,7368.31,19734015129
2024-05-27T13:00:00Z,7293.24,19055211952
2024-05-27T14:00:00Z,7309.16,19854887494
2024-05-27T15:00:00Z,7282.84,19774737811
2024-05-27T16:00:00Z,7304.47,19745296180
2024-05-27T17:00:00Z,7206.87,19747075546
2024-05-27T18:00:00Z,7117.56,20842591312
2024-05-27T19:00:00Z,7127.25,20501762260
2024-05-27T20:00:00Z,7217.96,19767642396
2024-05-27T21:00:00Z,7193.42,19140604636
2024-05-27T22:00:00Z,7236.95,20685926421
2024-05-27T23:00:00Z,7234.53,19230774729
2024-05-28T00:00:00Z,7283.14,19049140799
2024-05-28T01:00:00Z,7306.6,19910468097
2024-05-28T02:00:00Z,7348.2,19920098571
2024-05-28T03:00:00Z,7301.29,19310232088
2024-05-28T04:00:00Z,7345.9,19264170807
2024-05-28T05:00:00Z,7250.31,20928639476
2024-05-28T06:00:00Z,7311.42,19933437527
2024-05-28T07:00:00Z,7345.75,19241918913
2024-05-28T08:00:00Z,7340.48,20185990833
2024-05-28T09:00:00Z,7308.42,20808603633
2024-05-28T10:00:00Z,7277.07,19101557947
2024-05-28T11:00:00Z,7300.42,19333948368
2024-05-28T12:00:00Z,7213.31,19380534950
2024-05-28T13:00:00Z,7133.9,19539980782
2024-05-28T14:00:00Z,7100.14,20930824481
2024-05-28T15:00:00Z,7006.06,19540598342
2024-05-28T16:00:00Z,6977.02,20812970371
2024-05-28T17:00:00Z,7050.98,19564887491
2024-05-28T18:00:00Z,7062.66,20032318517
2024-05-28T19:00:00Z,7032.09,20215304295
2024-05-28T20:00:00Z,7000.85,19558797557
2024-05-28T21:00:00Z,6939.5,20275786831
2024-05-28T22:00:00Z,7022.99,19248688890
2024-05-28T23:00:00Z,6989.46,20845330939
2024-05-29T00:00:00Z,7011.92,19153693664
2024-05-29T01:00:00Z,7081.23,19439335579
2024-05-29T02:00:00Z,7071.76,20345239228
2024-05-29T03:00:00Z,6976.03,20345342281
2024-05-29T04:00:00Z,7028.26,20427885155
2024-05-29T05:00:00Z,7125.87,20380457567
2024-05-29T06:00:00Z,7173.05,20916567948
2024-05-29T07:00:00Z,7145.69,20961282782
2024-05-29T08:00:00Z,7219.56,19450709625
2024-05-29T09:00:00Z,7163.84,19850017207
2024-05-29T10:00:00Z,7145.37,20202484373
2024-05-29T11:00:00Z,7165.21,20652512728
2024-05-29T12:00:00Z,7228.52,20363911292
2024-05-29T13:00:00Z,7223.17,19947164685
2024-05-29T14:00:00Z,7218.49,19868916423
2024-05-29T15:00:00Z,7300.7,19406013501
2024-05-29T16:00:00Z,7324.08,19494161773
2024-05-29T17:00:00Z,7290.13,20821388984
2024-05-29T18:00:00Z,7314.81,19722386160
2024-05-29T19:00:00Z,7331.17,19999122975
2024-05-29T20:00:00Z,7361.38,19399751548
2024-05-29T21:00:00Z,7251.59,20475168666
2024-05-29T22:00:00Z,7282.89,20389283860
2024-05-29T23:00:00Z,7183.02,20252041921
2024-05-30T00:00:00Z,7171.54,19514971247
2024-05-30T01:00:00Z,7124.75,20935432215
2024-05-30T02:00:00Z,7130.25,19890153793
2024-05-30T03:00:00Z,7074.79,20465877770
2024-05-30T04:00:00Z,7028.88,19285683480
2024-05-30T05:00:00Z,7076.75,19519430753
2024-05-30T06:00:00Z,7027.65,19825997733
2024-05-30T07:00:00Z,7128.23,20909550226
2024-05-30T08:00:00Z,7142.21,20019836173
2024-05-30T09:00:00Z,7175.47,19994732331
2024-05-30T10:00:00Z,7068.43,20520044139
2024-05-30T11:00:00Z,7155.47,20983721649
2024-05-30T12:00:00Z,7242.25,20410531697
2024-05-30T13:00:00Z,7223.09,19373223754
2024-05-30T14:00:00Z,7146.27,20573805730
2024-05-30T15:00:00Z,7176.14,20645136197
2024-05-30T16:00:00Z,7246.83,19140012923
2024-05-30T17:00:00Z,7215.38,19452674061
2024-05-30T18:00:00Z,7132.76,20530495762
2024-05-30T19:00:00Z,7052.55,20943133538
2024-05-30T20:00:00Z,7002.42,20296327087
2024-05-30T21:00:00Z,7012.67,20819506540
2024-05-30T22:00:00Z,6949.95,20150785291
2024-05-30T23:00:00Z,7045.95,19581914346
2024-05-31T00:00:00Z,6949.0,19799563459
2024-05-31T01:00:00Z,6977.59,19545464174
2024-05-31T02:00:00Z,7034.34,19767062929
2024-05-31T03:00:00Z,7046.44,20388724713
2024-05-31T04:00:00Z,6958.27,19273027900
2024-05-31T05:00:00Z,6966.13,19177309670
2024-05-31T06:00:00Z,7060.89,19370739974
2024-05-31T07:00:00Z,7033.66,20447983074
2024-05-31T08:00:00Z,6930.34,20310021247
2024-05-31T09:00:00Z,6828.5,20112640759
2024-05-31T10:00:00Z,6869.31,19331804473
2024-05-31T11:00:00Z,6867.27,19511096941
2024-05-31T12:00:00Z,6902.87,20137101738
2024-05-31T13:00:00Z,6884.69,19076605031
2024-05-31T14:00:00Z,6905.09,20288409946
2024-05-31T15:00:00Z,6938.98,20272397664
2024-05-31T16:00:00Z,6847.36,20126648214
2024-05-31T17:00:00Z,6774.66,19298658434
2024-05-31T18:00:00Z,6768.17,20280425589
2024-05-31T19:00:00Z,6714.57,20282769281
2024-05-31T20:00:00Z,6675.57,19846919984
2024-05-31T21:00:00Z,6609.48,20132149260
2024-05-31T22:00:00Z,6549.05,19641305621
2024-05-31T23:00:00Z,6590.01,19975112104
2024-06-01T00:00:00Z,6541.85,19369445706
2024-06-01T01:00:00Z,6502.87,20556428856
2024-06-01T02:00:00Z,6459.71,20436422326
2024-06-01T03:00:00Z,6471.13,19136053405
2024-06-01T04:00:00Z,6468.58,19486548462
2024-06-01T05:00:00Z,6419.29,19684590565
2024-06-01T06:00:00Z,6459.63,20613781550
2024-06-01T07:00:00Z,6422.89,19425604342
2024-06-01T08:00:00Z,6470.93,19313671584
2024-06-01T09:00:00Z,6491.06,19795440725
2024-06-01T10:00:00Z,6557.77,20417058082
2024-06-01T11:00:00Z,6653.12,20653398594
2024-06-01T12:00:00Z,6731.22,19031777957
2024-06-01T13:00:00Z,6693.74,20670504047
2024-06-01T14:00:00Z,6693.04,20361111152
2024-06-01T15:00:00Z,6723.6,19963157921
2024-06-01T16:00:00Z,6640.09,20346676772
2024-06-01T17:00:00Z,6633.03,19891061059
2024-06-01T18:00:00Z,6600.03,19521171279
2024-06-01T19:00:00Z,6526.85,20809738749
2024-06-01T20:00:00Z,6597.44,20313527179
2024-06-01T21:00:00Z,6530.56,19348449577
2024-06-01T22:00:00Z,6576.3,19359537552
2024-06-01T23:00:00Z,6618.38,19850688295
2024-06-02T00:00:00Z,6587.62,19384794201
2024-06-02T01:00:00Z,6557.21,20517563653
2024-06-02T02:00:00Z,6615.58,19740552955
2024-06-02T03:00:00Z,6612.05,19922546321
2024-06-02T04:00:00Z,6534.57,19315933864
2024-06-02T05:00:00Z,6566.45,19246474698
2024-06-02T06:00:00Z,6628.87,19567039613
2024-06-02T07:00:00Z,6554.24,19969515939
2024-06-02T08:00:00Z,6558.93,20535783837
2024-06-02T09:00:00Z,6581.47,19810664229
2024-06-02T10:00:00Z,6531.77,19814833469
2024-06-02T11:00:00Z,6497.39,20164186163
2024-06-02T12:00:00Z,6529.74,20135185905
2024-06-02T13:00:00Z,6464.62,19350423025
2024-06-02T14:00:00Z,6457.17,20321442509
2024-06-02T15:00:00Z,6477.83,20715693420
2024-06-02T16:00:00Z,6455.77,19621589303
2024-06-02T17:00:00Z,6542.4,19473948236
2024-06-02T18:00:00Z,6474.15,19253510442
2024-06-02T19:00:00Z,6505.6,20737057787
2024-06-02T20:00:00Z,6497.59,19092480202
2024-06-02T21:00:00Z,6442.61,19956210946
2024-06-02T22:00:00Z,6387.0,20107750639
2024-06-02T23:00:00Z,6425.61,20352347554
2024-06-03T00:00:00Z,6439.4,20506496713
2024-06-03T01:00:00Z,6510.39,19529684559
2024-06-03T02:00:00Z,6602.32,19562994391
2024-06-03T03:00:00Z,6630.01,20727871128
2024-06-03T04:00:00Z,6658.87,20093448803
2024-06-03T05:00:00Z,6609.66,20890536308
2024-06-03T06:00:00Z,6685.3,19004857531
2024-06-03T07:00:00Z,6682.1,20364071537
2024-06-03T08:00:00Z,6656.28,19875625339
2024-06-03T09:00:00Z,6658.05,20497810925
2024-06-03T10:00:00Z,6716.93,19056694647
2024-06-03T11:00:00Z,6713.05,19103077285
2024-06-03T12:00:00Z,6621.43,19643687520
2024-06-03T13:00:00Z,6647.81,20385372684
2024-06-03T14:00:00Z,6600.2,19973474399
2024-06-03T15:00:00Z,6671.88,19346956761
2024-06-03T16:00:00Z,6690.69,19237702099
2024-06-03T17:00:00Z,6677.91,20560828757
2024-06-03T18:00:00Z,6696.86,20481740830
2024-06-03T19:00:00Z,6697.5,19162143648
2024-06-03T20:00:00Z,6780.93,20348795027
2024-06-03T21:00:00Z,6823.38,20235679251
2024-06-03T22:00:00Z,6798.75,20537551899
2024-06-03T23:00:00Z,6818.0,19983539474
2024-06-04T00:00:00Z,6896.05,20950605065
2024-06-04T01:00:00Z,6976.5,20730005007
2024-06-04T02:00:00Z,6987.07,19051095676
2024-06-04T03:00:00Z,6995.5,20565894046
2024-06-04T04:00:00Z,6904.42,19671348946
2024-06-04T05:00:00Z,6955.95,19976880367
2024-06-04T06:00:00Z,6897.3,19716818361
2024-06-04T07:00:00Z,6972.97,19740580396
2024-06-04T08:00:00Z,7030.13,20682894379
2024-06-04T09:00:00Z,7123.74,19201637714
2024-06-04T10:00:00Z,7205.7,19859766637
2024-06-04T11:00:00Z,7313.35,20904133288
2024-06-04T12:00:00Z,7394.37,19173369407
2024-06-04T13:00:00Z,7442.62,20777149019
2024-06-04T14:00:00Z,7332.94,19002378145
2024-06-04T15:00:00Z,7375.45,20239737656
2024-06-04T16:00:00Z,7406.49,19687124806
2024-06-04T17:00:00Z,7406.98,19443634345
2024-06-04T18:00:00Z,7494.38,19935576713
2024-06-04T19:00:00Z,7426.12,19852972603
2024-06-04T20:00:00Z,7466.86,19033399815
2024-06-04T21:00:00Z,7433.4,20018567135
2024-06-04T22:00:00Z,7445.59,20464359563
2024-06-04T23:00:00Z,7541.2,20237548794
2024-06-05T00:00:00Z,7505.79,20897524902
2024-06-05T01:00:00Z,7589.16,19912584264
2024-06-05T02:00:00Z,7628.49,19698453778
2024-06-05T03:00:00Z,7595.48,19898043302
2024-06-05T04:00:00Z,7516.04,20983858351
2024-06-05T05:00:00Z,7627.7,20022525816
2024-06-05T06:00:00Z,7721.02,20581799043
2024-06-05T07:00:00Z,7724.12,20770334825
2024-06-05T08:00:00Z,7795.07,20446924635
2024-06-05T09:00:00Z,7790.22,19434953646
2024-06-05T10:00:00Z,7880.28,19555181863
2024-06-05T11:00:00Z,7782.43,20482764125
2024-06-05T12:00:00Z,7775.56,20788373083
2024-06-05T13:00:00Z,7781.42,20031322457
2024-06-05T14:00:00Z,7712.72,20726888070
2024-06-05T15:00:00Z,7667.0,19675367966
2024-06-05T16:00:00Z,7705.63,20110713422
2024-06-05T17:00:00Z,7742.93,20487436615
2024-06-05T18:00:00Z,7700.22,19608792159
2024-06-05T19:00:00Z,7767.26,19353823548
2024-06-05T20:00:00Z,7775.22,19566860325
2024-06-05T21:00:00Z,7868.68,20791402245
2024-06-05T22:00:00Z,7882.23,20430126312
2024-06-05T23:00:00Z,7870.49,19265376068
2024-06-06T00:00:00Z,7819.51,20244479489
2024-06-06T01:00:00Z,7724.23,20469125048
2024-06-06T02:00:00Z,7613.99,19845170928
2024-06-06T03:00:00Z,7721.56,20889254724
2024-06-06T04:00:00Z,7619.9,20527145710
2024-06-06T05:00:00Z,7572.1,20979315472
2024-06-06T06:00:00Z,7515.66,20531598690
2024-06-06T07:00:00Z,7586.66,20292874204
2024-06-06T08:00:00Z,7521.13,19672012337
2024-06-06T09:00:00Z,7583.14,20926032160
2024-06-06T10:00:00Z,7668.08,20073782226
2024-06-06T11:00:00Z,7556.23,20411594059
2024-06-06T12:00:00Z,7528.69,19177879724
2024-06-06T13:00:00Z,7551.25,20396019536
2024-06-06T14:00:00Z,7600.18,19065136955
2024-06-06T15:00:00Z,7630.64,19041209509
2024-06-06T16:00:00Z,7580.56,20900590637
2024-06-06T17:00:00Z,7657.3,20499610154
2024-06-06T18:00:00Z,7675.81,19033572219
2024-06-06T19:00:00Z,7645.91,20221499560
2024-06-06T20:00:00Z,7552.32,19465497943
2024-06-06T21:00:00Z,7485.13,19021403021
2024-06-06T22:00:00Z,7481.1,19186673744
2024-06-06T23:00:00Z,7484.99,20300532860
2024-06-07T00:00:00Z,7482.04,20834892751
2024-06-07T01:00:00Z,7544.33,20941987573
2024-06-07T02:00:00Z,7435.3,19823215867
2024-06-07T03:00:00Z,7328.28,20888323041
2024-06-07T04:00:00Z,7302.97,19265638509
2024-06-07T05:00:00Z,7388.2,19155949762
2024-06-07T06:00:00Z,7481.53,20476620300
2024-06-07T07:00:00Z,7525.95,19037987538
2024-06-07T08:00:00Z,7522.58,20714754381
2024-06-07T09:00:00Z,7561.93,20393830425
2024-06-07T10:00:00Z,7520.72,20510432159
2024-06-07T11:00:00Z,7483.87,19067539855
2024-06-07T12:00:00Z,7426.53,20884318527
2024-06-07T13:00:00Z,7485.54,20920404567
2024-06-07T14:00:00Z,7446.45,19063815367
2024-06-07T15:00:00Z,7416.67,20455762717
2024-06-07T16:00:00Z,7334.03,19751192720
2024-06-07T17:00:00Z,7426.73,19523680054
2024-06-07T18:00:00Z,7362.22,19353412881
2024-06-07T19:00:00Z,7318.51,19730689185
2024-06-07T20:00:00Z,7364.55,20173366326
2024-06-07T21:00:00Z,7429.33,19265694318
2024-06-07T22:00:00Z,7389.23,20505594312
2024-06-07T23:00:00Z,7419.59,20596098841
2024-06-08T00:00:00Z,7438.02,19135946779
2024-06-08T01:00:00Z,7447.92,20483386239
2024-06-08T02:00:00Z,7553.05,19866943686
2024-06-08T03:00:00Z,7574.19,20022603841
2024-06-08T04:00:00Z,7654.97,19288264060
2024-06-08T05:00:00Z,7689.86,19764990416
2024-06-08T06:00:00Z,7753.65,20026528382
2024-06-08T07:00:00Z,7861.33,20770002328
2024-06-08T08:00:00Z,7911.04,19233695894
2024-06-08T09:00:00Z,7829.71,19518154391
2024-06-08T10:00:00Z,7757.61,19198237474
2024-06-08T11:00:00Z,7645.14,19212572088
2024-06-08T12:00:00Z,7557.53,20015877940
2024-06-08T13:00:00Z,7622.95,19400088912
2024-06-08T14:00:00Z,7698.23,20937036913
2024-06-08T15:00:00Z,7608.23,20616306173
2024-06-08T16:00:00Z,7526.13,20966278289
2024-06-08T17:00:00Z,7606.75,19662178810
2024-06-08T18:00:00Z,7553.54,20491165258
2024-06-08T19:00:00Z,7589.0,19819204252
2024-06-08T20:00:00Z,7689.61,20810511812
2024-06-08T21:00:00Z,7701.79,19214556730
2024-06-08T22:00:00Z,7745.61,19804637986
2024-06-08T23:00:00Z,7856.89,19259100378
2024-06-09T00:00:00Z,7887.87,20224762485
2024-06-09T01:00:00Z,7907.63,19487227680
2024-06-09T02:00:00Z,7918.22,20945623776
2024-06-09T03:00:00Z,7986.05,20137221537
2024-06-09T04:00:00Z,7901.07,19489672551
2024-06-09T05:00:00Z,7912.63,19007129889
2024-06-09T06:00:00Z,7794.09,19421702539
2024-06-09T07:00:00Z,7750.97,20048852665
2024-06-09T08:00:00Z,7866.4,20580669049
2024-06-09T09:00:00Z,7964.38,19196686613
2024-06-09T10:00:00Z,7917.2,20695229277
2024-06-09T11:00:00Z,8008.9,19733427484
2024-06-09T12:00:00Z,8100.22,19553258220
2024-06-09T13:00:00Z,8006.05,19577084405
2024-06-09T14:00:00Z,7968.13,20404696628
2024-06-09T15:00:00Z,8056.84,19340392573
2024-06-09T16:00:00Z,7960.49,20570258454
2024-06-09T17:00:00Z,8056.4,20914497393
2024-06-09T18:00:00Z,7967.39,20621551005
2024-06-09T19:00:00Z,7941.98,19788867200
2024-06-09T20:00:00Z,7837.25,19612752300
2024-06-09T21:00:00Z,7918.77,19261861254
2024-06-09T22:00:00Z,7987.93,19379979122
2024-06-09T23:00:00Z,8027.23,19215468254
2024-06-10T00:00:00Z,8004.87,19343530754
2024-06-10T01:00:00Z,8097.31,20335485282
2024-06-10T02:00:00Z,8182.52,20920162543
2024-06-10T03:00:00Z,8107.68,19901052174
2024-06-10T04:00:00Z,8198.89,20194158329
2024-06-10T05:00:00Z,8316.7,20003310837
2024-06-10T06:00:00Z,8199.09,19978884525
2024-06-10T07:00:00Z,8247.52,20755628062
2024-06-10T08:00:00Z,8256.59,20079349410
2024-06-10T09:00:00Z,8210.2,20127208937
2024-06-10T10:00:00Z,8258.14,20704362977
2024-06-10T11:00:00Z,8282.55,20051767573
2024-06-10T12:00:00Z,8375.35,19537240360
2024-06-10T13:00:00Z,8407.25,20558980698
2024-06-10T14:00:00Z,8485.78,19113690116
2024-06-10T15:00:00Z,8611.77,19734205327
2024-06-10T16:00:00Z,8493.11,20165468477
2024-06-10T17:00:00Z,8582.58,19296340600
2024-06-10T18:00:00Z,8549.82,19190525390
2024-06-10T19:00:00Z,8508.98,20772171351
2024-06-10T20:00:00Z,8630.42,20695184460
2024-06-10T21:00:00Z,8543.92,20753013280
2024-06-10T22:00:00Z,8576.05,19255316688
2024-06-10T23:00:00Z,8702.36,20425906368
2024-06-11T00:00:00Z,8668.55,20105869153
2024-06-11T01:00:00Z,8554.83,20825457565
2024-06-11T02:00:00Z,8660.24,19516498561
2024-06-11T03:00:00Z,8698.79,19407128927
2024-06-11T04:00:00Z,8771.78,19661897232
2024-06-11T05:00:00Z,8761.49,20127472838
2024-06-11T06:00:00Z,8696.54,19822129596
2024-06-11T07:00:00Z,8789.38,19369099570
2024-06-11T08:00:00Z,8920.08,19732061535
2024-06-11T09:00:00Z,8826.85,19221500343
2024-06-11T10:00:00Z,8707.46,19157384247
2024-06-11T11:00:00Z,8651.02,19378815360
2024-06-11T12:00:00Z,8584.87,20889859562
2024-06-11T13:00:00Z,8685.79,20224844168
2024-06-11T14:00:00Z,8586.98,20860959430
2024-06-11T15:00:00Z,8659.09,20740330121
2024-06-11T16:00:00Z,8613.12,20601493653
2024-06-11T17:00:00Z,8702.44,19363371119
2024-06-11T18:00:00Z,8771.05,19811605598
2024-06-11T19:00:00Z,8650.69,19044875335
2024-06-11T20:00:00Z,8549.58,20793048950
2024-06-11T21:00:00Z,8494.54,19398954299
2024-06-11T22:00:00Z,8609.12,19344083012
2024-06-11T23:00:00Z,8620.69,20584653616
2024-06-12T00:00:00Z,8497.91,20930829785
2024-06-12T01:00:00Z,8537.99,19631786749
2024-06-12T02:00:00Z,8480.08,19478335545
2024-06-12T03:00:00Z,8429.8,19169293010
2024-06-12T04:00:00Z,8359.77,20433941477
2024-06-12T05:00:00Z,8352.48,20419119298
2024-06-12T06:00:00Z,8360.54,19367444686
2024-06-12T07:00:00Z,8444.42,19894175957
2024-06-12T08:00:00Z,8482.49,19684970228
2024-06-12T09:00:00Z,8493.93,20850154716
2024-06-12T10:00:00Z,8428.55,20754430345
2024-06-12T11:00:00Z,8408.7,19800686404
2024-06-12T12:00:00Z,8302.87,19901899151
2024-06-12T13:00:00Z,8271.7,19032949314
2024-06-12T14:00:00Z,8302.15,20623626184
2024-06-12T15:00:00Z,8288.29,19848615790
2024-06-12T16:00:00Z,8303.27,19551355122
2024-06-12T17:00:00Z,8387.47,19904169997
2024-06-12T18:00:00Z,8424.95,19402232986
2024-06-12T19:00:00Z,8512.61,20440237539
2024-06-12T20:00:00Z,8627.41,20583959942
2024-06-12T21:00:00Z,8664.81,19551771513
2024-06-12T22:00:00Z,8769.53,19084196897
2024-06-12T23:00:00Z,8830.62,19916044827
2024-06-13T00:00:00Z,8822.28,19312700405
2024-06-13T01:00:00Z,8918.12,19696395836
2024-06-13T02:00:00Z,8961.08,20899399419
2024-06-13T03:00:00Z,8981.21,19116966922
2024-06-13T04:00:00Z,8901.05,20266663498
2024-06-13T05:00:00Z,8902.89,20521041897
2024-06-13T06:00:00Z,8968.37,20714802516
2024-06-13T07:00:00Z,8976.29,20931858276
2024-06-13T08:00:00Z,8852.68,20025449823
2024-06-13T09:00:00Z,8809.35,20031241889
2024-06-13T10:00:00Z,8902.98,20067322232
2024-06-13T11:00:00Z,8997.25,20063586693
2024-06-13T12:00:00Z,9040.33,20824943241
2024-06-13T13:00:00Z,8955.55,19940558698
2024-06-13T14:00:00Z,8876.45,20426824728
2024-06-13T15:00:00Z,8810.49,20558604931
2024-06-13T16:00:00Z,8904.59,20362387425
2024-06-13T17:00:00Z,8871.28,20023126921
2024-06-13T18:00:00Z,8948.84,19415947596
2024-06-13T19:00:00Z,9076.28,20010509112
2024-06-13T20:00:00Z,9066.64,20995405787
2024-06-13T21:00:00Z,9053.19,19724252052
2024-06-13T22:00:00Z,9109.76,20213906471
2024-06-13T23:00:00Z,9148.96,20830749239
2024-06-14T00:00:00Z,9125.76,20926888585
2024-06-14T01:00:00Z,9038.99,20129918037
2024-06-14T02:00:00Z,9081.94,20671752176
2024-06-14T03:00:00Z,9113.0,20296775260
2024-06-14T04:00:00Z,9041.89,19240109575
2024-06-14T05:00:00Z,9101.19,19969863073
2024-06-14T06:00:00Z,8979.13,19067402083
2024-06-14T07:00:00Z,8996.75,20485868774
2024-06-14T08:00:00Z,8933.58,20113510657
2024-06-14T09:00:00Z,9040.83,19450847168
2024-06-14T10:00:00Z,8920.89,19743991170
2024-06-14T11:00:00Z,8792.45,20467551584
2024-06-14T12:00:00Z,8683.08,19989135734
2024-06-14T13:00:00Z,8744.53,19785757596
2024-06-14T14:00:00Z,8754.72,19085621598
2024-06-14T15:00:00Z,8639.57,20463912879
2024-06-14T16:00:00Z,8649.32,20396134526
2024-06-14T17:00:00Z,8607.09,20640872861
2024-06-14T18:00:00Z,8522.82,20625587265
2024-06-14T19:00:00Z,8430.4,20775085834
2024-06-14T20:00:00Z,8533.13,19015631616
2024-06-14T21:00:00Z,8571.27,19129503394
2024-06-14T22:00:00Z,8594.07,20664902303
2024-06-14T23:00:00Z,8561.12,19439702015
2024-06-15T00:00:00Z,8641.77,20347289652
2024-06-15T01:00:00Z,8676.93,19484418531
2024-06-15T02:00:00Z,8650.62,19644385995
2024-06-15T03:00:00Z,8729.11,20158941899
2024-06-15T04:00:00Z,8792.64,19251689807
2024-06-15T05:00:00Z,8675.56,20729411981
2024-06-15T06:00:00Z,8774.73,19453164594
2024-06-15T07:00:00Z,8747.96,20227438716
2024-06-15T08:00:00Z,8618.02,20764077446
2024-06-15T09:00:00Z,8638.58,20939006125
2024-06-15T10:00:00Z,8723.84,20034034291
2024-06-15T11:00:00Z,8815.97,20927245037
2024-06-15T12:00:00Z,8879.94,20727129043
2024-06-15T13:00:00Z,8876.27,19868831279
2024-06-15T14:00:00Z,8912.28,20118824972
2024-06-15T15:00:00Z,9012.51,19808869843
2024-06-15T16:00:00Z,9035.02,20236875064
2024-06-15T17:00:00Z,9005.98,19351059628
2024-06-15T18:00:00Z,8925.7,20207221244
2024-06-15T19:00:00Z,8846.72,20258887756
2024-06-15T20:00:00Z,8855.85,19998548260
2024-06-15T21:00:00Z,8882.55,19780656976
2024-06-15T22:00:00Z,8759.21,19617995960
2024-06-15T23:00:00Z,8633.39,19091190826
2024-06-16T00:00:00Z,8576.94,20452869416
2024-06-16T01:00:00Z,8575.9,20704727912
2024-06-16T02:00:00Z,8569.43,20131048379
2024-06-16T03:00:00Z,8481.79,19563884099
2024-06-16T04:00:00Z,8407.54,20926235938
2024-06-16T05:00:00Z,8298.22,20613133955
2024-06-16T06:00:00Z,8392.19,19743978358
2024-06-16T07:00:00Z,8291.62,20090085085
2024-06-16T08:00:00Z,8273.67,20264681317
2024-06-16T09:00:00Z,8344.79,20369305109
2024-06-16T10:00:00Z,8372.53,20986645971
2024-06-16T11:00:00Z,8474.03,20821950757
2024-06-16T12:00:00Z,8527.91,19193238260
2024-06-16T13:00:00Z,8508.41,20363611832
2024-06-16T14:00:00Z,8506.2,19268811499
2024-06-16T15:00:00Z,8380.16,20649950667
2024-06-16T16:00:00Z,8288.55,20936516119
2024-06-16T17:00:00Z,8248.04,19611481698
2024-06-16T18:00:00Z,8309.36,19110260911
2024-06-16T19:00:00Z,8342.31,19631840046
2024-06-16T20:00:00Z,8274.87,20309876039
2024-06-16T21:00:00Z,8283.7,20648284759
2024-06-16T22:00:00Z,8314.71,19598067481
2024-06-16T23:00:00Z,8245.3,20882419759
2024-06-17T00:00:00Z,8261.99,20055819487
2024-06-17T01:00:00Z,8212.05,20813597816
2024-06-17T02:00:00Z,8156.88,19437084019
2024-06-17T03:00:00Z,8061.37,19706752403
2024-06-17T04:00:00Z,7967.08,20448822374
2024-06-17T05:00:00Z,8065.9,19530519754
2024-06-17T06:00:00Z,8127.41,19331599012
2024-06-17T07:00:00Z,8123.38,19088061476
2024-06-17T08:00:00Z,8183.81,19130565636
2024-06-17T09:00:00Z,8106.93,20754229025
2024-06-17T10:00:00Z,8192.73,20853868710
2024-06-17T11:00:00Z,8247.43,20111914302
2024-06-17T12:00:00Z,8274.3,20702948750
2024-06-17T13:00:00Z,8159.28,19636300858
2024-06-17T14:00:00Z,8095.53,19044355881
2024-06-17T15:00:00Z,8077.94,20877643635
2024-06-17T16:00:00Z,8193.68,20374912064
2024-06-17T17:00:00Z,8265.46,19139701093
2024-06-17T18:00:00Z,8295.58,20602661070
2024-06-17T19:00:00Z,8415.23,19115698030
2024-06-17T20:00:00Z,8344.2,19709907809
2024-06-17T21:00:00Z,8266.48,20108780808
2024-06-17T22:00:00Z,8312.79,20356581459
2024-06-17T23:00:00Z,8340.37,20648395336
2024-06-18T00:00:00Z,8344.6,20802848475
2024-06-18T01:00:00Z,8330.77,20782179812
2024-06-18T02:00:00Z,8263.5,19188699704
2024-06-18T03:00:00Z,8359.73,19994603495
2024-06-18T04:00:00Z,8263.76,19436337985
2024-06-18T05:00:00Z,8229.99,19174491675
2024-06-18T06:00:00Z,8266.82,20019753239
2024-06-18T07:00:00Z,8196.6,20809764683
2024-06-18T08:00:00Z,8144.18,20545949123
2024-06-18T09:00:00Z,8221.32,20803889895
2024-06-18T10:00:00Z,8265.91,19694711725
2024-06-18T11:00:00Z,8307.39,19200413295
2024-06-18T12:00:00Z,8414.43,19272001427
2024-06-18T13:00:00Z,8528.3,19659038371
2024-06-18T14:00:00Z,8403.69,19648203515
2024-06-18T15:00:00Z,8486.42,20742801374
2024-06-18T16:00:00Z,8364.44,19754152752
2024-06-18T17:00:00Z,8299.01,19421023190
2024-06-18T18:00:00Z,8254.09,19745850493
2024-06-18T19:00:00Z,8271.82,20022954373
2024-06-18T20:00:00Z,8347.12,19932960203
2024-06-18T21:00:00Z,8223.77,19897136415
2024-06-18T22:00:00Z,8315.59,20643560384
2024-06-18T23:00:00Z,8321.59,20409106008
2024-06-19T00:00:00Z,8241.16,19432258438
2024-06-19T01:00:00Z,8236.84,20503832002
2024-06-19T02:00:00Z,8246.32,20589806549
2024-06-19T03:00:00Z,8354.37,19203449817
2024-06-19T04:00:00Z,8302.84,19297041613
2024-06-19T05:00:00Z,8236.8,20417577876
2024-06-19T06:00:00Z,8216.84,20544908964
2024-06-19T07:00:00Z,8175.34,19221773586
2024-06-19T08:00:00Z,8167.33,20687080294
2024-06-19T09:00:00Z,8109.72,19152833553
2024-06-19T10:00:00Z,8034.96,20255406169
2024-06-19T11:00:00Z,7933.93,19383314501
2024-06-19T12:00:00Z,7949.84,19884435091
2024-06-19T13:00:00Z,8000.77,19612043948
2024-06-19T14:00:00Z,7896.94,20312939932
2024-06-19T15:00:00Z,7876.25,20352726459
2024-06-19T16:00:00Z,7841.38,19701533113
2024-06-19T17:00:00Z,7941.84,19817032230
2024-06-19T18:00:00Z,7868.48,19306387660
2024-06-19T19:00:00Z,7914.55,19259331226
2024-06-19T20:00:00Z,7910.6,19356102206
2024-06-19T21:00:00Z,7978.05,19538085189
2024-06-19T22:00:00Z,8014.25,20077061302
2024-06-19T23:00:00Z,8086.71,20089032064
2024-06-20T00:00:00Z,8054.37,20906095750
2024-06-20T01:00:00Z,8038.68,20154222842
2024-06-20T02:00:00Z,7979.65,20359718311
2024-06-20T03:00:00Z,7954.04,20402659227
2024-06-20T04:00:00Z,7905.18,20990387889
2024-06-20T05:00:00Z,7916.13,20042478253
2024-06-20T06:00:00Z,7831.09,19285127996
2024-06-20T07:00:00Z,7719.4,19155455969
2024-06-20T08:00:00Z,7778.14,20355898234
2024-06-20T09:00:00Z,7840.35,19412253676
2024-06-20T10:00:00Z,7927.36,20033066552
2024-06-20T11:00:00Z,7849.12,19821371768
2024-06-20T12:00:00Z,7779.81,20248518890
2024-06-20T13:00:00Z,7794.69,19255796130
2024-06-20T14:00:00Z,7729.69,19604213024
2024-06-20T15:00:00Z,7842.24,20864215716
2024-06-20T16:00:00Z,7781.5,19876485982
2024-06-20T17:00:00Z,7797.67,20641489672
2024-06-20T18:00:00Z,7894.57,20926990015
2024-06-20T19:00:00Z,8005.9,19693727794
2024-06-20T20:00:00Z,8004.44,19477473276
2024-06-20T21:00:00Z,7908.17,19440395508
2024-06-20T22:00:00Z,7892.38,20773150608
2024-06-20T23:00:00Z,7840.67,19670024968
2024-06-21T00:00:00Z,7814.65,20430917663
2024-06-21T01:00:00Z,7820.64,19209684407
2024-06-21T02:00:00Z,7716.2,20428081164
2024-06-21T03:00:00Z,7748.5,20612272465
2024-06-21T04:00:00Z,7700.48,20876963233
2024-06-21T05:00:00Z,7589.59,19846386344
2024-06-21T06:00:00Z,7530.39,19690903333
2024-06-21T07:00:00Z,7598.3,20195101908
2024-06-21T08:00:00Z,7587.54,19669753114
2024-06-21T09:00:00Z,7488.5,19584556388
2024-06-21T10:00:00Z,7394.8,19553141579
2024-06-21T11:00:00Z,7385.26,19149212171
2024-06-21T12:00:00Z,7361.93,19623331738
2024-06-21T13:00:00Z,7438.54,20588089345
2024-06-21T14:00:00Z,7491.08,19924186940
2024-06-21T15:00:00Z,7508.6,20659814396
2024-06-21T16:00:00Z,7444.5,19723109004
2024-06-21T17:00:00Z,7432.46,20413148437
2024-06-21T18:00:00Z,7500.32,19219338318
2024-06-21T19:00:00Z,7537.0,20649355896
2024-06-21T20:00:00Z,7576.59,20240064457
2024-06-21T21:00:00Z,7623.01,19511204489
2024-06-21T22:00:00Z,7551.64,20334068228
2024-06-21T23:00:00Z,7484.03,19022915897
2024-06-22T00:00:00Z,7541.6,20562253536
2024-06-22T01:00:00Z,7606.22,19067997123
2024-06-22T02:00:00Z,7549.86,19232952741
2024-06-22T03:00:00Z,7449.64,20974823180
2024-06-22T04:00:00Z,7375.07,19902766381
2024-06-22T05:00:00Z,7485.23,20457497492
2024-06-22T06:00:00Z,7532.58,19591930942
2024-06-22T07:00:00Z,7578.45,19347040270
2024-06-22T08:00:00Z,7605.97,19596051878
2024-06-22T09:00:00Z,7667.08,20082206200
2024-06-22T10:00:00Z,7667.1,19800986932
2024-06-22T11:00:00Z,7640.52,19949695249
2024-06-22T12:00:00Z,7635.61,19342666818
2024-06-22T13:00:00Z,7635.81,20317782547
2024-06-22T14:00:00Z,7541.03,20894668315
2024-06-22T15:00:00Z,7643.66,19965095551
2024-06-22T16:00:00Z,7537.43,19499851569
2024-06-22T17:00:00Z,7477.35,19877027450
2024-06-22T18:00:00Z,7430.42,19810553374
2024-06-22T19:00:00Z,7398.2,20757279786
2024-06-22T20:00:00Z,7376.5,20737117237
2024-06-22T21:00:00Z,7373.8,19255846496
2024-06-22T22:00:00Z,7389.41,20637884096
2024-06-22T23:00:00Z,7331.87,20557179836
2024-06-23T00:00:00Z,7365.13,19086996164
2024-06-23T01:00:00Z,7385.73,19951615958
2024-06-23T02:00:00Z,7425.16,20508828780
2024-06-23T03:00:00Z,7428.37,20932496284
2024-06-23T04:00:00Z,7401.99,20407958459
2024-06-23T05:00:00Z,7402.62,19022489926
2024-06-23T06:00:00Z,7506.65,19204595580
2024-06-23T07:00:00Z,7447.36,20887334370
2024-06-23T08:00:00Z,7426.57,20797150941
2024-06-23T09:00:00Z,7524.18,20383838028
2024-06-23T10:00:00Z,7582.82,19868624697
2024-06-23T11:00:00Z,7611.02,19693115328
2024-06-23T12:00:00Z,7540.81,19587587134
2024-06-23T13:00:00Z,7613.67,20396359686
2024-06-23T14:00:00Z,7703.02,19802461481
2024-06-23T15:00:00Z,7648.62,19095036556
2024-06-23T16:00:00Z,7594.0,20677962184
2024-06-23T17:00:00Z,7592.3,20834191085
2024-06-23T18:00:00Z,7690.74,19229496847
2024-06-23T19:00:00Z,7670.57,20308496127
2024-06-23T20:00:00Z,7599.14,19150668118
2024-06-23T21:00:00Z,7584.54,19335209722
2024-06-23T22:00:00Z,7521.56,20732004786
2024-06-23T23:00:00Z,7618.15,19127100801
2024-06-24T00:00:00Z,7551.18,19505860467
2024-06-24T01:00:00Z,7521.61,19146157012
2024-06-24T02:00:00Z,7605.28,19704400374
2024-06-24T03:00:00Z,7709.8,19377547019
2024-06-24T04:00:00Z,7816.86,20425912918
2024-06-24T05:00:00Z,7878.66,20224655094
2024-06-24T06:00:00Z,7776.68,20363275115
2024-06-24T07:00:00Z,7885.08,19901099018
2024-06-24T08:00:00Z,7775.84,20729077548
2024-06-24T09:00:00Z,7737.63,20130258432
2024-06-24T10:00:00Z,7767.72,19215355283
2024-06-24T11:00:00Z,7818.1,20948314219
2024-06-24T12:00:00Z,7762.83,19866098501
2024-06-24T13:00:00Z,7876.37,20101159703
2024-06-24T14:00:00Z,7855.63,20715069898
2024-06-24T15:00:00Z,7946.75,19981886346
2024-06-24T16:00:00Z,7885.93,20964308278
2024-06-24T17:00:00Z,7791.86,19898525120
2024-06-24T18:00:00Z,7805.51,20373397794
2024-06-24T19:00:00Z,7701.12,19317774433
2024-06-24T20:00:00Z,7801.84,19474743970
2024-06-24T21:00:00Z,7821.69,19672373611
2024-06-24T22:00:00Z,7829.55,19628115894
2024-06-24T23:00:00Z,7838.94,19297540069
2024-06-25T00:00:00Z,7952.37,19730823693
2024-06-25T01:00:00Z,7841.43,19045217917
2024-06-25T02:00:00Z,7957.98,19774327370
2024-06-25T03:00:00Z,7874.52,20686131475
2024-06-25T04:00:00Z,7826.97,20941238545
2024-06-25T05:00:00Z,7886.61,19120115098
2024-06-25T06:00:00Z,7982.43,20124444941
2024-06-25T07:00:00Z,7865.32,19810505650
2024-06-25T08:00:00Z,7858.05,20944431798
2024-06-25T09:00:00Z,7913.34,20884991959
2024-06-25T10:00:00Z,7823.04,19557862905
2024-06-25T11:00:00Z,7923.17,20824691765
2024-06-25T12:00:00Z,7871.76,19522765968
2024-06-25T13:00:00Z,7820.13,20124740093
2024-06-25T14:00:00Z,7733.64,19070617547
2024-06-25T15:00:00Z,7742.75,19933630267
2024-06-25T16:00:00Z,7780.91,19329688252
2024-06-25T17:00:00Z,7784.77,19507455733
2024-06-25T18:00:00Z,7797.67,20647619320
2024-06-25T19:00:00Z,7817.64,19298223671
2024-06-25T20:00:00Z,7837.74,20094624353
2024-06-25T21:00:00Z,7721.58,19160948318
2024-06-25T22:00:00Z,7663.41,20461428460
2024-06-25T23:00:00Z,7563.83,19003768267
2024-06-26T00:00:00Z,7486.02,20455945221
2024-06-26T01:00:00Z,7450.63,20232548329
2024-06-26T02:00:00Z,7528.98,20656955649
2024-06-26T03:00:00Z,7417.97,20963382039
2024-06-26T04:00:00Z,7447.3,20270402323
2024-06-26T05:00:00Z,7407.23,20321576913
2024-06-26T06:00:00Z,7310.75,19502558048
2024-06-26T07:00:00Z,7229.91,19263392680
2024-06-26T08:00:00Z,7271.04,19813768946
2024-06-26T09:00:00Z,7176.24,20973611697
2024-06-26T10:00:00Z,7107.32,20820647548
2024-06-26T11:00:00Z,7102.94,20711833242
2024-06-26T12:00:00Z,7067.73,20057504145
2024-06-26T13:00:00Z,7041.75,20019260133
2024-06-26T14:00:00Z,7003.27,19912299578
2024-06-26T15:00:00Z,6975.95,19500922577
2024-06-26T16:00:00Z,7002.35,19110891014
2024-06-26T17:00:00Z,6959.74,20803803070
2024-06-26T18:00:00Z,6954.63,19961094614
2024-06-26T19:00:00Z,7020.97,19790563956
2024-06-26T20:00:00Z,7019.74,19322674630
2024-06-26T21:00:00Z,7103.31,20045424362
2024-06-26T22:00:00Z,7190.57,20267280709
2024-06-26T23:00:00Z,7178.67,19218311959
2024-06-27T00:00:00Z,7271.8,19654680525
2024-06-27T01:00:00Z,7360.98,19644461272
2024-06-27T02:00:00Z,7278.59,19442447926
2024-06-27T03:00:00Z,7259.49,20903250863
2024-06-27T04:00:00Z,7326.04,19369391687
2024-06-27T05:00:00Z,7276.6,20472723155
2024-06-27T06:00:00Z,7316.23,19959264889
2024-06-27T07:00:00Z,7394.87,19997122723
2024-06-27T08:00:00Z,7406.53,20224005160
2024-06-27T09:00:00Z,7385.6,19638567244
2024-06-27T10:00:00Z,7449.52,19986123030
2024-06-27T11:00:00Z,7495.32,20764017089
2024-06-27T12:00:00Z,7471.04,20319722601
2024-06-27T13:00:00Z,7508.03,20119363225
2024-06-27T14:00:00Z,7455.26,19050162045
2024-06-27T15:00:00Z,7479.05,20869745925
2024-06-27T16:00:00Z,7504.63,19006692346
2024-06-27T17:00:00Z,7486.3,20216600117
2024-06-27T18:00:00Z,7435.85,19647941733
2024-06-27T19:00:00Z,7352.04,20156340935
2024-06-27T20:00:00Z,7440.5,20780662379
2024-06-27T21:00:00Z,7407.7,19400114043
2024-06-27T22:00:00Z,7416.86,19664626617
2024-06-27T23:00:00Z,7414.61,20837650420
2024-06-28T00:00:00Z,7406.96,20632734651
2024-06-28T01:00:00Z,7510.62,20383247923
2024-06-28T02:00:00Z,7611.31,19035569292
2024-06-28T03:00:00Z,7635.38,19527270693
2024-06-28T04:00:00Z,7708.56,20402772043
2024-06-28T05:00:00Z,7597.36,19027218591
2024-06-28T06:00:00Z,7519.18,19769661375
2024-06-28T07:00:00Z,7611.18,20330584429
2024-06-28T08:00:00Z,7559.61,20985552762
2024-06-28T09:00:00Z,7607.01,20753946434
2024-06-28T10:00:00Z,7713.48,20654723406
2024-06-28T11:00:00Z,7626.0,20889113250
2024-06-28T12:00:00Z,7715.76,20705228246
2024-06-28T13:00:00Z,7748.14,19139638449
2024-06-28T14:00:00Z,7633.44,19745748583
2024-06-28T15:00:00Z,7571.92,20401163620
2024-06-28T16:00:00Z,7509.22,19180559417
2024-06-28T17:00:00Z,7426.01,19825965970
2024-06-28T18:00:00Z,7432.23,19023107369
2024-06-28T19:00:00Z,7382.49,20408144565
2024-06-28T20:00:00Z,7299.3,20018753253
2024-06-28T21:00:00Z,7241.52,19567826818
2024-06-28T22:00:00Z,7244.29,20869186342
2024-06-28T23:00:00Z,7219.22,19477291041
